Time,Day_of_week,Age_band_of_driver,Sex_of_driver,Educational_level,Vehicle_driver_relation,Driving_experience,Type_of_vehicle,Area_accident_occured,Lanes_or_Medians,Road_allignment,Types_of_Junction,Road_surface_type,Road_surface_conditions,Light_conditions,Weather_conditions,Type_of_collision,Number_of_vehicles_involved,Vehicle_movement,Casualty_class,Casualty_severity,Pedestrian_movement,Cause_of_accident,Accident_severity
671,0,0,1,4,0,0,14,2,6,5,1,0,0,0,2,8,1,4,3,3,5,10,2
435,0,4,0,4,0,0,4,6,4,5,7,0,0,3,2,8,2,7,3,3,5,1,2
485,2,3,1,4,0,1,10,2,1,5,7,3,3,0,4,8,2,2,2,1,0,5,2
181,0,1,1,1,0,1,8,6,2,6,7,0,3,3,2,6,1,2,2,2,5,1,2
430,1,3,1,4,0,2,5,6,4,5,7,0,0,0,2,6,2,2,1,2,5,1,2
323,1,0,1,2,0,2,0,7,2,5,1,0,0,3,2,8,1,4,2,2,5,1,2
546,1,1,1,4,2,2,4,6,2,6,1,0,3,0,4,2,2,2,3,3,5,1,2
685,1,1,1,4,0,3,5,6,6,7,7,0,0,0,2,8,3,4,0,2,5,10,2
1009,2,1,1,4,0,1,3,7,2,5,7,3,3,3,2,8,3,2,0,2,5,10,2
519,1,0,1,4,0,3,0,6,2,6,1,0,3,3,4,8,2,0,0,2,5,1,2
956,1,0,1,1,2,3,10,12,6,5,7,0,3,3,3,8,2,7,0,2,5,12,2
16,3,0,1,3,0,1,0,9,4,5,7,0,0,0,2,8,2,2,3,3,5,1,2
463,2,4,0,4,0,3,0,7,4,5,3,0,0,3,2,8,2,3,2,2,0,12,2
179,0,1,1,2,1,3,15,6,2,5,2,0,3,0,2,8,2,2,3,3,5,10,1
511,4,2,1,1,2,2,8,7,4,5,7,0,3,0,2,8,4,7,0,2,5,0,2
969,3,0,1,4,0,0,5,9,3,5,7,0,0,3,2,8,1,2,1,2,5,13,2
247,0,1,1,6,2,2,9,12,4,5,7,0,3,3,2,8,2,3,0,2,5,10,2
964,3,1,1,1,2,1,14,7,2,5,1,0,3,3,2,8,2,2,3,3,5,0,2
357,3,0,1,1,0,3,5,6,2,7,1,0,0,3,2,8,4,2,2,1,1,1,2
904,1,1,1,4,0,3,14,7,4,5,3,0,3,0,2,8,1,2,0,2,5,10,2
323,3,2,1,4,0,1,5,9,6,3,1,0,0,3,2,8,2,2,2,2,5,10,2
629,0,1,1,4,0,1,5,6,1,5,7,0,0,0,2,8,2,2,0,2,5,16,2
463,2,0,1,4,2,3,5,12,2,5,1,0,0,3,2,8,2,7,3,3,5,0,2
395,1,2,1,4,0,2,5,9,3,5,1,0,3,0,2,8,2,9,0,2,5,2,2
350,1,2,1,4,0,3,5,2,2,5,0,0,3,3,4,2,1,2,0,2,5,11,2
624,2,4,1,4,0,4,10,2,4,5,1,0,0,3,2,8,4,4,0,2,5,0,1
440,0,0,1,4,0,2,0,7,2,5,7,0,0,3,2,8,3,4,0,2,5,12,1
395,6,1,1,4,0,0,10,7,4,5,1,0,0,3,2,1,2,2,2,2,6,9,2
264,2,1,1,2,0,4,0,9,2,5,1,0,0,3,2,8,3,4,3,3,5,12,2
556,4,0,1,4,2,1,5,6,0,5,7,0,3,0,4,8,3,2,2,2,1,11,1
564,0,4,1,4,0,1,10,5,2,5,7,0,0,3,2,1,2,2,3,3,5,1,2
111,2,2,1,4,0,2,15,7,2,5,7,0,0,3,2,8,2,2,3,3,5,10,2
935,0,1,1,0,0,1,7,7,2,5,7,0,3,3,4,1,2,5,3,3,5,3,2
467,2,3,1,6,0,1,11,6,0,0,1,0,3,0,3,8,2,7,3,3,5,1,2
698,3,0,1,1,0,0,4,2,0,5,7,0,0,0,2,2,2,1,0,2,5,1,2
523,3,3,1,0,0,3,5,6,2,5,7,0,0,0,2,2,2,7,3,3,5,10,1
956,6,4,1,4,2,3,5,12,2,5,7,0,0,3,2,8,2,9,3,3,5,0,2
590,2,0,1,4,0,1,16,7,6,3,7,0,0,0,2,2,3,4,0,2,5,1,2
600,3,1,1,4,0,1,14,7,4,5,7,0,0,3,2,8,2,3,3,3,5,10,1
403,4,2,1,1,2,3,5,7,2,5,0,0,0,3,2,8,2,2,2,2,3,1,2
348,4,3,1,4,0,4,0,7,1,5,0,0,0,3,2,2,2,2,1,2,5,1,2
331,0,2,1,4,0,2,9,6,4,5,1,0,0,0,2,1,2,3,0,2,5,15,2
187,1,0,1,4,0,3,5,6,6,7,7,0,0,3,2,8,3,2,0,2,5,0,2
233,0,1,1,1,0,1,7,7,4,5,1,2,3,3,2,2,1,2,3,3,5,12,2
437,5,0,1,4,0,3,14,9,2,5,7,0,0,3,2,8,3,9,1,2,5,0,2
503,4,0,1,4,0,2,5,6,6,5,7,0,0,3,2,0,1,2,0,2,5,10,2
244,6,4,1,4,0,1,14,7,6,5,0,0,0,0,2,8,4,2,3,3,5,7,2
427,1,1,1,4,0,0,5,7,2,5,5,0,0,0,2,1,1,5,3,3,5,10,2
219,2,1,1,1,2,1,5,12,4,5,0,0,3,3,4,8,1,2,0,1,5,10,2
43,1,2,1,4,0,0,0,6,6,7,7,0,3,0,2,8,2,2,2,1,6,3,2
400,4,4,1,4,0,1,0,9,2,5,7,0,0,3,2,8,2,2,2,2,1,10,2
310,6,0,1,4,0,1,0,4,2,5,7,0,0,3,2,2,2,2,3,3,5,7,2
474,6,1,1,4,0,0,0,7,2,5,1,0,0,3,2,2,2,9,0,1,5,3,2
984,5,1,1,4,0,0,7,9,6,5,1,0,0,3,2,8,1,2,3,3,5,10,1
152,5,4,0,1,0,2,12,6,5,5,1,0,0,3,2,8,2,7,0,2,5,11,2
885,1,0,1,4,2,2,0,7,2,5,1,0,0,3,2,8,2,2,0,2,5,10,2
911,1,0,1,0,2,0,11,6,4,5,1,0,3,3,4,8,2,0,3,3,5,13,2
185,3,0,1,1,0,0,9,7,6,5,0,0,0,3,2,8,3,3,0,2,5,3,2
450,6,0,1,4,0,3,7,7,2,5,7,0,3,0,4,8,1,2,0,2,5,11,2
482,5,0,1,4,0,0,0,2,2,5,0,0,3,0,4,8,2,2,0,2,5,13,2
996,6,0,1,4,0,2,5,9,4,5,7,4,3,3,2,6,3,2,3,3,5,7,2
300,3,4,0,4,0,0,0,7,4,5,7,0,0,3,2,8,2,2,3,3,5,4,2
67,0,1,1,5,0,4,12,9,2,5,0,0,0,3,2,8,2,2,0,2,5,10,2
527,5,0,1,4,0,2,5,7,4,3,0,0,3,0,2,8,2,7,3,3,5,5,2
112,6,1,1,1,2,2,9,6,2,5,7,0,0,3,2,8,1,2,0,2,5,12,1
112,2,2,1,1,0,1,0,4,2,5,0,0,0,3,2,8,2,2,2,2,0,1,2
122,3,1,1,4,1,5,0,1,2,3,1,0,0,3,2,8,1,1,0,0,5,10,2
939,2,1,1,1,1,2,8,7,2,5,0,0,0,3,2,8,2,2,0,2,5,16,2
502,6,1,1,2,0,5,14,7,6,5,7,0,0,3,2,2,2,2,1,2,5,1,2
58,6,4,1,4,0,4,5,9,2,5,0,0,0,3,2,8,3,4,0,2,5,0,2
969,1,1,1,1,2,1,14,6,6,5,1,0,0,3,2,6,2,11,3,3,5,4,1
372,5,2,1,4,0,2,13,7,6,5,0,0,2,0,3,8,2,2,3,3,5,12,2
104,1,2,1,4,0,1,0,7,4,7,1,0,0,3,2,2,2,2,3,3,5,12,1
375,1,1,1,0,1,1,6,4,2,5,0,0,0,0,2,8,2,2,2,2,1,11,2
979,1,4,1,1,2,3,9,7,2,5,1,0,0,3,2,8,2,9,0,2,5,3,2
806,2,0,1,4,2,4,15,5,6,5,1,0,3,0,3,8,2,3,3,3,5,10,2
173,2,4,1,1,2,1,8,6,0,5,0,0,0,3,2,8,1,4,0,2,5,0,1
492,6,4,1,4,0,0,9,9,6,5,1,0,0,3,2,8,3,7,2,2,1,9,2
607,2,3,1,4,0,2,5,7,6,5,1,0,0,3,2,8,1,2,3,3,5,3,1
800,0,4,0,4,0,4,0,2,4,5,1,0,0,0,2,8,4,2,3,3,5,1,1
674,1,0,1,4,0,1,3,7,6,5,7,0,0,0,2,8,1,2,2,2,5,16,2
128,1,1,1,4,0,1,0,6,2,5,1,0,0,3,2,8,2,3,3,3,5,5,1
546,2,0,1,4,0,2,0,7,2,5,1,0,0,3,2,2,3,2,0,2,5,4,2
770,5,1,1,1,0,1,9,7,2,5,7,0,0,0,2,8,2,2,2,2,5,0,2
16,3,0,1,4,0,3,0,7,0,5,0,0,0,0,2,8,2,3,0,2,5,9,2
395,2,0,1,4,0,4,5,9,4,5,7,4,0,0,2,8,2,4,0,1,5,0,2
172,5,0,1,4,0,3,0,2,1,5,1,0,0,3,2,8,1,2,3,3,5,0,2
495,5,0,1,0,0,1,0,5,2,0,0,0,0,3,2,1,2,8,0,2,5,1,2
1020,2,0,1,4,0,4,0,9,0,5,0,0,3,3,4,8,3,2,2,2,1,16,2
717,0,0,1,1,0,3,5,9,6,5,1,0,0,0,2,1,1,4,3,3,5,1,2
410,1,1,1,4,2,1,5,7,4,5,1,0,0,3,2,8,1,9,3,3,5,2,1
903,0,1,1,4,0,1,6,7,4,5,7,0,0,3,2,8,2,2,2,2,1,3,1
87,3,4,0,4,0,0,5,7,2,5,3,0,3,3,4,8,4,2,3,3,5,16,2
59,6,1,1,4,0,3,10,1,2,5,0,0,0,3,7,8,2,2,3,3,5,18,2
222,4,1,1,2,0,3,5,9,4,5,1,0,0,3,7,8,2,2,3,3,5,10,2
877,6,0,1,4,0,1,5,9,1,3,3,0,3,0,2,6,2,2,3,3,5,10,0
701,3,3,1,1,1,2,9,6,4,5,1,0,0,0,2,8,3,2,0,2,5,1,2
300,5,3,1,4,0,1,7,6,2,5,7,0,0,3,2,8,1,0,3,3,5,1,2
624,3,2,1,1,0,2,9,7,6,5,1,0,0,0,5,8,1,2,0,2,5,3,2
308,4,1,1,2,0,3,14,7,4,3,7,0,0,3,2,8,1,2,3,3,5,17,2
878,3,1,1,0,0,0,5,7,1,5,1,0,3,3,4,8,2,2,3,3,5,7,2
689,2,4,1,4,0,3,5,6,4,5,7,2,0,0,2,8,2,2,3,3,5,10,2
743,3,1,1,0,0,2,0,9,4,5,0,0,0,0,2,8,2,2,2,2,0,9,2
220,2,0,1,1,0,3,3,2,6,5,1,0,0,3,2,8,2,3,0,2,5,10,2
930,4,0,1,4,0,1,5,9,2,5,0,0,0,3,2,8,2,3,2,2,3,0,2
911,5,4,1,4,2,2,5,6,2,5,0,0,3,3,2,8,1,2,3,3,5,0,2
300,4,1,1,5,2,3,3,7,4,5,7,0,0,3,2,8,2,9,0,2,5,12,2
182,6,2,1,1,0,1,3,2,6,5,0,0,0,3,2,8,2,2,3,3,5,12,2
624,0,3,1,1,1,2,3,7,4,5,7,0,0,3,2,8,2,2,0,2,5,3,2
458,6,3,1,4,0,0,5,6,2,5,1,0,0,3,2,8,2,3,0,2,5,0,2
477,4,2,1,4,0,3,0,3,4,5,7,0,3,0,4,8,1,7,0,2,5,13,2
711,4,0,1,4,0,1,5,7,2,6,7,0,0,0,2,8,2,2,2,2,1,12,2
304,2,0,1,1,0,4,11,4,4,5,7,0,3,3,2,8,1,0,0,2,5,1,2
556,4,1,1,2,2,2,14,0,4,5,7,0,3,0,4,8,3,2,3,3,5,10,1
682,1,4,1,4,0,3,3,3,1,5,1,0,3,0,3,0,4,2,0,2,5,9,2
276,3,1,1,4,0,0,7,2,2,5,7,0,0,3,2,0,3,2,3,3,5,3,2
577,6,4,1,2,0,1,11,6,2,5,7,0,3,0,2,0,2,2,3,3,5,9,2
275,1,2,1,2,0,2,5,5,6,3,0,0,0,3,2,1,2,10,3,3,5,0,2
201,3,1,1,2,2,1,0,6,0,5,1,0,0,3,2,8,2,4,0,2,5,7,2
348,3,4,1,1,0,1,4,2,4,5,7,0,0,3,7,8,2,2,3,3,5,3,2
960,5,1,1,4,0,3,4,6,4,5,7,0,0,3,2,8,2,4,1,2,5,1,2
283,6,2,1,4,0,3,7,2,4,5,7,0,0,3,2,8,2,2,0,2,5,1,2
43,1,0,1,4,0,2,8,2,2,3,3,0,0,3,2,1,1,2,0,2,5,17,2
1006,5,2,0,4,0,3,7,6,0,5,0,0,0,0,2,8,2,4,1,2,5,10,2
425,0,0,1,4,2,2,4,6,4,5,7,0,0,3,2,8,3,0,3,3,5,1,2
511,0,3,1,4,0,1,0,6,4,5,7,0,0,0,2,8,3,2,3,3,5,3,2
903,5,2,1,4,0,3,0,7,4,5,1,0,0,3,2,8,3,2,0,2,5,10,1
435,6,4,1,6,2,2,6,7,6,5,1,0,0,3,2,8,1,9,0,1,5,9,2
890,4,1,1,6,0,2,0,9,4,5,1,0,0,3,2,1,2,2,1,2,5,0,2
700,2,4,1,2,2,1,11,6,2,5,3,0,0,0,2,8,3,3,2,2,6,0,2
420,5,2,1,4,0,1,10,6,0,5,7,0,0,3,2,2,2,2,0,1,5,12,2
928,4,0,1,1,0,0,4,9,6,5,1,0,0,3,2,8,2,3,3,3,5,0,2
786,0,0,1,4,0,1,0,6,0,5,0,0,0,2,2,8,2,2,3,3,5,10,1
527,6,1,1,4,0,4,14,4,4,5,7,4,3,0,4,1,2,2,3,3,5,0,2
321,6,1,1,4,0,0,14,7,4,5,1,0,0,3,2,8,1,4,0,2,5,0,2
49,4,1,1,4,0,3,0,9,4,5,7,0,0,3,2,8,2,2,1,2,5,0,2
467,5,0,1,4,0,2,3,2,6,5,7,0,3,0,4,8,2,2,2,2,5,16,2
685,1,4,0,2,0,2,9,12,2,5,7,0,0,0,2,2,3,7,3,3,5,9,2
435,6,0,1,4,0,1,4,9,4,5,5,0,0,3,2,8,2,2,2,2,1,12,2
244,6,4,0,4,0,0,8,1,6,5,0,0,2,3,2,2,4,1,3,3,5,0,2
206,1,4,0,1,0,2,10,6,4,5,1,0,0,3,2,8,2,3,2,2,1,11,2
375,4,2,1,4,0,2,0,2,3,5,1,0,0,3,2,8,3,2,3,3,5,1,2
130,0,0,1,4,0,4,7,6,4,5,1,0,0,3,2,8,1,4,0,2,5,9,1
500,6,3,1,4,0,2,5,7,1,5,7,0,0,3,2,8,2,2,3,3,5,3,2
451,0,1,1,4,2,2,0,6,2,5,0,0,3,3,4,2,2,9,1,2,5,9,2
996,2,3,1,1,0,0,8,7,4,5,1,0,0,3,2,8,1,2,0,2,5,4,0
583,1,3,1,4,0,1,0,2,2,3,1,0,3,0,4,8,2,4,3,3,5,10,2
692,5,2,1,4,2,2,5,7,4,5,0,0,3,0,2,1,2,2,0,2,5,10,2
979,0,2,1,4,0,2,4,6,2,6,1,0,0,3,2,8,3,2,0,2,5,10,2
522,2,0,1,2,2,0,0,7,6,5,0,0,3,0,2,1,2,12,0,2,5,12,2
119,1,1,1,4,0,2,0,6,2,5,4,0,3,3,4,3,1,2,0,2,5,9,2
445,4,1,1,4,0,4,3,6,4,5,7,0,0,3,2,8,2,3,0,2,5,12,2
948,5,3,1,4,0,3,0,6,6,5,7,0,3,3,4,2,3,3,0,2,5,0,2
348,4,0,1,1,0,1,5,6,1,5,1,0,0,3,2,8,2,2,3,3,5,3,2
206,4,0,1,2,0,2,0,9,4,5,0,0,0,3,2,2,2,2,2,2,5,10,2
472,1,1,1,4,0,1,9,7,2,5,1,0,0,3,2,8,3,2,1,2,5,1,2
336,1,4,1,4,0,3,7,4,6,5,1,0,0,3,2,8,1,2,0,2,5,0,2
231,1,0,1,4,0,1,11,6,2,6,7,3,0,3,2,8,2,2,0,2,5,9,2
450,6,0,1,4,0,1,0,6,2,5,0,0,0,0,2,8,2,2,0,2,5,3,2
377,1,0,1,0,0,0,5,12,4,5,0,0,0,3,2,8,4,2,0,2,5,3,2
926,6,1,1,4,0,1,10,6,2,7,7,0,0,3,2,8,2,2,2,1,5,19,2
426,4,1,1,1,0,0,0,7,4,5,1,0,3,0,2,8,4,7,1,2,5,10,2
913,4,0,1,4,0,3,9,4,4,5,7,0,0,3,2,8,2,3,3,3,5,9,2
323,0,1,1,5,2,3,7,7,0,5,1,0,0,3,2,8,4,2,0,2,5,11,2
445,2,0,1,4,0,1,0,7,4,5,7,0,0,3,2,2,2,2,2,2,6,1,1
245,3,2,1,2,0,3,5,2,4,5,7,0,3,3,4,8,3,2,0,2,5,10,2
501,0,4,0,1,0,0,0,6,4,5,7,0,0,3,7,8,2,2,0,2,5,1,2
445,6,0,1,4,0,3,0,2,2,5,1,0,0,3,2,8,1,2,0,0,5,3,2
685,1,4,0,4,0,2,11,9,6,5,7,3,0,0,2,8,3,2,3,3,5,1,2
173,6,2,1,4,0,0,5,6,2,2,7,0,3,3,4,8,2,2,0,2,5,16,2
956,1,1,2,4,2,2,12,9,2,5,7,0,0,3,2,8,1,2,0,1,5,3,2
68,5,1,1,4,0,3,5,7,1,5,7,0,0,3,2,8,2,10,3,3,5,7,2
359,2,0,1,4,0,2,11,2,3,5,7,0,0,3,2,2,2,2,0,2,5,0,2
516,1,3,1,4,0,1,4,9,2,5,7,0,3,3,4,8,2,2,1,2,5,10,2
320,1,1,1,4,0,1,0,6,4,5,0,0,0,3,2,8,2,3,3,3,5,9,2
604,1,0,1,4,0,2,10,12,2,5,0,0,0,3,2,8,2,2,3,3,5,0,1
766,3,1,1,4,0,4,0,7,2,5,1,0,0,0,2,8,4,2,1,2,5,9,2
48,0,1,1,1,0,0,0,6,4,5,7,0,0,3,2,6,1,2,0,2,5,1,2
625,2,0,1,4,0,3,8,7,1,5,1,0,0,0,2,8,1,2,3,3,5,12,2
112,6,2,1,4,2,3,5,2,0,6,7,0,0,3,2,2,2,2,0,1,5,16,2
718,1,0,1,0,0,0,0,6,2,5,7,0,3,0,2,8,2,4,0,2,5,16,2
162,5,1,1,4,2,1,10,6,4,5,0,0,0,3,2,8,3,2,3,3,5,3,2
548,0,1,1,4,0,4,9,7,0,5,1,0,0,0,2,8,1,2,3,3,5,1,2
240,2,1,1,4,0,2,0,7,4,5,7,0,3,3,2,8,2,9,0,2,5,17,2
747,4,3,1,2,0,1,8,6,2,5,1,0,0,2,2,1,1,2,3,3,5,10,1
315,0,0,1,4,0,1,0,6,1,5,1,0,0,3,2,8,1,7,2,2,2,0,2
29,4,2,1,4,0,1,5,6,4,5,1,0,3,2,3,8,2,4,1,2,5,1,2
346,6,1,1,4,0,1,8,7,2,5,1,0,0,3,2,8,2,2,0,2,5,0,2
520,6,0,1,0,0,4,0,7,2,5,0,0,0,3,2,8,2,2,0,2,5,10,2
959,5,1,1,4,2,4,5,6,1,5,7,0,0,3,2,8,2,2,2,2,6,17,2
956,6,1,1,4,0,3,7,6,2,6,7,0,0,3,2,8,2,2,0,1,5,13,2
415,4,4,0,1,1,2,9,12,4,5,0,0,0,0,2,1,1,3,0,1,5,10,2
395,5,1,1,4,0,2,3,6,2,5,1,0,0,3,2,0,3,2,0,2,5,3,2
507,6,0,1,4,0,1,0,2,4,5,1,0,0,3,2,8,2,3,3,3,5,9,2
381,4,0,1,2,2,1,0,7,4,5,7,0,0,3,2,2,2,2,0,1,5,1,0
475,5,1,1,4,0,3,3,7,2,5,1,1,0,3,2,8,3,7,0,2,5,9,1
264,0,1,1,4,0,3,7,6,6,5,0,0,0,3,2,8,2,4,3,3,5,11,2
776,4,1,1,4,0,2,3,9,4,5,7,0,0,0,2,8,2,2,0,2,5,6,2
310,3,0,1,1,0,2,3,7,2,5,7,0,0,3,2,8,3,3,3,3,5,10,2
46,5,1,1,2,0,2,5,7,4,5,1,0,0,3,2,1,2,2,3,3,5,3,2
97,3,1,1,4,0,2,7,6,0,5,1,0,0,3,2,8,2,2,0,2,5,1,2
551,4,1,1,1,0,1,0,7,2,5,7,0,0,0,2,8,1,2,3,3,5,3,2
415,6,0,1,4,0,2,4,9,4,3,7,0,3,0,2,8,2,2,1,2,5,0,2
727,4,1,1,1,0,0,0,6,4,5,7,0,0,0,2,8,2,2,0,2,5,9,2
10,3,1,1,4,0,1,0,7,1,5,7,0,0,0,2,2,2,2,3,3,5,3,2
155,2,0,1,4,0,0,15,6,2,5,0,0,0,3,2,8,2,2,3,3,5,10,2
435,1,0,1,0,0,3,5,12,6,5,0,0,0,0,2,8,2,2,3,3,5,1,2
382,5,1,1,4,0,3,5,6,2,6,7,0,0,3,2,8,2,2,3,3,5,16,1
326,5,1,1,2,2,2,0,7,2,5,7,0,0,3,2,8,2,2,0,2,5,12,2
150,3,1,1,4,0,1,8,7,4,5,5,2,0,0,2,8,2,2,0,2,5,12,2
348,2,0,1,4,0,1,10,6,2,5,1,0,0,3,2,8,2,9,2,2,5,3,2
377,1,0,1,4,0,1,0,7,0,5,1,0,0,3,2,2,3,2,3,3,5,12,2
66,6,3,1,4,0,1,0,6,4,7,1,0,3,3,2,8,2,2,0,2,5,10,1
323,5,2,1,4,0,3,0,6,2,5,0,0,0,3,2,8,3,2,3,3,5,0,2
439,1,1,1,0,0,1,7,6,1,3,0,0,0,0,2,8,2,2,0,2,5,4,2
241,2,1,1,1,0,2,16,7,2,5,7,2,0,3,2,8,2,2,0,2,5,5,2
348,5,4,1,4,0,2,5,7,1,0,1,2,0,3,2,8,2,2,0,2,5,3,2
903,0,1,1,0,0,3,0,7,4,5,7,0,0,3,2,8,2,2,0,2,5,13,1
467,6,2,1,4,0,3,15,9,2,1,7,0,0,3,2,8,3,2,3,3,5,10,2
314,0,0,1,2,2,2,0,1,4,3,0,0,0,3,2,8,1,7,1,2,5,1,2
969,0,1,1,4,0,0,10,1,1,5,7,0,0,3,2,8,2,2,0,2,5,12,2
697,4,0,1,4,0,1,0,1,1,6,1,0,3,0,4,0,3,2,0,2,5,12,1
964,4,4,1,4,0,1,7,6,2,5,1,0,0,3,2,8,2,2,1,2,5,1,2
501,5,4,1,4,0,2,5,9,4,5,1,0,0,3,7,8,2,2,0,2,5,10,2
799,2,3,1,4,0,2,10,5,2,7,1,0,0,0,2,8,2,3,3,3,5,9,0
424,4,4,1,1,0,4,10,6,0,5,1,0,0,3,2,1,3,2,3,3,5,0,2
134,0,0,1,4,0,3,3,9,2,5,0,0,0,3,2,8,2,7,2,2,5,9,2
260,6,0,1,4,0,1,0,6,0,5,7,0,0,3,2,8,4,2,3,3,5,0,2
599,0,1,1,4,0,2,10,4,1,5,7,0,3,0,0,8,2,2,0,2,5,5,2
365,2,0,1,2,0,0,3,9,6,5,1,0,0,3,2,1,2,2,3,3,5,3,1
1013,1,1,1,4,0,1,0,6,2,5,1,0,0,3,2,8,2,7,0,2,5,7,0
954,1,0,1,4,0,3,9,7,2,5,7,0,0,3,2,8,2,2,3,3,5,10,2
104,1,2,1,4,0,2,11,2,4,5,1,0,0,3,2,8,2,2,2,2,5,3,1
522,4,0,1,4,0,0,7,7,6,5,7,3,3,3,4,8,2,4,3,3,5,16,2
340,4,1,1,1,0,4,7,7,0,5,7,0,0,3,2,2,1,2,1,2,5,10,2
819,2,4,1,4,0,1,5,7,2,5,1,0,0,0,2,8,2,7,3,3,5,10,2
395,1,0,1,4,0,3,5,6,4,5,1,0,3,0,2,8,2,7,2,1,6,1,2
163,0,1,1,4,0,0,11,4,0,5,7,0,0,3,2,8,2,2,3,3,5,16,2
347,2,2,1,4,0,2,4,9,4,3,7,0,0,3,2,8,1,2,3,3,5,12,2
57,6,1,1,4,2,2,10,6,4,5,7,0,0,3,2,8,1,4,2,2,6,10,1
344,5,2,1,1,0,1,0,7,2,5,1,0,0,3,2,0,1,1,1,2,5,1,1
498,4,1,1,2,0,3,5,7,4,5,3,0,0,0,2,6,2,2,0,2,5,3,2
936,4,0,1,1,0,3,3,7,0,5,1,3,0,3,2,8,2,2,2,2,5,3,2
72,5,1,1,4,0,2,11,7,0,5,7,0,3,3,2,8,1,2,0,2,5,1,2
935,6,1,1,4,0,1,5,6,4,5,4,0,0,3,2,8,3,2,0,2,5,16,2
308,6,1,1,4,0,0,5,6,2,5,1,0,3,0,3,8,2,2,0,2,5,0,2
163,4,1,1,4,0,1,5,7,6,5,7,0,0,3,2,2,2,2,3,3,5,11,2
573,0,3,1,4,2,4,0,6,4,5,0,0,0,0,2,3,2,2,0,2,5,12,2
624,3,2,1,4,0,3,0,7,2,5,7,0,0,3,2,8,3,10,3,3,5,1,2
264,0,1,1,4,2,2,7,7,4,5,7,0,0,3,2,2,2,9,0,2,5,10,2
430,6,1,1,0,0,0,10,6,2,5,1,0,0,3,2,8,2,2,3,3,5,7,2
926,6,0,1,4,0,3,4,6,2,0,7,0,0,3,2,8,2,3,3,3,5,1,2
14,6,0,1,4,0,1,3,7,1,5,0,0,0,0,2,8,2,2,3,3,5,11,2
440,5,0,1,4,2,0,8,9,6,5,7,0,3,3,4,8,1,4,3,3,5,10,2
1005,5,2,1,4,0,0,3,7,2,5,7,0,0,3,2,8,6,2,0,2,5,9,1
150,6,0,1,1,0,1,10,6,1,6,1,0,3,3,4,8,3,2,0,2,5,10,2
643,0,0,0,4,0,1,5,12,4,6,0,0,0,0,2,8,3,2,3,3,5,12,1
964,0,4,1,4,0,2,0,6,0,1,1,0,0,3,7,6,2,2,0,2,5,12,2
986,4,0,1,4,0,2,7,6,2,2,1,0,3,3,2,2,1,4,2,1,0,10,2
746,2,3,1,4,0,1,15,4,2,5,7,0,0,0,2,2,2,2,0,2,5,9,2
634,4,0,1,1,0,2,5,6,1,5,0,0,0,3,2,8,4,2,0,2,5,3,2
506,6,1,1,2,0,4,0,2,0,5,1,0,3,0,4,8,2,2,0,2,5,10,2
325,6,0,1,4,0,4,14,4,1,5,7,0,0,3,2,3,1,2,3,3,5,10,2
165,6,1,1,4,0,0,15,7,0,5,1,0,0,3,2,6,2,2,3,3,5,10,2
899,1,0,1,4,0,1,0,12,4,5,1,0,0,3,2,6,2,9,3,3,5,1,2
450,6,4,1,4,0,0,8,9,4,5,1,0,0,0,2,8,2,2,0,2,5,3,2
415,6,1,1,4,0,0,9,6,4,5,3,0,3,3,2,8,2,3,1,2,5,2,1
309,5,2,1,4,0,2,11,10,4,1,7,0,0,3,2,2,3,1,3,3,5,3,2
440,2,2,1,4,0,3,9,7,4,5,0,0,3,0,4,8,2,2,1,2,5,10,2
178,1,1,1,0,0,2,7,2,2,5,7,0,0,3,2,8,2,2,0,2,5,1,2
684,1,1,1,4,0,3,8,9,6,5,3,0,0,0,2,8,2,2,3,3,5,3,2
178,3,1,1,2,0,4,15,7,2,5,7,0,0,3,2,8,2,2,2,2,5,1,2
903,0,1,1,1,0,0,5,7,1,5,7,0,0,0,2,8,2,2,3,3,5,10,1
348,4,0,1,4,0,4,0,2,1,5,1,0,0,3,2,8,2,2,2,2,5,3,2
264,3,1,1,2,2,2,5,6,4,5,1,0,0,3,2,8,2,2,0,2,5,11,2
416,3,1,1,4,0,2,5,6,6,5,7,0,0,3,2,8,2,2,3,3,5,10,2
300,2,1,1,4,0,2,0,6,6,7,7,0,0,3,2,8,1,4,2,2,2,0,2
454,6,2,1,1,0,2,8,9,6,5,1,2,0,0,2,2,1,2,2,2,5,11,2