Time,Day_of_week,Age_band_of_driver,Sex_of_driver,Educational_level,Vehicle_driver_relation,Driving_experience,Type_of_vehicle,Area_accident_occured,Lanes_or_Medians,Road_allignment,Types_of_Junction,Road_surface_type,Road_surface_conditions,Light_conditions,Weather_conditions,Type_of_collision,Number_of_vehicles_involved,Vehicle_movement,Casualty_class,Casualty_severity,Pedestrian_movement,Cause_of_accident,Accident_severity
668,2,4,1,4,0,2,0,12,6,5,7,0,0,3,2,8,2,9,2,2,1,3,2
463,5,4,1,4,0,1,0,7,4,6,7,0,0,0,2,8,2,3,3,3,5,10,2
463,3,4,1,1,0,2,0,5,2,0,1,0,0,3,2,8,2,4,3,3,5,10,2
702,2,1,1,4,0,4,7,4,1,5,0,0,0,0,2,2,1,0,0,2,5,5,2
930,5,0,1,4,0,0,0,7,2,5,3,0,0,3,2,8,2,9,2,1,1,10,2
415,6,2,1,4,0,1,7,6,4,5,7,0,3,2,4,8,2,2,1,2,5,3,2
113,1,1,1,4,0,3,5,6,4,5,7,1,3,3,2,8,3,10,2,2,1,0,2
1009,6,0,1,4,0,2,0,7,6,5,7,0,0,3,7,8,2,2,2,2,5,12,2
501,0,0,1,6,0,4,4,9,1,5,7,0,3,0,4,8,1,2,1,2,5,11,1
127,6,2,1,0,0,0,4,6,4,5,1,0,0,3,4,2,1,4,3,3,5,9,1
848,3,0,1,4,2,4,3,7,4,5,1,0,3,3,3,8,2,2,0,2,5,10,2
375,2,1,1,4,0,3,0,7,6,5,1,0,0,3,2,8,2,2,1,2,5,3,2
698,0,4,0,4,0,0,0,2,2,5,2,0,0,0,2,1,2,2,0,2,5,11,2
405,4,4,1,2,0,2,0,6,4,5,7,0,0,0,7,8,2,2,0,2,5,0,2
586,1,4,1,4,0,2,0,2,4,3,7,2,0,0,2,8,3,3,3,3,5,6,2
321,4,1,1,2,0,3,0,2,2,5,1,0,0,3,2,8,1,2,3,3,5,11,1
930,5,1,1,2,0,1,11,9,2,5,3,0,0,3,2,8,2,2,2,2,5,1,2
779,2,0,1,4,0,0,0,6,6,5,7,0,0,0,7,8,2,2,3,3,5,0,2
426,3,0,1,4,2,2,0,7,4,5,0,0,0,3,2,8,2,7,0,2,5,10,1
80,5,4,0,1,0,2,7,6,0,5,7,0,0,3,2,8,2,2,0,1,5,16,2
415,4,1,1,4,0,0,7,9,2,5,7,0,0,0,2,8,2,2,3,3,5,14,0
643,5,0,1,4,0,3,0,6,1,6,7,0,0,3,2,2,1,2,1,2,5,10,1
112,5,3,1,2,2,3,3,7,2,5,0,0,3,0,2,8,2,2,3,3,5,0,2
551,4,2,1,4,0,1,0,13,6,5,7,0,0,0,2,1,2,2,2,2,1,0,2
477,4,2,1,4,0,2,11,7,1,5,5,0,3,0,4,8,2,2,2,2,5,1,1
657,0,0,1,4,0,4,9,9,2,5,7,0,0,0,2,1,2,5,2,1,5,10,2
445,1,3,1,1,0,1,5,6,6,5,0,0,0,3,7,1,2,2,3,3,5,10,2
633,4,0,1,5,0,4,5,7,4,5,1,0,0,3,2,2,2,9,3,3,5,9,2
569,5,0,1,4,0,3,7,7,3,5,1,0,3,0,3,8,2,2,3,3,5,10,2
247,3,1,1,4,0,3,14,12,6,5,5,0,0,3,2,8,3,2,1,2,5,1,2
300,2,1,1,4,0,2,16,7,0,5,1,0,0,3,2,1,1,3,0,2,5,12,2
396,2,0,1,4,0,6,0,6,4,6,7,0,0,3,2,8,2,2,0,2,5,10,1
229,5,0,1,3,0,1,8,7,2,5,0,0,0,3,2,2,2,2,2,2,5,3,2
940,0,3,1,4,0,2,0,5,4,7,7,0,0,3,2,8,2,2,2,2,1,9,2
162,5,1,1,4,0,4,12,2,6,5,0,0,0,3,2,8,3,2,2,2,1,13,2
139,2,0,1,2,0,3,0,6,2,1,7,0,0,3,2,8,2,11,3,3,5,3,2
278,6,0,1,4,0,4,5,4,2,5,3,0,0,3,2,1,2,2,0,2,5,10,1
139,4,0,1,1,0,2,5,2,4,2,1,0,0,3,2,6,2,2,0,2,5,5,2
97,5,2,1,4,0,2,9,6,4,5,0,0,0,3,2,8,2,2,0,2,5,3,2
856,2,2,2,4,0,2,11,7,1,5,0,0,3,0,4,8,3,2,2,2,2,0,2
646,2,0,1,4,0,4,8,2,2,5,7,0,3,0,4,8,1,2,0,1,5,10,0
440,2,1,1,2,0,0,5,6,1,5,0,0,0,3,2,8,2,1,0,2,5,9,2
511,1,0,1,4,0,1,5,7,2,5,0,0,3,3,4,8,1,2,0,1,5,11,2
562,5,0,1,4,2,2,14,9,2,5,1,0,0,2,2,2,2,3,3,3,5,0,2
435,6,1,1,4,0,2,8,9,6,5,7,0,0,0,2,2,1,2,2,1,5,1,2
244,6,4,0,4,0,0,0,7,2,5,0,0,2,3,2,2,4,2,3,3,5,1,2
447,4,2,1,4,0,0,3,6,4,5,1,0,0,3,2,8,1,2,3,3,5,10,2
415,0,0,1,4,0,2,7,7,2,5,1,0,3,3,2,8,3,2,3,3,5,4,2
863,0,0,1,4,0,1,5,2,2,5,1,0,3,3,2,1,1,3,3,3,5,11,2
430,5,0,1,1,0,4,0,1,2,5,0,0,0,3,2,8,2,4,2,1,5,13,2
633,0,1,1,4,0,3,0,6,2,5,7,0,3,3,4,2,2,2,0,2,5,10,2
511,1,3,1,2,0,2,8,11,6,5,7,0,0,0,7,8,2,2,0,2,5,16,2
112,4,0,1,4,0,0,7,9,6,5,7,0,0,3,2,8,2,2,3,3,5,0,2
916,6,4,1,4,0,3,9,6,2,7,0,0,0,3,2,8,2,3,0,2,5,4,2
229,2,4,1,4,0,1,0,6,4,5,7,0,0,3,2,2,2,2,3,3,5,1,2
158,5,0,1,1,0,1,9,7,2,5,1,0,0,3,2,8,2,2,3,3,5,10,2
416,2,1,1,4,0,3,10,7,6,5,7,0,0,3,2,8,2,2,3,3,5,10,2
448,6,0,1,4,0,3,0,2,2,3,7,0,0,0,2,8,2,7,2,2,6,1,2
376,6,1,1,4,0,3,0,3,4,7,5,0,3,0,4,8,1,2,3,3,5,10,2
134,0,2,1,4,0,3,15,7,6,5,1,0,3,3,4,8,1,2,1,2,5,11,2
300,6,0,1,5,0,4,12,9,2,5,1,0,0,3,2,8,2,9,0,2,5,0,1
348,0,1,1,4,0,2,8,12,4,5,1,0,0,3,2,8,1,2,1,2,5,11,2
337,4,1,1,4,2,0,8,6,6,7,7,0,0,3,2,8,2,2,3,3,5,7,1
475,5,1,1,4,0,0,7,7,2,5,0,0,0,3,2,8,1,2,0,2,5,17,1
450,5,0,1,4,0,2,7,9,4,5,0,0,3,3,4,8,2,9,1,2,5,9,2
1017,0,0,1,1,2,3,8,12,2,5,1,0,0,3,2,8,2,2,3,3,5,11,2
526,0,0,1,4,2,0,0,7,1,5,7,0,0,0,2,1,2,2,1,2,5,9,2
440,2,0,1,2,0,4,5,6,0,5,7,0,0,3,2,8,2,4,1,2,5,10,2
926,1,0,1,4,0,4,0,6,4,5,7,0,0,3,2,8,2,2,3,3,5,10,2
1012,6,1,1,2,0,1,9,6,4,5,1,0,0,3,2,8,3,4,3,3,5,5,2
956,4,3,1,4,0,1,5,2,2,5,1,0,0,3,2,8,1,2,3,3,5,16,2
904,4,2,1,1,0,2,0,6,2,6,1,0,0,3,2,6,2,2,0,1,5,2,2
783,3,4,1,4,0,4,9,6,1,5,1,0,0,0,2,8,2,2,3,3,5,10,2
150,3,0,1,1,0,2,5,6,4,5,7,0,0,3,2,1,2,2,0,2,5,0,2
713,2,0,1,4,0,2,0,6,0,5,7,0,0,0,2,3,2,2,3,3,5,12,2
974,0,3,1,4,0,3,0,7,2,5,0,0,0,0,2,8,1,2,0,1,5,10,2
167,6,0,1,4,0,2,5,7,4,5,3,0,3,3,4,6,2,2,3,3,5,1,2
964,3,2,1,4,0,4,0,4,4,5,2,0,0,3,2,8,2,2,2,2,1,10,2
451,6,0,1,1,0,2,4,6,5,5,1,0,0,3,2,8,1,2,2,2,6,10,1
796,4,2,1,4,0,4,7,9,4,5,1,0,0,0,2,2,2,2,3,3,5,10,1
112,6,1,1,4,0,0,0,7,1,5,7,0,0,3,2,8,4,2,3,3,5,0,2
450,5,2,1,2,0,2,8,6,2,5,0,0,3,3,4,6,2,11,1,2,5,0,2
474,6,1,1,4,0,2,5,6,0,5,1,0,0,3,2,8,2,2,0,2,5,0,2
375,4,0,1,4,0,4,15,2,2,5,1,0,0,3,2,8,3,2,0,2,5,12,2
259,2,0,1,4,0,4,7,7,1,5,1,0,0,3,2,8,2,2,1,2,5,10,2
509,0,0,1,4,0,0,11,9,4,5,1,0,0,3,2,4,2,2,3,3,5,9,2
453,2,2,1,2,2,2,0,6,2,6,1,0,3,0,4,8,2,9,3,3,5,2,2
415,0,3,1,4,2,2,7,9,2,5,1,0,0,3,2,7,2,3,0,2,5,10,2
197,1,2,1,4,0,1,7,7,2,5,7,0,0,3,2,2,2,2,3,3,5,10,2
555,6,0,1,1,2,3,10,6,1,3,1,0,0,3,2,8,3,3,1,1,5,12,2
488,4,3,1,4,0,3,0,7,4,5,1,0,0,3,2,8,2,3,0,2,5,3,2
450,6,0,1,4,0,1,0,5,2,5,7,0,0,3,7,8,2,2,3,3,5,1,2
488,2,3,1,4,0,2,0,5,2,5,0,0,0,3,2,6,2,2,0,2,5,1,1
516,4,1,1,4,2,4,8,7,6,5,1,0,0,3,2,8,4,1,0,2,5,12,2
1013,1,1,1,4,0,1,0,9,2,5,1,0,0,3,2,8,2,2,1,2,5,9,0
201,1,1,1,4,2,2,0,6,4,1,7,0,0,3,2,8,2,2,3,3,5,3,2
20,3,4,0,4,0,0,5,2,6,5,7,0,0,0,2,6,2,3,0,2,5,2,2
765,3,0,1,4,0,1,13,2,2,5,7,0,0,0,2,8,2,1,0,2,5,16,2
620,0,1,1,4,0,2,8,6,4,5,7,0,0,3,2,8,2,2,3,3,5,9,2
7,3,0,1,4,0,2,7,12,4,5,1,4,3,0,5,8,2,5,0,2,5,0,2
203,2,1,1,1,0,3,8,6,4,5,7,0,0,3,2,8,1,9,1,2,5,12,2
288,3,1,1,4,0,1,11,7,6,5,1,0,0,3,2,8,1,3,0,2,5,10,1
940,4,1,1,1,0,3,0,4,2,5,7,0,0,3,2,8,1,2,1,2,5,12,2
633,2,3,1,0,2,0,14,6,4,5,3,0,0,3,2,8,2,4,3,3,5,11,2
400,0,2,1,2,2,3,2,4,4,5,1,0,3,0,2,8,2,2,3,3,5,10,2
163,6,0,1,4,0,2,0,4,2,5,3,0,0,3,7,8,1,2,1,2,5,10,2
506,5,3,1,4,0,2,9,7,4,5,0,0,3,3,8,0,1,3,0,2,5,10,2
288,4,0,1,1,0,1,0,7,4,5,7,0,0,3,2,8,2,2,0,2,5,9,2
283,5,0,1,1,0,0,4,7,0,5,1,0,0,3,2,8,2,2,0,2,5,3,2
59,2,1,1,4,2,3,5,7,2,5,1,0,0,3,2,8,2,2,3,3,5,10,2
664,4,0,2,4,0,4,7,9,2,5,7,0,3,0,2,8,2,2,0,2,5,10,2
866,6,4,0,4,0,0,9,6,4,5,1,0,0,3,2,2,2,2,1,1,5,10,1
683,6,0,1,4,0,3,6,6,4,5,0,0,0,0,2,8,2,4,2,2,5,10,2
318,4,2,1,1,2,2,9,2,2,5,1,0,0,3,2,1,1,3,1,2,5,0,1
152,4,1,1,1,1,2,0,4,4,5,3,0,3,3,2,8,1,2,0,2,5,11,2
139,2,0,1,4,0,4,13,2,6,5,0,0,0,3,2,2,3,3,0,2,5,3,2
471,1,1,1,4,0,2,11,9,6,3,7,0,3,0,0,8,2,2,3,3,5,5,2
732,0,1,1,4,2,0,0,2,1,5,0,0,0,0,2,8,2,2,1,2,5,10,2
551,5,4,1,4,0,0,0,4,4,5,1,0,0,0,2,8,2,2,1,2,5,1,2
181,3,0,1,4,0,1,2,9,1,5,7,0,3,3,4,2,2,9,0,2,5,12,2
350,3,1,1,4,0,1,0,7,4,5,1,0,0,3,2,9,2,4,3,3,5,12,2
668,0,1,1,4,0,0,7,7,2,3,0,0,0,0,2,8,2,3,3,3,5,3,2
944,6,1,1,0,2,2,4,2,6,5,0,0,3,3,4,8,2,3,3,3,5,11,2
916,1,4,0,4,0,0,7,6,2,5,1,0,0,3,3,8,2,9,3,3,5,9,2
854,0,0,1,4,2,3,0,1,1,5,1,0,3,0,2,8,2,2,3,3,5,1,1
344,3,2,1,0,2,1,8,2,4,5,5,0,0,3,2,2,1,2,3,3,5,3,2
112,5,0,1,4,0,4,5,6,2,5,1,0,0,3,2,8,1,3,3,3,5,9,2
192,5,4,1,4,0,3,5,7,1,5,2,0,0,3,2,1,2,2,3,3,5,1,2
228,3,0,1,4,0,1,0,9,4,5,7,0,0,3,2,8,3,2,1,2,5,1,2
430,6,0,1,4,0,0,0,6,4,5,1,0,0,3,2,8,2,2,0,2,5,3,2
156,2,0,1,4,0,3,14,6,4,5,1,0,0,3,2,8,2,2,2,2,1,10,2
860,0,4,1,4,0,1,7,6,4,5,7,0,3,3,4,8,2,2,0,2,5,13,2
237,4,0,1,1,0,0,8,2,4,3,1,0,0,3,2,8,2,4,0,2,5,10,1
417,6,1,1,4,0,2,0,7,2,5,0,0,0,3,2,8,2,2,0,2,5,10,2
992,6,4,1,2,0,2,8,7,0,1,1,2,0,3,2,8,1,2,0,2,5,0,2
315,5,4,1,4,0,1,0,6,2,5,1,0,0,3,2,8,2,2,3,3,5,10,2
201,6,1,1,4,0,2,7,4,4,5,1,0,0,3,2,8,2,2,0,2,5,10,2
699,6,2,1,4,0,2,0,9,1,5,1,0,3,0,2,8,3,4,2,2,5,4,1
538,3,1,1,4,0,0,5,7,2,5,1,2,0,0,2,2,2,9,0,2,5,1,2
327,3,0,1,1,0,0,4,7,2,5,1,0,0,3,2,8,1,2,3,3,5,17,1
445,0,0,1,4,0,4,3,9,4,5,1,4,0,0,2,8,2,2,0,2,5,1,2
63,5,4,1,2,0,2,12,7,2,5,7,0,0,3,2,2,1,4,3,3,5,16,2
624,0,4,0,4,0,1,4,2,1,5,7,0,0,3,2,8,2,3,3,3,5,3,2
323,2,0,1,4,0,0,5,6,2,5,7,0,3,3,2,8,2,2,3,3,5,3,2
897,4,2,1,2,0,2,14,5,4,7,1,0,3,3,2,1,2,2,0,2,5,12,2
964,4,1,1,1,0,2,0,6,1,5,1,0,0,3,2,8,3,2,3,3,5,3,2
381,4,1,1,2,0,1,0,9,1,5,7,0,0,3,2,8,2,2,2,2,0,10,0
932,3,1,1,4,0,2,10,7,4,5,7,0,0,3,2,8,2,7,3,3,5,1,2
328,5,3,1,1,0,1,8,6,2,6,0,0,0,3,2,2,2,2,0,2,5,10,1
737,0,3,1,4,0,4,5,7,2,5,0,0,0,0,2,1,2,2,2,1,5,1,1
231,1,2,1,4,2,1,15,12,0,5,1,0,3,3,2,8,1,2,0,2,5,9,2
336,4,4,0,1,0,2,0,7,6,5,1,0,0,3,7,8,2,4,0,1,5,10,2
454,0,1,1,4,0,2,11,2,6,5,7,0,0,3,2,8,2,9,0,1,5,11,2
127,3,0,1,4,0,2,5,2,2,5,7,0,0,3,2,8,2,2,1,2,5,5,2
453,2,0,1,4,0,1,0,7,2,5,0,0,0,0,2,8,2,2,0,2,5,0,2
306,1,0,1,4,0,2,5,7,1,5,7,0,0,3,7,6,3,3,3,3,5,17,1
200,5,2,1,4,0,1,0,2,2,5,7,0,0,3,2,2,2,2,3,3,5,10,1
848,5,0,1,4,0,3,4,9,6,5,1,0,0,0,2,2,2,2,0,2,5,1,2
74,2,1,1,4,0,1,9,7,2,5,2,0,3,3,2,8,2,2,0,1,5,13,2
190,0,0,1,4,0,1,14,7,4,5,3,0,0,3,2,8,2,4,1,2,5,9,2
63,1,0,1,1,0,1,5,9,6,5,1,0,0,3,2,8,2,0,3,3,5,11,2
1021,2,4,1,4,0,0,7,7,2,5,1,0,0,3,2,8,1,2,0,2,5,10,2
460,2,2,1,1,0,3,8,6,4,5,0,0,3,2,4,8,1,2,0,2,5,0,1
1023,5,1,1,4,0,0,5,9,6,5,5,0,0,3,2,2,2,2,0,1,5,3,2
405,5,4,1,2,0,0,10,7,1,5,7,0,0,3,2,8,2,1,0,2,5,10,2
389,3,1,1,4,0,4,11,9,4,3,7,0,0,3,2,8,2,2,0,2,5,10,2
264,4,3,1,4,0,1,7,6,4,5,7,4,0,3,2,8,2,2,3,3,5,0,2
166,5,1,1,4,0,1,7,6,2,6,7,0,0,3,2,8,1,9,3,3,5,0,2
999,5,2,1,2,0,4,0,4,4,5,7,0,0,3,2,8,2,3,3,3,5,11,1
984,5,0,1,4,0,2,14,7,4,6,7,0,3,3,2,8,3,2,0,2,5,1,2
41,0,4,1,4,0,4,9,9,6,3,0,0,0,3,2,8,2,3,2,2,0,3,2
215,3,0,1,2,2,2,4,6,4,5,1,0,3,3,2,2,2,3,0,2,5,12,2
532,5,0,1,1,0,3,8,6,4,5,7,0,3,0,4,8,2,3,2,2,1,12,2
646,3,3,1,2,0,1,0,7,4,5,1,0,0,2,2,2,2,2,3,3,5,12,2
95,4,2,1,4,2,3,4,7,4,5,1,0,0,3,2,8,1,2,0,2,5,0,1
890,3,0,1,4,0,2,4,6,6,5,1,0,0,3,2,8,1,8,0,2,5,10,1
520,5,0,1,4,2,4,14,6,4,5,7,0,0,3,2,8,2,2,0,2,5,10,2
875,6,3,1,1,0,3,5,2,5,7,7,1,3,2,4,8,2,2,3,3,5,12,2
964,3,4,0,4,0,2,14,6,4,5,1,0,3,3,2,2,2,2,0,2,5,1,2
286,3,1,1,4,0,1,5,7,6,5,7,0,0,3,2,8,1,2,0,2,5,9,2
1028,1,2,1,4,0,2,10,7,4,3,0,0,0,0,2,8,2,2,0,1,5,0,2
167,4,0,1,1,0,4,5,9,2,5,7,0,0,3,2,8,2,9,0,2,5,11,2
139,4,0,1,4,0,2,0,7,6,5,1,0,3,0,2,8,1,3,0,2,5,12,1
147,6,1,1,4,0,1,5,6,1,3,1,0,3,3,8,2,1,1,3,3,5,12,2
695,3,3,1,1,0,1,0,7,0,5,1,0,0,0,2,8,2,2,1,2,5,12,2
255,1,1,1,4,2,2,0,9,2,5,7,0,0,3,2,8,2,3,0,2,5,2,1
359,2,0,1,1,0,2,0,7,3,5,7,0,0,3,2,2,2,2,1,2,5,3,2
420,5,0,1,2,0,5,5,6,2,5,7,3,0,3,2,6,2,7,0,2,5,1,2
613,3,1,1,2,0,3,5,7,4,5,1,0,0,0,2,8,2,2,1,2,5,3,2
430,0,1,1,1,2,0,14,2,6,5,0,0,0,3,2,8,2,8,0,2,5,12,1
423,6,1,1,4,0,3,4,2,2,5,3,0,0,0,2,8,2,2,2,2,1,10,2
824,0,2,1,4,0,3,8,7,2,3,0,0,3,0,4,8,2,2,0,2,5,11,2
308,4,0,1,4,0,1,4,2,4,5,0,0,0,3,2,0,1,3,0,2,5,16,1
633,1,0,1,4,2,1,0,9,6,5,1,0,3,0,4,2,2,2,0,2,5,7,1
300,3,2,1,4,0,0,5,2,2,5,7,0,0,3,2,8,2,2,1,2,5,11,2
741,6,4,0,2,0,3,8,7,4,5,7,0,0,0,2,8,1,2,3,3,5,3,2
354,3,1,1,4,0,2,14,3,6,3,7,2,0,3,2,8,3,4,1,2,5,16,2
150,1,1,1,4,2,2,5,6,4,5,7,0,3,3,2,8,2,3,3,3,5,12,2
1029,4,1,1,2,0,1,0,1,2,5,7,0,3,3,2,8,2,2,3,3,5,10,2
274,5,0,1,4,0,1,5,2,4,5,1,0,0,3,2,8,2,2,0,1,5,10,2
71,3,1,1,4,2,0,0,7,4,5,1,0,0,3,2,2,2,4,3,3,5,1,2
1006,0,1,1,4,0,1,0,1,2,3,7,0,0,3,2,2,2,9,0,2,5,4,2
1013,6,1,1,2,2,1,0,2,4,5,0,0,0,3,2,8,2,2,2,2,5,10,2
907,0,0,1,1,0,2,5,9,4,5,7,0,3,3,4,2,2,2,3,3,5,1,2
664,3,1,1,4,0,1,5,7,4,5,4,0,0,0,2,8,2,4,0,2,5,1,2
62,4,0,1,4,0,0,5,6,2,5,2,0,0,3,2,8,2,2,0,2,5,10,2
520,6,1,1,4,2,2,7,2,4,5,3,0,0,3,2,8,1,4,2,2,5,9,2
163,6,1,1,2,1,3,0,12,4,5,7,0,0,3,2,8,2,2,3,3,5,3,2
440,6,2,1,4,0,3,7,6,2,5,0,0,0,0,2,8,2,2,3,3,5,3,2
204,6,4,0,4,0,0,5,5,4,5,1,0,0,3,2,8,2,0,0,2,5,16,2
221,3,4,1,4,0,3,7,7,4,5,1,0,0,3,2,8,2,3,3,3,5,7,2
276,3,2,1,4,0,0,10,12,6,5,7,0,0,3,2,0,3,2,2,2,5,16,2
411,5,2,1,1,0,0,0,9,6,8,7,0,0,0,2,8,1,0,3,3,5,1,1
1006,5,4,1,4,2,2,0,7,2,5,1,0,0,3,2,8,2,3,0,2,5,12,2
921,1,0,1,4,0,2,0,9,6,5,1,0,0,3,2,8,2,2,1,2,5,10,2
715,0,0,1,4,0,4,9,6,2,5,2,0,3,0,4,8,2,2,3,3,5,0,2
695,6,1,1,4,0,0,9,6,2,5,0,2,3,0,4,2,2,2,1,2,5,2,2
150,5,0,1,4,2,1,5,7,4,5,0,0,0,3,2,8,2,2,1,2,5,19,2
375,5,1,1,4,0,2,13,7,4,5,7,0,0,3,2,8,1,2,0,2,5,3,1
979,4,0,1,1,0,2,9,7,6,5,1,0,0,3,2,8,2,2,3,3,5,5,2
538,6,4,1,2,0,3,5,7,4,5,7,0,3,3,8,8,2,2,3,3,5,11,2
170,2,1,1,0,0,2,0,9,6,5,7,0,0,3,2,8,1,2,2,2,6,10,2
201,2,0,1,4,0,4,9,7,2,5,0,0,0,3,2,0,2,2,0,2,5,10,2
323,5,0,1,4,0,3,11,6,4,0,0,0,0,3,2,8,2,2,0,2,5,16,2
348,3,0,1,0,0,0,5,2,6,3,7,0,0,3,2,8,3,0,2,2,6,0,2
930,0,1,1,4,0,2,10,2,1,5,3,0,0,3,2,8,2,2,2,2,3,3,1
101,3,0,1,4,2,4,7,7,2,5,1,0,0,3,2,2,2,3,2,2,5,0,0
580,3,0,1,4,0,1,5,7,6,5,0,0,0,0,2,1,2,3,0,2,5,1,2
979,5,0,1,4,0,4,5,9,2,5,7,0,0,3,2,8,3,2,2,2,5,12,2
63,0,4,2,4,0,2,9,7,0,6,1,0,3,3,4,8,2,2,3,3,5,3,2
515,2,0,1,2,0,1,7,2,4,5,7,0,0,0,2,8,3,2,0,1,5,16,2
187,1,0,1,4,0,2,11,2,2,5,7,0,0,3,2,8,3,2,0,1,5,1,2
914,0,1,1,2,2,1,9,9,4,5,7,0,0,3,2,8,2,2,0,2,5,10,2
423,1,0,1,0,0,2,7,7,0,5,1,0,0,0,5,8,2,2,2,2,5,9,2
587,3,0,1,4,0,2,4,2,4,5,1,0,0,0,2,8,2,8,0,2,5,0,2
310,1,0,1,4,0,2,7,7,6,5,0,0,0,3,2,8,1,9,3,3,5,9,2
751,0,0,0,4,0,2,7,9,6,8,0,0,3,0,4,8,3,0,3,3,5,3,2
520,1,1,1,4,2,2,0,9,4,5,0,0,0,0,2,8,2,0,3,3,5,11,2
81,4,1,1,4,0,0,0,7,4,5,0,0,0,3,2,8,2,2,0,2,5,16,2
53,5,1,1,4,0,2,5,4,4,5,7,0,3,3,2,2,2,2,1,2,5,9,2
816,2,2,1,4,0,3,0,7,4,5,0,0,0,0,2,8,2,2,3,3,5,6,2
713,4,0,1,2,0,4,9,6,4,5,1,0,0,2,2,8,1,2,0,2,5,12,1
926,6,0,1,4,2,1,11,6,4,5,0,0,0,3,2,1,1,2,3,3,5,12,2
405,5,0,1,4,2,2,10,6,4,5,1,0,3,0,2,2,1,3,3,3,5,11,1
286,0,2,1,4,0,0,11,7,2,6,7,0,0,3,2,8,1,2,0,2,5,12,2
187,1,1,1,1,0,3,4,2,2,5,7,0,0,3,2,8,1,2,2,1,1,10,2
507,6,0,1,6,0,4,5,6,4,5,1,0,0,3,2,8,2,2,1,2,5,1,2
323,4,2,1,4,0,1,0,6,2,5,7,0,0,3,2,8,2,2,0,2,5,10,2
353,2,1,1,1,0,3,5,6,2,5,7,0,0,3,2,8,2,1,3,3,5,16,2
492,3,2,0,4,0,1,0,12,4,6,0,0,0,3,2,8,2,2,3,3,5,16,2
220,4,0,1,4,0,2,5,1,1,5,1,0,0,3,2,3,2,1,0,2,5,0,2
820,3,0,1,4,0,0,5,7,4,5,7,0,0,0,2,8,2,2,1,2,5,3,2
624,6,0,1,4,0,4,5,9,2,5,0,0,0,3,2,8,2,2,0,2,5,9,2
172,5,0,2,4,0,3,0,7,2,5,5,0,3,3,4,8,2,2,3,3,5,1,2
606,4,1,1,4,0,3,11,1,4,5,1,0,0,3,2,8,3,3,3,3,5,10,1
274,5,4,1,4,0,3,5,7,2,6,1,0,0,3,2,1,2,3,2,2,5,10,2
233,3,3,1,1,1,2,6,7,2,3,0,2,0,3,2,8,2,2,2,2,3,3,2
1014,6,2,1,4,0,1,0,7,4,7,1,0,3,3,4,8,2,2,1,2,5,10,2
555,0,1,1,4,0,1,0,7,4,5,0,0,0,3,2,8,2,2,2,1,5,0,2
916,5,0,1,4,0,0,5,9,4,5,1,0,3,3,2,8,2,7,3,3,5,10,1
415,4,1,1,4,0,2,14,6,4,5,7,0,3,0,2,8,2,4,0,2,5,7,2
681,3,0,1,2,0,2,9,4,2,5,1,0,0,0,2,8,2,4,0,2,5,10,2
554,4,3,1,4,2,1,14,6,4,5,7,0,0,3,2,8,2,9,3,3,5,1,2
509,6,1,1,1,2,3,0,7,4,5,7,0,0,3,0,8,1,2,3,3,5,16,2
197,4,0,1,4,0,1,0,7,4,5,1,0,0,3,2,8,1,3,2,2,5,4,1
312,3,1,1,4,0,2,0,6,0,5,1,0,0,3,2,8,2,7,0,2,5,9,0
50,0,0,1,2,0,5,8,9,2,5,1,0,3,3,4,6,1,3,3,3,5,1,2
828,2,0,1,4,0,4,7,6,6,7,1,0,3,0,4,8,1,2,0,2,5,0,2
376,4,0,1,4,0,1,5,7,4,5,7,0,0,3,2,8,3,2,3,3,5,10,2
365,6,0,1,1,2,2,5,7,2,5,5,0,3,0,2,8,1,7,3,3,5,0,2
890,4,0,1,4,0,1,15,9,1,5,1,0,0,3,2,8,2,1,2,2,6,10,2
203,2,1,1,4,0,2,5,10,4,1,1,0,0,3,2,8,2,2,0,2,5,1,2
292,0,1,1,4,0,1,0,6,2,5,0,0,0,3,2,8,2,2,0,2,5,7,2
708,3,2,1,1,0,2,0,9,2,5,0,0,0,0,2,1,2,2,0,2,5,9,0
369,0,1,2,1,2,4,14,6,2,5,7,0,0,3,2,1,2,2,0,2,5,10,2
933,1,1,1,4,0,1,0,6,2,5,1,0,0,3,2,8,2,2,2,0,1,0,2