Time,Day_of_week,Age_band_of_driver,Sex_of_driver,Educational_level,Vehicle_driver_relation,Driving_experience,Type_of_vehicle,Area_accident_occured,Lanes_or_Medians,Road_allignment,Types_of_Junction,Road_surface_type,Road_surface_conditions,Light_conditions,Weather_conditions,Type_of_collision,Number_of_vehicles_involved,Vehicle_movement,Casualty_class,Casualty_severity,Pedestrian_movement,Cause_of_accident,Accident_severity
25,3,0,1,4,0,3,12,7,1,5,0,3,0,0,2,8,2,2,3,3,5,2,2
530,0,3,1,4,1,5,0,2,2,5,1,0,0,3,2,8,2,2,3,3,5,16,2
274,6,1,1,4,0,5,5,9,0,5,0,0,0,3,2,8,2,2,0,2,5,3,2
430,0,1,1,4,0,2,15,1,6,5,0,0,3,3,4,2,2,2,3,3,5,7,2
701,6,1,1,4,0,2,0,5,2,0,0,0,3,0,2,2,2,2,3,3,5,10,2
418,3,2,1,4,0,0,14,7,2,5,1,0,3,3,4,2,1,3,0,2,5,10,1
559,2,0,1,1,0,2,0,2,3,5,1,2,0,3,2,1,2,4,1,1,5,1,2
922,1,0,1,4,0,3,10,7,6,5,1,0,0,3,2,8,1,2,2,2,1,9,1
348,3,4,1,1,0,3,4,6,6,5,7,0,0,3,2,8,3,0,3,3,5,1,2
435,3,0,1,4,0,2,4,9,2,5,3,0,0,3,2,8,2,4,0,1,5,12,2
218,2,2,1,4,0,4,5,7,2,5,7,0,0,3,2,8,2,2,3,3,5,0,2
982,0,1,1,2,0,2,5,7,4,5,7,0,0,2,0,8,2,2,2,2,5,0,2
107,4,0,1,4,0,4,5,9,4,5,7,0,0,3,2,8,2,2,3,3,5,10,1
244,6,0,1,2,1,3,10,1,4,5,0,0,2,3,2,8,4,1,1,2,5,0,2
978,3,1,1,4,0,2,0,12,6,5,7,0,0,3,2,8,2,1,2,2,5,3,2
471,5,2,1,4,0,3,10,7,2,5,0,0,0,3,2,2,2,5,0,2,5,12,2
1001,6,1,1,4,0,1,0,6,4,5,7,0,0,3,2,8,2,9,0,1,5,9,2
836,0,0,1,4,0,1,5,6,2,5,1,0,3,3,4,8,2,2,3,3,5,10,2
962,4,0,1,4,2,1,9,6,2,5,7,0,0,3,2,8,2,9,1,2,5,10,2
71,4,2,1,4,0,3,4,0,6,3,7,0,0,3,2,8,2,9,3,3,5,12,2
509,1,0,1,4,0,0,7,9,0,5,0,0,0,3,2,8,4,3,2,2,5,1,2
698,5,0,1,1,0,4,7,6,2,6,1,0,3,0,2,8,2,2,0,2,5,12,1
417,4,4,0,4,0,1,0,9,2,5,1,0,0,0,2,6,2,3,0,2,5,4,2
319,2,0,1,2,0,1,9,2,0,5,7,0,0,3,2,8,2,2,2,2,5,0,2
435,5,0,1,1,0,3,5,7,4,5,7,0,0,3,2,8,2,2,3,3,5,9,2
869,1,1,1,4,0,2,0,9,2,5,1,0,3,0,2,8,2,3,3,3,5,1,2
872,0,0,1,2,0,2,5,1,2,5,5,0,0,3,2,8,2,4,3,3,5,11,2
50,0,0,1,4,0,3,14,12,4,5,7,0,0,3,2,8,3,2,2,2,0,13,2
173,4,0,1,4,0,0,5,7,6,5,7,0,0,3,2,8,2,2,0,2,5,1,2
613,3,1,1,2,0,3,8,9,4,5,1,0,0,0,2,8,2,2,0,1,5,9,2
440,0,4,0,4,0,3,7,4,4,5,7,0,0,3,2,8,3,7,0,2,5,10,1
244,5,2,1,4,0,1,0,6,2,5,7,0,0,3,2,8,3,0,0,2,5,0,2
318,1,1,2,4,0,3,7,2,4,5,0,0,0,3,2,8,1,2,0,1,5,17,2
695,1,1,1,4,0,4,0,1,2,5,7,0,0,0,2,1,2,2,2,1,5,1,2
964,2,0,1,2,0,3,5,6,2,6,0,0,0,3,2,8,2,2,0,2,5,13,2
117,0,1,1,2,0,3,3,7,6,5,1,0,3,3,4,8,2,4,0,2,5,1,1
337,4,1,1,1,0,4,14,7,2,5,7,0,0,3,2,8,2,2,3,3,5,15,1
239,6,4,1,4,0,2,13,4,2,5,1,0,0,3,2,8,2,2,1,2,5,12,2
440,4,0,1,0,0,2,4,6,4,5,1,0,0,3,2,8,2,8,3,3,5,10,2
188,6,4,0,1,0,0,10,1,1,6,0,0,0,3,2,8,2,3,2,1,6,10,2
890,5,2,1,4,0,0,11,7,2,5,0,0,0,3,2,8,2,2,3,3,5,5,2
324,1,2,1,4,0,1,9,6,0,5,7,0,3,0,4,8,1,2,0,2,5,9,2
482,1,1,1,6,2,2,0,9,2,5,7,0,0,0,2,2,2,2,3,3,5,1,2
944,0,4,1,4,2,2,7,9,2,5,1,0,3,3,2,8,2,2,1,2,5,1,2
386,2,1,1,2,0,2,5,9,2,5,0,0,0,3,2,8,3,2,3,3,5,1,2
992,5,2,1,4,0,0,0,9,0,5,7,0,0,3,2,8,2,2,1,2,5,3,2
513,2,0,1,1,2,2,11,6,1,5,0,3,0,3,2,8,2,9,0,2,5,13,2
559,2,3,1,1,0,2,0,6,2,0,7,0,3,3,8,8,3,3,3,3,5,3,2
127,2,2,1,4,0,1,8,7,2,5,7,0,2,3,6,2,3,2,0,2,5,3,2
385,5,0,1,4,0,1,3,7,1,5,0,0,0,3,2,8,2,2,0,1,5,11,2
437,4,0,1,2,0,1,0,12,2,5,1,0,0,3,2,8,2,2,3,3,5,1,2
492,3,2,1,4,0,2,10,7,4,5,1,0,3,0,2,8,2,0,3,3,5,1,2
430,6,1,1,4,0,2,8,7,4,5,1,0,0,3,2,8,2,11,3,3,5,10,2
143,0,0,1,4,0,3,5,7,4,5,5,0,0,3,2,8,2,2,3,3,5,3,2
403,4,2,1,4,0,0,5,7,4,5,7,0,0,3,2,8,2,2,2,2,5,12,2
163,1,3,1,4,0,0,11,1,4,5,0,0,0,3,2,8,2,2,1,2,5,16,2
1016,1,0,1,4,0,2,0,7,4,5,1,0,0,3,3,8,2,2,0,2,5,16,2
401,6,2,1,4,0,4,0,7,6,5,7,0,0,3,2,8,2,7,3,3,5,9,1
39,0,0,1,4,0,3,7,2,4,5,7,0,0,3,2,8,2,2,0,2,5,3,1
155,4,4,0,4,0,3,14,7,0,5,5,0,0,3,2,8,1,0,3,3,5,0,2
545,0,4,1,4,2,0,0,6,6,5,7,0,3,3,4,8,2,2,3,3,5,10,2
385,3,4,1,1,0,5,9,7,1,5,7,0,3,3,2,2,3,2,2,2,5,1,2
435,6,4,2,4,0,4,0,7,2,5,7,0,0,3,2,8,2,7,2,2,5,13,2
751,5,3,1,1,0,2,3,4,4,5,7,0,0,0,2,2,3,3,3,3,5,4,2
546,3,1,1,4,0,1,8,6,2,5,0,0,0,0,2,8,2,2,3,3,5,1,2
370,6,1,1,4,0,1,14,7,2,5,7,0,0,3,2,2,1,2,3,3,5,9,2
394,5,0,1,4,0,3,0,6,1,6,7,0,0,3,2,8,2,4,1,2,5,9,2
460,5,4,0,4,0,1,7,12,6,5,7,0,3,0,2,8,1,9,0,2,5,0,2
954,5,0,1,1,0,1,9,7,2,5,1,0,0,3,2,8,2,3,0,2,5,3,2
335,0,1,1,2,0,0,11,9,4,5,1,0,0,3,2,8,2,2,0,2,5,3,2
344,3,2,1,4,0,2,0,7,4,5,5,0,0,3,2,0,1,2,0,2,5,3,2
404,2,2,1,4,0,1,7,5,2,7,1,3,3,0,3,2,1,7,0,2,5,3,1
900,4,0,1,1,0,2,5,7,6,5,0,0,0,3,2,6,1,1,3,3,5,13,2
720,1,0,0,4,0,0,0,9,6,5,7,0,3,0,4,8,2,9,3,3,5,11,2
174,5,2,1,4,0,0,10,7,4,5,1,0,3,3,4,8,2,2,0,2,5,0,2
779,2,4,0,4,0,4,16,9,6,5,7,0,0,0,7,8,2,2,0,2,5,5,2
304,4,4,0,4,0,3,0,2,4,5,7,0,0,3,2,8,1,2,3,3,5,0,2
139,6,0,1,4,0,1,0,6,4,5,7,0,3,3,4,8,2,3,1,2,5,8,1
151,2,1,1,4,0,2,8,9,4,5,7,0,0,3,7,8,2,2,0,2,5,1,2
181,3,0,1,5,2,2,5,6,0,5,7,0,3,3,4,8,2,2,0,2,5,4,2
85,0,0,1,1,0,3,0,9,6,5,3,0,3,3,2,8,1,2,2,2,5,13,2
930,5,1,1,4,0,4,0,6,4,5,7,0,0,3,2,2,3,2,3,3,5,10,1
150,6,0,1,4,0,1,3,9,0,5,7,0,0,3,2,8,1,2,2,2,0,3,2
685,3,0,1,2,0,1,0,6,4,5,1,0,0,0,2,1,2,2,0,2,5,12,2
496,5,3,1,2,0,4,5,7,2,7,7,0,3,3,4,8,2,4,0,2,5,1,2
422,6,3,1,1,0,2,2,3,4,7,0,0,0,3,2,2,2,4,0,2,5,0,2
525,2,1,1,1,0,1,0,7,2,5,1,0,0,2,7,2,2,2,3,3,5,9,2
668,3,1,1,4,0,1,8,7,2,5,7,0,0,0,2,2,2,2,3,3,5,10,2
187,4,1,1,1,2,2,0,6,6,5,1,0,0,3,2,8,2,2,1,2,5,1,2
97,0,2,1,4,0,1,10,7,6,5,7,0,0,3,2,8,2,3,3,3,5,11,2
599,4,1,1,2,2,1,7,7,2,5,7,0,0,0,2,8,2,2,0,2,5,1,2
247,6,2,1,4,0,3,0,4,4,5,0,0,0,3,4,8,3,2,3,3,5,9,1
467,1,0,1,4,0,3,15,7,2,5,7,3,0,3,2,2,1,9,3,3,5,10,2
992,1,2,1,4,0,3,5,6,2,5,7,0,3,3,2,1,1,11,0,2,5,13,0
781,4,0,1,4,2,2,0,2,3,5,1,0,0,0,2,8,2,2,3,3,5,7,2
41,6,1,1,4,0,4,3,9,2,5,1,0,3,3,4,8,3,2,3,3,5,3,2
83,0,1,1,1,0,3,5,9,4,5,7,0,0,3,2,8,1,2,3,3,5,1,2
127,3,1,1,4,0,4,0,7,2,5,1,0,3,3,8,2,1,0,0,2,5,9,2
549,1,1,1,4,0,0,5,2,0,5,2,0,0,3,2,8,2,1,0,2,5,10,2
997,5,0,1,4,0,0,0,7,4,5,7,0,0,3,2,8,1,3,2,2,5,10,2
351,5,3,1,1,0,4,8,12,4,5,1,2,0,3,2,8,2,1,0,2,5,9,2
352,0,1,1,4,0,4,4,7,4,5,1,0,0,3,2,6,2,9,3,3,5,12,2
188,1,1,1,4,0,2,5,7,2,5,7,0,0,3,2,8,2,2,0,2,5,11,2
463,3,4,0,1,0,1,5,12,2,5,0,0,0,0,2,8,1,2,3,3,5,1,2
118,6,4,0,4,0,0,10,6,6,5,1,0,0,3,2,8,2,2,3,3,5,12,2
327,2,1,1,4,0,2,11,7,2,5,7,0,0,3,2,8,2,2,3,3,5,0,2
875,1,1,1,4,0,1,3,6,4,5,7,0,0,3,2,8,2,2,2,2,0,1,2
594,3,4,0,4,0,2,7,6,4,5,1,0,0,0,2,8,1,2,2,1,5,9,1
130,1,4,0,6,0,2,7,6,2,5,7,0,0,3,2,8,3,2,0,2,5,13,2
247,2,1,1,0,0,1,0,7,2,5,7,0,0,3,2,8,2,2,0,2,5,3,2
1024,4,3,1,4,0,2,10,9,4,5,7,0,3,3,2,8,2,2,3,3,5,11,2
143,0,0,1,4,0,1,5,7,6,5,5,0,0,3,2,8,2,2,0,2,5,3,2
463,0,1,1,1,0,2,0,7,6,5,3,0,0,3,2,8,3,5,3,3,5,12,2
546,6,2,1,4,0,2,0,7,6,5,7,0,0,3,2,1,2,2,0,2,5,0,2
297,6,1,1,4,2,2,7,4,4,6,1,0,0,3,2,8,2,2,3,3,5,3,2
415,5,4,1,4,0,3,0,9,2,5,1,0,0,3,2,8,2,1,2,2,5,0,2
930,5,2,1,1,0,1,7,6,2,6,7,0,0,3,2,8,3,2,0,2,5,1,1
143,0,0,1,4,0,2,9,2,6,5,5,0,0,3,2,8,2,6,1,2,5,1,2
930,6,2,1,4,0,0,0,9,4,5,1,0,3,3,2,3,3,2,3,3,5,10,2
255,6,2,1,4,2,1,0,12,0,5,1,0,0,3,2,8,2,3,0,2,5,11,2
937,0,1,1,4,0,2,0,6,2,5,0,0,0,3,2,8,2,2,0,2,5,3,2
426,4,1,1,2,0,0,15,9,4,5,7,0,0,3,2,8,4,3,0,2,5,16,2
348,2,4,1,4,0,0,0,9,6,5,7,0,0,3,2,8,2,2,0,2,5,3,2
345,5,1,1,4,0,4,5,6,0,5,1,0,0,3,2,8,2,8,3,3,5,12,2
375,4,4,1,4,0,0,11,7,4,5,7,0,0,3,2,8,2,2,1,2,5,12,2
59,4,2,1,4,0,4,7,7,4,5,3,0,0,3,2,8,1,4,0,2,5,9,2
553,6,1,1,1,0,2,5,6,1,5,1,0,3,0,2,8,2,2,3,3,5,12,2
698,0,1,1,4,0,3,0,7,2,5,1,0,0,0,2,8,1,2,3,3,5,12,2
357,1,0,1,4,0,3,0,9,4,5,7,0,0,3,2,8,2,2,2,2,5,14,2
16,2,0,1,4,0,1,5,6,5,5,0,0,0,0,2,2,2,2,0,2,5,12,2
197,1,0,1,4,0,2,7,13,6,5,1,0,0,3,2,2,3,7,1,2,5,10,1
564,0,2,1,4,0,2,0,12,2,5,7,0,0,0,2,8,2,1,3,3,5,9,2
392,0,2,1,4,0,0,3,1,6,5,0,0,0,3,2,8,2,2,0,2,5,0,2
440,2,1,1,0,0,4,9,6,2,5,7,0,0,0,2,8,3,9,2,2,5,1,1
385,3,4,1,4,0,3,0,2,4,5,7,0,3,3,2,8,3,2,0,2,5,0,2
74,4,1,1,4,0,0,0,6,4,7,1,0,0,3,2,0,1,2,0,2,5,13,1
913,4,2,1,1,0,2,5,1,6,5,7,0,0,3,2,8,2,2,0,2,5,9,2
299,6,3,1,4,0,2,0,9,4,5,3,0,0,3,2,8,2,2,0,2,5,9,2
501,0,0,1,4,0,4,10,7,6,5,1,0,0,3,2,8,2,2,0,2,5,11,2
921,6,0,1,4,2,4,10,7,6,5,1,0,0,3,2,8,2,7,3,3,5,11,2
727,2,1,1,4,2,2,5,6,0,5,7,0,0,1,2,8,2,2,3,3,5,10,1
453,5,1,1,4,0,2,0,6,4,5,1,0,0,3,2,1,2,2,0,2,5,9,2
362,5,1,1,1,0,0,4,9,1,5,1,0,0,3,2,8,2,2,0,2,5,3,2
486,1,0,1,4,0,0,9,2,2,5,7,0,0,0,2,8,2,2,3,3,5,9,2
218,1,1,1,4,0,4,5,6,2,5,7,0,0,3,2,8,2,3,3,3,5,0,2
364,6,0,1,4,0,0,10,7,2,5,1,0,3,3,4,8,2,9,0,2,5,10,2
1019,2,3,1,4,2,1,9,9,2,5,0,0,0,3,2,8,2,2,0,2,5,9,2
229,3,2,1,4,0,1,2,6,4,5,7,0,0,3,2,2,3,7,0,2,5,10,2
664,3,1,1,4,0,1,14,2,2,5,4,0,0,0,2,8,2,2,0,2,5,0,2
463,2,2,1,1,0,4,10,9,2,5,7,0,0,3,2,8,2,2,1,2,5,9,0
610,1,1,1,4,0,4,10,6,6,7,7,0,3,3,4,8,2,4,2,1,5,11,2
192,4,3,1,4,0,1,7,9,4,5,1,0,0,3,2,8,2,2,3,3,5,3,1
548,5,0,1,1,0,2,7,5,2,7,1,0,3,0,4,8,2,3,0,2,5,0,2
868,0,1,1,2,0,4,9,6,4,5,0,0,3,0,4,8,2,2,0,2,5,3,1
520,3,0,1,2,2,1,11,6,4,5,3,0,0,3,2,2,2,2,3,3,5,0,2
13,2,3,1,4,2,2,0,9,6,8,1,0,0,0,2,8,2,2,0,2,5,9,2
400,1,3,1,4,0,1,5,6,4,5,3,0,0,3,2,1,2,1,1,2,5,10,2
89,0,0,1,1,0,2,9,7,4,5,1,0,0,3,2,2,2,2,0,2,5,3,2
277,6,4,1,4,0,1,4,9,2,5,7,0,0,3,2,8,2,2,0,2,5,11,2
492,0,1,1,4,0,2,9,6,6,5,6,2,0,3,2,8,4,7,3,3,5,10,2
63,2,4,1,1,0,1,11,4,6,5,1,0,0,3,2,8,1,1,3,3,5,0,2
692,0,0,1,4,0,0,4,5,2,5,7,0,3,0,4,8,2,2,0,1,5,10,1
116,6,0,1,1,0,0,0,7,3,5,3,0,0,3,2,8,3,4,0,2,5,11,2
207,6,1,1,4,0,4,7,7,1,5,1,0,3,3,4,8,2,2,1,2,5,0,2
323,0,1,1,6,2,2,4,6,1,5,1,3,0,3,2,8,4,2,1,2,5,1,2
672,6,1,1,1,0,2,5,4,5,5,7,0,3,0,4,2,2,2,3,3,5,16,2
177,6,1,1,2,0,4,8,7,1,5,7,0,0,3,2,1,2,2,0,2,5,0,1
683,6,0,1,1,2,2,7,7,2,5,7,0,0,3,2,8,2,2,1,1,5,12,2
501,0,0,1,4,2,2,7,7,2,5,7,0,0,3,2,8,2,2,3,3,5,11,1
689,2,4,1,4,0,3,5,7,4,5,1,0,3,0,4,8,3,2,3,3,5,10,2
956,6,0,1,4,0,0,10,6,2,5,3,0,3,3,4,6,2,2,0,2,5,15,2
420,5,1,1,4,0,2,5,7,0,5,1,0,0,3,2,8,2,2,3,3,5,0,2
1001,5,4,1,6,2,2,8,7,2,5,1,0,0,3,2,1,2,2,0,2,5,0,2
141,3,1,1,4,2,1,6,9,2,5,0,0,0,3,2,8,2,0,3,3,5,10,2
357,1,0,1,4,0,3,5,4,6,5,7,0,3,0,4,8,2,2,0,2,5,10,2
308,4,3,1,1,0,2,8,7,4,5,1,1,0,3,2,8,3,7,3,3,5,3,2
964,1,1,1,4,0,2,5,6,1,5,7,2,3,3,4,6,2,2,3,3,5,11,2
949,2,0,1,2,0,1,5,6,0,5,1,0,0,3,2,8,2,2,0,2,5,12,2
237,3,1,1,1,2,2,9,6,2,2,1,0,0,3,2,8,1,2,3,3,5,3,1
728,6,4,0,4,0,0,5,7,2,5,0,0,0,0,2,8,2,2,3,3,5,16,2
534,0,2,1,4,0,0,0,9,2,5,7,0,3,0,2,8,2,4,3,3,5,16,2
193,2,2,1,4,0,1,15,9,2,5,1,0,3,3,4,8,2,2,3,3,5,7,2
1007,6,1,2,4,0,2,14,6,4,5,7,0,3,3,4,8,2,2,0,2,5,11,2
538,3,2,1,4,0,3,10,9,4,5,0,0,3,1,4,2,2,2,0,2,5,1,2
482,2,4,1,1,0,1,10,2,0,5,1,0,0,0,2,8,2,2,0,2,5,10,2
926,0,1,1,4,0,2,8,7,4,5,7,0,3,3,4,8,2,2,0,2,5,12,2
323,4,1,1,2,0,0,9,6,2,5,1,0,0,3,2,8,2,2,2,2,5,9,2
549,3,2,1,4,0,0,5,6,2,5,1,0,0,3,2,8,3,7,0,2,5,3,1
701,1,0,1,1,0,1,0,6,2,5,1,0,3,0,4,8,2,2,2,2,6,3,2
467,4,1,1,4,0,3,0,6,2,5,1,0,0,0,2,8,2,3,0,2,5,1,1
619,0,2,1,4,0,1,6,6,0,5,5,0,3,0,2,1,2,2,2,2,4,11,2
662,6,1,1,0,0,0,9,7,6,3,0,0,0,0,2,2,2,2,0,2,5,1,2
453,6,0,1,4,2,1,14,3,1,5,1,0,3,2,8,8,2,2,0,2,5,12,2
400,0,4,1,4,0,1,14,7,2,5,0,0,0,3,2,8,4,4,1,2,5,4,2
237,6,0,1,4,0,3,4,9,6,5,7,0,0,3,2,2,2,2,2,2,1,3,2
921,5,0,1,2,0,1,5,7,4,5,7,0,0,3,2,2,2,2,0,2,5,0,2
408,5,0,1,1,0,2,9,1,6,5,7,0,3,3,4,1,2,2,0,2,5,1,2
178,2,0,1,1,0,4,5,7,4,5,0,0,0,3,2,8,1,2,0,2,5,9,2
453,4,2,1,4,0,1,7,7,6,3,1,0,0,3,2,8,2,2,0,2,5,16,2
139,6,2,1,1,0,3,5,9,4,5,7,1,0,3,2,8,2,2,3,3,5,6,2
150,1,1,1,4,0,3,0,12,2,5,7,0,3,3,2,8,2,3,0,2,5,11,2
300,2,4,1,4,0,2,5,7,2,5,7,0,0,3,2,8,2,2,3,3,5,5,1
916,0,0,1,4,0,3,12,7,6,5,7,0,3,3,4,8,3,2,3,3,5,12,2
58,6,0,1,4,0,4,5,9,0,5,0,4,0,3,2,8,3,4,2,2,5,3,2
151,2,1,1,1,2,1,5,2,4,3,7,0,0,3,7,2,2,2,2,2,5,12,2
624,2,0,1,2,0,0,0,7,1,5,1,0,0,3,2,8,4,2,0,2,5,5,1
435,5,1,1,1,0,2,7,5,4,5,7,0,0,3,2,8,2,2,0,2,5,4,2
463,3,1,1,1,0,2,5,6,4,5,7,0,0,3,2,8,1,2,2,2,0,9,2
930,6,1,1,2,0,0,5,9,4,3,1,0,3,3,3,8,2,2,0,2,5,10,2
555,6,4,1,4,2,1,5,7,2,5,1,0,0,3,2,8,3,2,3,3,5,9,2
348,5,2,1,4,0,2,14,9,4,5,5,0,0,3,2,8,2,2,2,2,5,3,2
638,2,0,1,4,0,4,7,6,2,2,7,0,0,0,2,8,2,2,1,2,5,3,2
234,3,0,1,1,2,2,0,5,4,5,1,0,0,3,2,2,1,2,3,3,5,0,2
956,1,0,1,1,0,0,10,7,3,5,7,0,0,3,2,8,2,2,1,1,5,4,2
192,2,1,1,4,0,2,9,9,2,5,7,0,0,3,2,8,2,2,2,2,5,0,2
921,2,0,1,4,0,3,8,7,4,5,0,0,0,3,2,8,2,2,1,2,5,16,2
348,6,0,1,2,2,1,0,4,4,5,7,0,0,3,2,2,2,2,3,3,5,0,2
365,2,0,1,4,0,4,7,2,2,5,7,0,0,3,2,8,1,2,0,2,5,9,2
651,2,1,1,1,2,2,15,7,4,5,0,0,3,0,3,2,2,2,0,2,5,1,2
74,2,1,1,4,0,0,14,7,4,5,1,0,0,3,2,6,2,5,3,3,5,1,2
233,3,0,1,4,0,1,0,2,2,5,0,0,0,3,2,8,2,2,3,3,5,3,2
173,0,0,1,4,2,1,8,6,0,1,3,0,0,3,2,2,2,2,0,0,5,3,1
29,0,0,1,6,0,2,5,7,2,5,7,0,3,0,4,8,2,5,0,2,5,10,2
323,5,0,1,1,0,2,4,1,6,5,1,0,0,3,0,8,1,2,0,2,5,4,1
404,4,4,0,4,0,6,7,6,4,7,1,0,0,3,2,8,3,2,1,2,5,1,2
517,5,2,1,4,0,1,10,7,2,5,7,0,0,3,2,8,2,2,3,3,5,9,0
139,5,0,1,4,0,3,8,6,1,5,7,0,0,3,2,8,2,2,2,2,6,10,2
54,3,0,1,4,0,4,15,6,2,5,7,0,0,3,7,8,2,2,2,2,5,0,2
83,0,1,1,1,2,3,0,7,4,5,0,0,3,3,2,2,1,3,0,2,5,1,2
607,3,3,1,4,0,0,0,12,0,5,3,0,3,3,2,2,2,5,0,2,5,3,2
205,3,4,1,4,0,0,7,5,4,7,1,0,0,3,2,8,1,2,0,2,5,12,2
348,5,1,1,4,0,1,5,9,2,5,7,0,0,3,2,1,1,7,3,3,5,10,2
520,0,2,1,1,0,2,0,7,1,5,1,0,0,3,2,8,1,2,0,2,5,1,2
433,4,1,1,4,0,2,5,6,1,5,3,0,0,0,2,8,1,4,0,2,5,1,1
534,3,4,1,2,1,3,8,7,0,5,0,0,0,0,2,8,1,2,3,3,5,12,2
599,0,1,1,1,0,2,15,6,6,5,1,0,0,3,2,8,1,2,3,3,5,10,2
297,4,1,1,4,0,2,0,12,2,5,0,0,3,3,4,8,1,2,2,1,5,9,2
529,6,1,1,4,2,2,0,7,2,5,1,0,0,0,2,8,1,2,0,2,5,10,2
206,2,0,1,4,0,3,0,9,4,5,7,0,3,3,4,8,2,9,3,3,5,10,1
357,6,1,1,4,0,2,5,9,6,5,7,0,3,0,4,8,1,2,3,3,5,0,2
458,2,0,1,4,0,2,0,9,4,5,7,0,3,0,4,2,2,2,3,3,5,9,2
274,0,0,1,4,0,2,7,7,4,5,0,0,0,3,7,8,2,2,3,3,5,9,2
534,2,0,1,2,2,4,0,9,1,5,1,0,0,2,2,6,1,7,3,3,5,4,2
784,5,4,1,4,0,1,14,4,4,5,1,0,0,0,2,2,1,2,3,3,5,3,2
943,1,0,1,4,0,3,5,6,4,5,3,0,3,3,5,2,2,2,0,2,5,9,2
348,5,1,1,1,2,3,15,9,2,5,7,0,0,3,2,8,2,2,0,2,5,3,2
844,6,1,1,1,0,2,0,7,0,6,3,0,0,0,2,8,2,2,2,2,6,12,2
453,0,0,1,4,2,2,7,6,2,5,0,1,0,0,2,8,2,2,3,3,5,1,2
501,0,0,1,5,2,3,7,7,0,5,1,0,0,3,2,8,2,2,0,2,5,1,2
956,5,1,1,4,0,2,0,7,1,0,7,0,0,3,2,8,2,2,3,3,5,1,1
264,1,1,1,4,2,4,7,6,4,5,7,0,0,3,2,1,1,2,0,2,5,9,2
449,4,0,1,1,0,2,0,7,0,5,1,0,3,0,0,8,2,2,2,2,5,3,2
515,3,1,1,4,0,4,8,6,2,2,7,0,0,3,2,2,3,3,1,2,5,13,2
139,2,1,1,1,0,0,5,7,4,5,0,0,0,3,2,8,2,3,3,3,5,12,2
201,3,3,1,2,2,0,15,6,2,5,1,0,0,3,2,6,2,2,3,3,5,1,2
527,1,0,1,4,2,0,9,7,4,5,7,0,0,0,3,2,3,2,2,2,5,18,2
820,5,1,1,4,0,2,0,7,4,5,0,2,0,0,2,8,2,2,0,1,5,10,2
348,0,1,1,4,0,4,4,7,4,5,1,2,0,0,2,8,2,2,3,3,5,12,1
274,3,1,1,4,0,1,10,4,6,5,7,1,0,3,2,8,2,2,3,3,5,3,2
37,5,0,1,4,0,3,5,6,4,7,1,0,3,0,4,8,2,3,3,3,5,0,2
42,4,1,1,6,0,2,5,7,2,5,7,0,0,3,2,1,2,2,0,2,5,1,2
568,1,0,1,2,0,1,0,6,3,5,0,0,0,3,2,8,2,2,3,3,5,16,2
143,0,2,1,4,0,0,0,7,2,5,7,0,3,3,8,8,3,2,2,2,5,10,2
357,6,1,1,4,0,1,0,12,6,5,7,0,0,3,2,8,1,2,0,2,5,9,2
969,6,0,1,4,2,1,0,6,2,6,7,0,0,3,2,8,2,2,3,3,5,16,1
682,5,0,1,1,1,2,7,6,4,5,0,0,0,0,2,8,3,10,3,3,5,9,2
880,5,1,1,0,0,3,7,7,1,5,1,0,0,3,2,8,2,7,3,3,5,10,2
398,2,1,1,1,0,0,6,7,0,5,7,0,0,3,2,8,2,3,0,2,5,0,2
415,6,0,1,1,0,1,9,7,0,6,7,0,3,0,2,8,2,2,0,2,5,12,2
856,2,2,1,4,2,0,5,9,2,5,0,0,3,0,4,8,3,2,0,2,5,13,2
708,5,0,1,4,0,3,4,6,2,5,7,0,3,0,2,8,2,3,2,2,5,11,2
80,4,0,1,1,2,0,0,7,0,5,0,0,0,3,2,8,2,2,2,2,5,10,2
691,2,0,1,5,2,3,14,7,4,5,1,0,0,0,2,8,2,2,0,2,5,1,1
350,3,3,1,2,0,0,11,6,2,5,1,0,0,3,2,8,2,11,1,2,5,3,2
916,5,1,1,4,0,2,5,6,4,5,1,0,3,3,2,2,2,2,0,2,5,0,1
453,0,4,1,4,0,3,15,11,6,5,1,0,0,3,2,8,2,7,0,2,5,17,2
163,4,0,1,4,0,4,5,2,2,5,3,0,3,3,8,1,2,2,1,2,5,10,2
201,1,4,1,2,0,0,11,9,4,5,7,0,0,3,2,8,2,2,3,3,5,1,2