Time,Day_of_week,Age_band_of_driver,Sex_of_driver,Educational_level,Vehicle_driver_relation,Driving_experience,Type_of_vehicle,Area_accident_occured,Lanes_or_Medians,Road_allignment,Types_of_Junction,Road_surface_type,Road_surface_conditions,Light_conditions,Weather_conditions,Type_of_collision,Number_of_vehicles_involved,Vehicle_movement,Casualty_class,Casualty_severity,Pedestrian_movement,Cause_of_accident,Accident_severity
690,2,0,1,4,0,1,0,10,4,1,7,0,0,0,2,8,2,10,3,3,5,11,2
367,1,1,1,2,2,2,4,6,0,5,1,0,3,3,2,2,2,2,3,3,5,10,1
50,4,3,1,1,2,1,3,6,4,5,3,0,0,3,2,8,2,3,0,2,5,10,2
352,0,0,1,4,0,1,3,7,4,5,1,0,0,3,2,8,2,2,3,3,5,10,2
907,6,1,1,1,0,0,0,1,1,6,1,0,3,0,3,2,2,2,3,3,5,7,2
497,1,2,1,5,2,3,14,7,6,5,3,0,0,3,2,2,2,2,3,3,5,0,2
204,1,0,1,4,0,2,9,7,2,5,0,0,0,3,2,2,2,3,0,2,5,1,2
516,1,3,1,4,0,2,5,6,1,5,7,0,3,3,4,8,2,8,0,2,5,9,2
646,3,3,1,4,0,0,0,6,4,5,1,0,0,2,2,1,2,2,0,2,5,3,2
986,1,0,1,4,0,1,0,7,2,5,5,3,0,3,2,1,2,2,3,3,5,1,1
492,3,1,1,4,0,2,9,12,2,5,1,0,3,0,2,8,2,2,3,3,5,10,2
245,3,0,1,4,0,1,5,9,1,5,7,0,3,3,4,8,3,4,0,2,5,0,2
445,1,1,1,4,0,3,7,6,6,5,7,0,0,3,2,8,2,4,3,3,5,7,2
187,1,0,1,1,0,2,0,7,2,5,7,0,3,3,4,8,2,2,3,3,5,9,2
501,4,0,1,2,0,2,7,6,1,5,2,0,3,3,4,8,2,1,0,2,5,10,2
480,2,1,1,4,0,1,0,9,4,5,0,0,0,0,2,8,2,2,3,3,5,10,1
435,2,4,1,4,0,3,0,7,2,5,7,3,0,0,2,0,4,2,0,2,5,2,2
283,2,0,1,4,0,1,5,7,6,5,1,0,3,3,4,8,2,9,3,3,5,12,1
625,2,1,1,4,0,0,7,9,2,5,7,0,0,3,2,8,3,2,0,2,5,2,2
419,6,2,1,1,0,0,8,9,4,5,7,0,0,3,2,2,1,3,1,2,5,3,2
194,1,3,1,3,0,6,5,6,6,5,7,0,3,3,4,8,2,7,0,2,5,17,2
511,4,3,1,4,0,4,3,9,1,5,7,0,0,3,7,0,2,2,2,1,5,10,2
42,6,1,1,2,2,1,9,6,4,5,7,0,0,3,2,1,1,8,0,2,5,11,2
705,0,1,1,4,0,3,7,2,4,5,0,0,3,0,2,8,2,2,0,2,5,3,2
323,0,1,1,4,0,3,14,7,4,5,1,0,3,3,3,8,2,2,3,3,5,16,2
928,6,2,1,4,0,3,6,6,4,5,7,0,0,3,2,1,2,8,0,2,5,10,2
315,1,1,1,4,0,0,9,7,2,5,1,0,0,3,2,8,2,0,0,2,5,17,2
310,3,0,1,4,0,1,11,2,2,5,1,0,3,3,8,8,2,4,0,2,5,3,1
757,4,0,1,4,0,4,5,6,4,5,7,0,2,0,3,2,2,2,0,2,5,0,2
316,1,3,1,4,0,1,5,6,2,6,7,0,0,3,2,2,1,2,3,3,5,1,2
423,3,1,1,1,0,0,5,9,2,5,0,4,0,3,2,8,2,2,3,3,5,12,2
430,3,1,1,4,0,2,3,7,6,5,0,4,0,3,2,8,2,2,0,2,5,3,2
416,3,1,1,1,0,1,9,7,1,5,7,0,0,3,2,2,2,2,1,2,5,9,2
179,0,0,1,1,0,3,5,7,2,5,7,0,3,3,4,2,1,2,1,2,5,10,2
416,3,3,1,4,0,0,5,7,1,5,7,0,3,0,4,8,2,2,3,3,5,3,2
979,2,0,1,4,0,2,0,9,2,5,0,0,0,3,2,8,1,4,0,2,5,1,1
176,2,4,1,4,0,2,0,9,1,5,1,0,0,3,2,8,2,4,0,2,5,1,2
515,2,4,1,4,0,1,0,6,2,5,7,0,0,0,2,8,3,4,3,3,5,13,2
430,0,3,1,4,0,0,14,1,4,5,0,0,0,3,2,8,4,2,3,3,5,1,2
688,1,0,1,4,2,3,0,6,0,5,1,0,0,0,2,8,2,2,3,3,5,10,2
848,3,4,1,4,0,1,5,12,0,5,1,0,0,3,2,8,3,2,2,2,5,12,2
492,3,1,1,0,0,0,12,10,4,1,1,0,3,0,2,1,2,0,0,1,5,12,2
69,2,1,1,4,0,2,0,7,2,5,0,0,3,3,4,8,2,7,3,3,5,1,2
880,0,2,1,4,0,1,10,5,4,5,3,0,0,3,2,8,2,2,0,2,5,11,2
688,2,0,1,4,0,1,0,7,0,5,0,0,3,0,3,8,2,2,1,2,5,3,2
300,3,0,1,4,0,2,14,7,1,5,7,0,0,3,2,8,2,4,2,1,5,0,2
317,6,0,1,2,0,1,7,7,2,6,7,2,3,3,4,2,1,2,0,2,5,10,2
177,5,0,1,1,2,2,5,6,2,5,0,0,3,3,3,8,2,2,1,2,5,4,2
367,3,4,0,1,0,3,0,9,4,1,7,0,0,3,2,8,2,2,2,2,7,12,2
193,4,1,1,4,2,3,0,7,0,5,7,0,0,3,2,8,2,2,1,2,5,1,2
357,0,3,1,4,0,0,7,6,2,6,7,0,3,3,4,2,2,4,0,1,5,10,2
501,0,0,1,2,0,1,0,9,2,5,1,0,3,0,2,2,2,2,3,3,5,0,2
908,4,1,1,4,0,3,14,2,2,5,7,0,0,3,2,2,2,2,0,2,5,10,1
317,2,1,1,4,0,3,8,7,1,5,1,0,0,3,2,8,2,0,3,3,5,12,2
483,5,0,1,4,0,1,0,7,0,1,1,0,0,0,2,8,2,4,0,2,5,0,1
274,6,2,1,4,2,2,0,1,4,5,1,0,0,3,2,8,2,2,3,3,5,10,2
125,3,0,1,2,2,2,8,12,6,5,1,2,0,3,2,8,4,3,0,2,5,11,2
342,0,1,1,4,0,3,9,6,2,5,7,0,0,3,2,8,3,2,3,3,5,1,2
327,4,1,1,4,0,3,14,7,2,5,3,0,0,0,2,2,1,2,2,2,1,1,2
352,1,1,1,1,0,3,0,7,4,5,7,0,3,0,4,8,2,2,3,3,5,11,1
400,0,1,1,4,1,4,0,7,2,5,1,0,0,3,2,6,2,2,0,2,5,3,2
219,2,1,1,4,0,1,14,5,2,5,3,0,0,3,2,2,2,2,3,3,5,7,1
416,4,2,1,4,0,3,0,1,2,5,1,0,0,3,2,2,2,2,1,2,5,12,2
300,4,0,1,4,0,4,7,6,4,5,7,0,0,3,2,2,2,2,3,3,5,0,2
924,4,0,1,1,0,1,5,9,6,5,0,0,3,3,4,8,2,2,1,2,5,10,2
63,1,0,1,4,0,2,15,9,2,5,1,0,0,3,2,8,1,2,0,2,5,3,1
365,6,0,1,4,0,1,12,7,2,5,1,0,0,3,2,8,6,2,3,3,5,13,2
510,6,1,1,4,0,2,0,6,4,5,7,0,0,3,2,8,2,2,0,2,5,11,2
668,0,1,1,1,0,3,15,7,2,8,0,0,0,0,2,8,2,2,0,2,5,16,2
911,0,2,1,1,2,3,7,6,4,5,3,0,0,3,2,8,2,2,3,3,5,2,2
430,0,1,1,4,2,2,7,3,4,5,7,2,3,2,2,8,2,2,0,2,5,3,1
984,0,1,1,4,0,6,7,6,4,5,7,0,0,3,2,8,2,2,0,2,5,2,2
1003,1,0,1,2,2,1,11,1,4,5,1,0,0,3,2,2,2,5,0,2,5,3,2
352,0,4,1,4,0,2,3,7,4,7,1,0,0,3,2,8,2,2,0,2,5,11,2
432,0,2,1,4,0,2,5,2,6,5,3,0,3,0,2,2,2,2,3,3,5,9,2
463,3,3,1,2,0,1,0,7,2,5,7,0,0,3,2,8,2,4,0,2,5,10,2
167,1,0,1,4,0,2,9,6,0,5,1,0,3,3,4,8,2,7,0,2,5,12,2
193,4,0,1,4,2,2,0,7,4,5,7,0,0,3,2,8,2,2,1,2,5,9,2
964,6,1,1,2,0,3,5,6,0,5,1,0,0,3,2,8,2,2,2,1,0,3,1
325,0,2,1,4,2,1,7,7,6,5,1,0,3,3,3,8,1,9,1,2,5,10,1
463,2,0,1,4,0,0,16,2,2,5,1,0,0,3,2,8,2,2,3,3,5,10,1
581,5,0,1,4,2,2,5,7,4,5,0,0,0,0,2,8,2,2,2,2,5,3,2
103,6,2,1,4,0,1,0,6,2,5,7,0,0,3,2,8,3,1,0,2,5,3,2
952,1,1,1,4,0,2,8,6,2,5,7,0,3,3,4,8,1,2,0,2,5,4,1
629,4,0,1,1,0,0,0,2,2,5,0,0,0,2,2,6,2,9,0,2,5,8,2
463,2,4,1,4,0,2,10,6,1,5,7,0,0,3,2,8,2,2,3,3,5,0,0
668,3,0,1,4,0,2,0,9,6,5,1,0,0,0,7,8,2,2,3,3,5,1,2
964,1,0,1,1,0,3,5,7,4,5,7,0,0,3,2,8,2,2,3,3,5,10,2
450,5,0,1,2,0,2,5,2,6,5,1,0,3,0,4,1,2,4,2,2,5,4,2
307,4,0,1,4,0,2,0,4,4,5,1,0,0,3,2,8,1,2,1,2,5,1,1
845,0,1,1,1,0,0,7,9,2,5,7,0,0,3,2,2,2,3,0,2,5,0,2
192,0,2,1,4,0,3,0,6,2,5,1,0,0,3,2,2,2,2,0,2,5,1,2
612,5,1,1,1,0,2,3,6,2,5,0,0,0,3,2,8,2,4,1,2,5,10,1
327,5,1,1,4,0,1,5,2,6,5,7,0,0,3,2,8,2,2,3,3,5,11,2
158,4,1,1,4,0,0,10,2,2,5,7,0,0,3,2,8,2,2,3,3,5,4,2
944,6,1,1,4,0,1,5,7,4,5,7,0,0,3,3,8,2,2,3,3,5,0,2
136,2,0,1,2,2,4,8,7,6,5,7,4,0,3,2,2,2,9,3,3,5,0,2
907,6,2,1,4,0,2,0,7,4,5,1,0,3,0,3,8,2,2,1,2,5,11,2
692,4,1,1,4,0,0,9,7,2,5,7,0,0,0,2,2,2,2,0,2,5,4,2
455,2,0,1,4,2,4,14,6,0,0,7,0,0,3,2,8,2,2,3,3,5,13,2
130,1,0,1,4,0,3,8,2,4,5,7,0,0,3,2,8,2,2,3,3,5,13,2
439,4,3,1,4,0,1,5,6,4,5,1,0,3,0,2,1,1,6,3,3,5,1,1
401,0,2,1,1,0,0,11,7,1,5,7,0,3,3,2,8,1,1,3,3,5,7,2
310,5,4,1,2,0,1,0,2,2,5,7,0,0,3,2,2,2,2,0,2,5,0,2
114,0,0,1,4,0,2,11,6,4,5,1,0,0,3,2,8,2,2,2,2,5,5,2
362,0,4,1,4,0,0,0,7,2,5,7,0,0,3,2,8,1,2,3,3,5,4,2
574,0,1,1,1,0,0,5,6,2,5,7,0,0,3,2,8,2,2,3,3,5,0,2
315,2,1,1,4,0,3,0,12,2,5,0,0,0,3,2,2,2,2,3,3,5,3,2
323,5,0,1,4,0,0,5,6,6,7,1,0,3,3,4,6,2,2,3,3,5,5,2
352,1,0,1,4,0,3,3,6,0,5,7,0,0,3,2,8,2,3,2,2,2,12,2
479,0,0,1,4,0,1,5,7,2,6,0,4,3,0,4,2,2,7,2,2,6,0,2
988,0,1,0,1,0,2,8,12,6,3,1,0,3,0,2,2,2,2,0,2,5,4,2
903,4,0,1,1,0,4,7,7,2,5,1,0,0,3,2,8,2,9,0,2,5,16,2
546,5,0,1,4,0,2,5,9,4,5,0,0,0,0,2,8,2,2,3,3,5,10,2
930,1,0,1,4,0,4,5,9,0,5,7,0,0,3,2,6,1,2,3,3,5,12,2
366,1,1,1,4,0,1,7,6,2,5,0,0,0,3,2,6,2,7,0,2,5,1,2
395,1,2,1,1,0,2,7,6,4,5,7,0,0,3,2,8,2,1,3,3,5,3,2
689,2,1,1,4,0,0,7,7,2,5,0,0,0,0,2,8,2,2,0,2,5,1,2
475,5,0,1,2,0,5,0,6,4,5,7,0,0,3,2,8,2,7,0,2,5,5,2
612,1,0,1,4,0,4,14,6,2,2,1,0,0,2,2,8,2,2,3,3,5,10,2
228,4,2,1,4,0,3,0,7,4,5,1,0,0,3,2,8,1,4,0,2,5,9,2
805,1,0,1,4,0,1,7,6,6,5,7,0,3,0,4,1,1,3,3,3,5,10,2
399,1,0,1,4,2,2,10,7,2,5,7,0,3,0,2,8,2,2,2,2,5,3,2
715,2,1,1,2,0,3,0,6,3,5,0,0,0,0,2,8,2,2,3,3,5,5,2
501,6,0,1,2,2,3,8,2,2,5,0,0,0,0,2,2,2,2,0,2,5,0,2
737,0,1,1,4,0,3,0,7,0,5,0,0,0,0,2,8,2,2,2,2,6,3,1
969,5,4,1,2,0,2,5,6,4,5,7,0,0,3,2,8,1,2,0,2,5,1,2
323,2,4,0,4,0,2,0,7,4,5,7,0,3,3,2,8,2,2,2,2,1,12,2
555,3,2,1,4,2,4,7,7,2,5,7,3,0,0,2,2,2,2,0,2,5,1,2
643,0,2,1,1,0,2,5,2,1,5,0,0,0,0,2,8,3,2,3,3,5,3,1
964,6,0,1,4,0,4,3,7,2,5,1,3,3,2,2,2,2,2,3,3,5,12,1
953,4,1,1,4,0,3,5,7,4,5,7,0,0,3,2,2,2,2,0,2,5,3,2
390,6,0,1,4,0,0,8,7,2,5,1,0,0,3,0,8,2,2,2,1,5,1,2
520,3,0,1,4,0,3,0,7,4,5,3,0,0,3,2,1,2,3,0,2,5,4,2
97,3,0,1,4,0,2,0,7,4,5,1,0,3,3,4,8,3,12,0,2,5,10,2
177,3,0,1,0,0,2,7,6,4,5,1,4,0,3,2,1,1,2,2,1,5,12,1
788,3,0,1,4,0,3,7,7,4,5,1,0,0,0,2,8,2,3,1,2,5,12,2
646,1,1,1,4,2,2,5,9,6,5,1,0,3,0,2,2,1,2,1,2,5,14,2
956,1,0,1,4,0,3,0,9,4,5,7,0,0,3,2,8,2,4,3,3,5,13,2
561,2,0,0,2,2,1,0,7,4,5,2,0,3,0,2,8,2,2,0,2,5,12,1
548,0,0,1,4,0,1,5,6,2,5,7,0,3,0,4,8,2,2,3,3,5,10,2
789,2,4,1,4,2,3,10,6,0,5,1,0,0,0,2,2,2,2,0,1,5,3,2
921,0,1,2,4,0,0,0,2,2,5,1,0,0,3,2,2,2,9,0,2,5,16,2
515,0,1,1,4,0,2,11,7,6,5,7,0,0,3,2,8,1,3,0,2,5,0,1
701,2,3,1,4,2,2,11,12,6,3,7,0,0,0,2,8,2,3,3,3,5,13,1
760,3,0,1,1,0,1,9,7,6,5,1,0,0,2,7,8,1,4,0,2,5,10,2
956,4,0,1,4,0,0,0,2,4,5,0,0,0,3,2,8,2,2,2,2,0,10,2
463,2,2,1,4,0,0,10,6,2,5,1,0,0,3,2,8,3,4,3,3,5,12,2
541,4,1,1,4,2,3,0,7,2,5,7,0,0,3,2,8,2,2,0,2,5,0,1
255,5,1,1,4,0,3,9,7,2,5,7,0,0,3,2,8,3,2,0,1,5,10,2
194,6,3,1,4,0,2,7,4,2,5,2,0,0,3,2,8,2,2,0,2,5,3,2
559,2,3,1,4,0,1,7,6,4,5,7,0,3,3,8,6,3,2,0,2,5,0,2
247,2,1,1,2,2,1,5,7,4,5,2,0,0,3,2,8,1,4,3,3,5,0,2
535,4,0,1,4,2,2,0,6,6,5,7,0,0,0,2,8,1,2,2,1,6,0,2
1003,1,1,1,4,2,3,0,7,2,5,1,0,0,3,2,8,1,9,0,2,5,3,2
139,6,2,1,1,1,2,0,12,2,5,7,0,0,3,7,8,2,2,0,2,5,10,2
838,1,2,1,1,0,1,0,6,6,5,1,0,0,3,2,8,2,2,0,2,5,1,2
855,6,2,1,1,0,2,0,6,0,5,5,0,3,0,4,8,2,2,2,1,0,9,2
647,5,0,1,4,0,2,3,2,4,3,1,0,3,0,2,1,2,2,0,1,5,3,2
97,3,1,1,4,0,3,5,6,4,5,1,0,0,3,2,8,2,9,2,2,5,0,2
969,5,4,1,4,0,3,8,10,4,1,7,0,0,3,2,8,1,2,2,2,5,19,2
494,5,2,1,4,0,4,8,6,4,5,1,0,0,0,2,8,3,2,2,1,5,10,2
54,4,2,1,4,0,1,0,7,1,3,7,0,0,3,2,8,2,2,2,1,5,5,2
141,3,2,1,2,2,2,5,7,6,5,0,0,0,3,2,8,2,9,3,3,5,17,2
315,2,2,1,4,0,4,6,9,2,5,5,0,3,3,2,2,1,2,2,2,1,7,2
498,1,1,1,4,0,2,0,4,2,5,7,0,0,3,2,0,2,2,3,3,5,1,2
395,6,1,1,1,0,1,10,6,4,5,1,0,0,3,2,8,2,2,0,1,5,0,2
1009,2,0,1,2,2,0,0,7,4,5,1,0,0,0,2,2,2,2,3,3,5,9,2
510,5,0,1,4,0,2,5,7,4,5,7,0,0,0,2,8,1,2,1,2,5,0,2
289,5,4,0,1,0,0,14,7,6,3,7,0,0,3,2,8,2,4,0,2,5,3,2
255,4,1,1,4,0,3,0,5,6,5,1,0,0,3,2,8,4,2,3,3,5,9,2
683,6,1,1,1,2,2,8,9,4,5,0,0,0,0,2,8,2,2,0,2,5,16,2
670,2,0,1,1,0,1,14,6,0,5,1,2,0,3,2,8,1,2,0,2,5,0,2
984,4,0,1,4,0,2,3,7,2,5,7,0,0,3,2,2,2,3,2,2,2,0,1
89,1,1,1,1,0,2,5,7,4,5,7,0,3,3,2,8,1,2,3,3,5,11,2
192,0,2,1,4,0,2,0,7,2,5,7,0,3,3,4,2,2,2,3,3,5,1,2
382,6,1,1,1,0,5,9,7,2,5,7,0,0,3,2,8,2,3,0,2,5,0,2
386,5,4,1,2,2,2,11,7,2,5,7,0,0,3,2,2,2,2,2,2,5,1,2
1019,1,4,1,4,0,1,4,9,0,5,1,0,0,3,7,2,1,2,3,3,5,11,1
267,6,1,1,4,2,3,3,9,4,5,1,0,0,3,2,8,1,2,3,3,5,9,2
1009,2,1,1,4,0,3,8,6,4,7,7,0,3,3,2,8,3,4,3,3,5,1,2
1022,2,0,1,4,2,2,9,6,2,5,0,0,0,3,2,2,2,2,3,3,5,1,2
357,1,0,1,4,0,5,0,6,2,5,0,0,0,3,2,6,2,2,0,2,5,2,2
933,0,1,1,6,0,4,6,7,2,5,7,0,0,3,2,6,2,4,3,3,5,1,2
350,1,2,1,4,0,4,15,2,0,5,0,0,3,3,4,8,1,1,0,2,5,0,2
458,2,0,1,4,0,1,0,12,6,5,1,0,0,3,2,2,2,2,0,2,5,13,2
494,3,0,1,4,0,2,6,6,4,5,7,0,3,0,4,8,1,4,3,3,5,10,2
966,6,3,1,4,0,0,14,7,4,5,7,0,3,3,2,8,2,2,3,3,5,9,2
430,0,1,1,4,0,2,0,4,2,6,1,0,0,3,2,8,2,2,2,2,1,10,2
97,2,1,1,2,0,0,8,6,1,5,0,0,3,3,4,6,2,4,2,2,1,10,2
318,1,1,1,2,0,2,0,9,4,5,1,0,3,3,0,2,1,9,2,2,0,0,2
463,4,4,1,1,2,2,7,7,6,5,1,0,0,3,3,8,2,4,3,3,5,1,2
518,4,0,1,0,0,1,0,7,2,5,0,0,0,0,2,8,1,2,0,2,5,9,2
995,2,2,1,2,0,0,6,7,6,3,1,0,0,3,2,8,2,4,3,3,5,1,2
340,1,0,1,4,0,3,10,7,0,5,1,0,0,3,2,3,2,2,0,2,5,12,2
788,3,4,0,4,0,3,9,9,2,5,1,0,0,0,2,8,2,2,1,2,5,12,2
249,5,1,1,2,2,3,4,2,4,5,2,0,0,3,2,6,1,2,1,2,5,12,2
492,0,1,1,4,0,4,4,7,3,5,7,0,0,0,2,8,2,2,3,3,5,1,2
308,6,0,1,4,2,0,8,2,4,3,0,0,0,3,2,8,1,2,0,2,5,1,1
357,0,0,1,4,0,4,0,9,2,5,0,0,0,3,2,2,2,2,0,2,5,10,2
506,6,4,0,1,0,2,16,6,4,0,7,0,0,0,0,8,2,2,0,2,5,4,1
921,4,0,1,4,0,4,9,6,3,5,7,0,0,0,2,8,2,2,3,3,5,0,2
173,2,2,1,1,0,1,0,6,0,5,0,0,0,3,2,8,1,2,0,2,5,15,1
416,4,0,1,1,2,2,10,2,2,5,0,0,0,3,2,8,2,2,3,3,5,3,2
328,1,1,1,4,0,1,0,7,4,6,1,0,3,3,7,8,2,10,3,3,5,11,2
701,4,2,1,4,0,2,6,6,1,5,1,0,0,2,2,8,1,2,2,2,5,10,2
536,2,3,1,4,0,2,6,2,6,5,1,0,3,0,2,2,2,2,3,3,5,9,2
686,0,0,1,4,0,3,7,6,4,5,7,0,0,0,2,8,4,2,3,3,5,4,2
147,6,1,1,4,0,2,5,6,4,5,1,0,0,3,2,2,1,2,3,3,5,1,2
755,6,1,1,4,0,4,0,7,6,5,7,0,0,0,2,8,1,3,3,3,5,5,2
1006,5,4,0,1,2,1,9,0,4,5,0,0,0,3,2,8,1,2,0,2,5,16,2
348,5,3,1,2,0,3,0,9,4,5,1,0,0,3,2,8,2,2,3,3,5,0,2
225,0,1,1,4,0,2,7,6,1,5,1,0,0,3,2,8,2,2,2,2,2,10,1
432,0,1,1,4,0,0,0,7,2,5,7,0,3,0,4,2,2,2,3,3,5,12,2
380,1,1,1,4,0,1,9,9,2,5,4,0,0,3,2,8,2,2,1,2,5,0,2
220,4,1,2,4,0,3,7,6,2,5,0,0,0,3,2,1,2,2,0,1,5,0,2
1006,5,4,0,4,0,2,0,7,4,5,0,0,0,3,2,8,6,2,3,3,5,1,2
390,2,2,1,2,2,2,5,7,4,5,7,0,0,0,2,8,2,3,0,2,5,1,2
247,1,1,1,4,0,2,14,6,4,5,1,0,3,3,4,8,1,9,0,2,5,10,2
529,4,0,1,2,0,5,8,9,2,5,7,0,0,3,2,6,2,2,0,2,5,5,2
288,2,2,1,4,0,2,8,5,2,5,7,0,0,3,2,8,2,3,2,2,5,3,1
385,1,1,1,4,0,4,5,6,2,5,7,3,0,3,2,1,2,2,2,2,0,3,2
204,0,0,1,1,0,2,8,4,6,5,7,0,3,3,4,8,3,2,0,2,5,10,2
695,5,0,1,4,0,2,7,7,1,0,1,0,0,0,2,8,3,2,0,2,5,11,2
653,0,4,0,1,0,0,11,7,1,5,1,0,0,0,2,8,4,2,3,3,5,0,2
516,1,4,1,1,0,0,0,7,2,5,7,3,0,3,2,8,2,2,3,3,5,3,2
106,3,2,1,1,0,2,5,9,2,5,7,0,3,3,4,2,2,2,3,3,5,10,2
755,4,1,1,4,0,0,0,9,1,5,7,0,0,2,2,8,2,2,0,2,5,3,2
996,1,0,1,4,0,3,12,9,4,5,7,0,0,3,2,1,2,0,2,2,0,3,1
371,5,0,1,4,0,4,0,7,2,5,0,0,0,3,2,8,2,2,3,3,5,13,1
951,1,2,1,4,0,3,5,6,2,5,7,0,0,3,2,1,3,2,0,2,5,5,2
607,3,2,1,1,0,2,7,2,2,5,0,0,0,0,2,8,2,7,1,2,5,13,2
394,5,1,1,5,2,3,0,12,0,5,1,0,0,3,2,2,1,2,3,3,5,12,1
624,6,0,1,4,0,1,11,7,2,5,0,0,0,3,2,8,2,2,3,3,5,0,2
694,5,0,1,6,0,2,0,12,4,5,1,0,3,0,2,8,2,3,3,3,5,9,2
45,2,0,1,2,0,0,11,12,4,6,7,0,0,3,2,1,2,2,1,2,5,10,2
708,5,0,1,4,0,1,5,2,2,5,7,0,3,0,2,8,2,1,3,3,5,10,2
210,1,3,1,4,0,0,4,6,2,1,7,0,0,3,2,8,2,2,3,3,5,7,1
125,3,2,1,4,0,2,8,7,0,5,7,0,0,3,2,8,2,2,1,2,5,3,2
444,6,1,1,1,0,2,1,7,4,5,7,0,0,0,2,2,2,3,0,2,5,12,2
463,0,1,1,4,0,0,8,7,3,5,1,0,0,0,2,2,2,2,0,2,5,11,2
206,0,2,1,4,0,0,5,7,2,6,7,0,0,3,2,8,2,7,3,3,5,1,1
959,4,1,1,4,0,1,0,7,2,7,1,0,3,3,4,8,2,2,0,2,5,0,2
633,1,0,1,4,0,0,0,6,2,6,1,0,3,0,4,2,2,2,0,2,5,3,1
760,0,3,1,4,0,0,0,1,4,5,7,0,0,0,7,8,2,2,2,2,6,11,2
923,1,0,1,4,0,3,5,6,4,5,5,0,0,3,2,8,1,2,0,2,5,0,1
195,2,3,1,4,0,1,7,6,4,5,7,0,3,3,2,8,2,2,1,2,5,12,2
609,5,3,1,1,0,2,5,12,2,5,0,3,3,0,4,8,2,9,3,3,5,1,2
735,0,0,1,2,0,1,7,7,2,5,0,0,0,0,2,8,2,2,0,2,5,10,2
463,4,4,1,4,0,3,0,9,0,5,1,0,0,3,2,2,2,7,3,3,5,3,2
989,1,1,1,1,0,4,14,6,2,7,7,0,0,3,2,8,4,2,3,3,5,10,2
160,1,0,1,4,0,1,8,3,4,5,7,0,0,3,2,2,2,4,0,2,5,12,2
282,4,1,1,4,0,4,8,6,0,5,7,4,0,3,2,8,1,2,3,3,5,6,2
192,3,1,1,1,0,2,5,2,1,5,0,0,3,3,2,8,2,2,0,2,5,5,2
63,3,1,1,1,0,1,9,7,2,5,7,0,3,3,4,8,2,4,0,1,5,0,1
66,5,1,1,4,0,2,0,9,0,5,1,0,3,3,2,8,3,2,0,2,5,17,2
291,4,0,1,1,0,4,5,7,4,5,7,2,0,3,2,2,3,2,3,3,5,0,2
572,3,3,1,4,0,1,14,7,2,5,7,0,0,0,2,8,2,2,1,2,5,0,2
98,6,0,1,6,2,2,4,6,1,5,7,3,0,3,2,8,2,2,0,2,5,0,2
668,2,0,1,4,0,1,0,9,4,5,7,0,0,3,2,8,2,2,1,2,5,1,2
163,0,3,1,4,0,1,9,6,3,5,1,0,0,3,7,8,2,2,2,2,6,0,2
908,4,0,0,1,2,2,0,7,2,5,7,0,0,3,2,8,2,2,3,3,5,1,1
534,1,3,1,4,0,3,5,12,6,3,5,0,0,0,2,8,2,3,2,1,6,1,2
984,0,2,1,1,0,2,7,2,6,5,1,0,0,3,2,8,1,2,1,2,5,1,2
222,6,2,1,1,2,2,6,6,2,5,2,0,0,3,2,8,2,9,0,2,5,10,2
1007,6,0,1,4,0,3,13,9,4,5,0,0,0,3,2,8,2,2,3,3,5,0,1
612,1,0,1,5,0,4,0,6,2,5,1,0,0,3,2,8,3,2,0,2,5,3,2
668,6,3,1,4,0,2,14,6,4,5,0,0,3,0,4,8,2,2,0,2,5,4,2
708,3,0,1,4,0,1,7,7,2,5,1,0,0,0,2,8,2,2,3,3,5,1,0
829,6,3,1,4,2,0,0,7,4,5,7,0,0,3,2,8,2,2,3,3,5,11,2
938,6,1,1,6,0,1,5,7,6,3,7,0,0,3,2,6,2,2,0,2,5,12,2
663,1,1,1,4,0,1,7,9,0,5,1,0,3,3,2,2,2,7,3,3,5,10,2
112,6,1,1,4,2,2,5,7,4,5,7,0,3,3,4,8,3,4,3,3,5,1,2
139,5,0,1,4,0,1,5,9,2,5,1,0,0,3,2,8,2,7,0,2,5,0,2
688,1,1,1,4,0,3,10,6,4,7,1,0,0,0,2,8,2,2,0,2,5,1,2
178,2,2,1,4,0,2,0,7,4,5,0,0,0,3,2,8,1,2,3,3,5,16,2
564,1,4,0,4,2,2,8,7,2,5,1,0,3,0,4,0,2,2,3,3,5,9,2