Time,Day_of_week,Age_band_of_driver,Sex_of_driver,Educational_level,Vehicle_driver_relation,Driving_experience,Type_of_vehicle,Area_accident_occured,Lanes_or_Medians,Road_allignment,Types_of_Junction,Road_surface_type,Road_surface_conditions,Light_conditions,Weather_conditions,Type_of_collision,Number_of_vehicles_involved,Vehicle_movement,Casualty_class,Casualty_severity,Pedestrian_movement,Cause_of_accident,Accident_severity
324,1,1,1,4,0,2,7,7,2,6,7,0,0,3,0,8,2,7,0,2,5,10,2
375,1,1,1,2,0,3,9,9,0,5,0,0,0,0,2,8,2,2,0,1,5,1,2
244,6,4,0,2,0,0,5,7,1,5,0,0,2,3,2,8,4,4,0,2,5,10,2
538,6,0,1,4,0,2,3,9,4,5,7,0,3,3,8,8,2,2,0,2,5,3,2
340,2,0,1,4,0,2,7,7,4,7,7,0,0,3,2,8,1,2,0,0,5,10,2
607,0,0,1,4,0,3,15,2,6,5,1,0,0,0,2,8,3,2,1,1,5,4,2
793,2,4,0,0,0,3,0,0,4,5,1,0,0,0,2,8,2,2,3,3,5,2,2
233,4,4,1,1,0,3,4,12,4,5,0,0,0,3,2,8,2,11,3,3,5,10,2
284,3,0,1,4,0,0,4,7,4,5,7,0,0,3,2,0,1,2,3,3,5,5,1
969,1,4,0,4,0,4,14,7,2,5,1,0,3,3,2,8,3,7,3,3,5,1,2
653,0,4,0,4,2,2,5,7,2,5,1,0,0,0,2,8,4,2,0,2,5,9,2
418,4,1,1,4,0,1,5,7,2,5,7,0,0,3,2,0,1,7,2,2,1,16,1
428,5,1,2,2,2,3,0,9,4,5,5,0,0,3,2,1,2,2,2,1,5,17,2
20,3,2,1,0,0,2,0,7,4,7,7,0,0,0,2,8,2,4,3,3,5,13,2
595,2,4,1,4,0,0,0,7,2,5,0,0,0,0,2,3,4,2,0,2,5,17,2
538,3,1,1,4,0,1,5,9,6,3,1,0,0,0,2,8,2,7,0,2,5,3,2
515,4,1,1,4,2,2,10,7,2,5,0,0,0,3,2,8,1,2,2,2,0,9,1
446,1,1,1,4,0,2,3,4,4,5,7,0,0,3,2,8,4,2,3,3,5,12,2
612,4,4,0,4,2,1,11,9,6,3,0,0,3,3,2,8,1,2,0,2,5,16,1
379,1,2,1,0,2,1,5,6,2,5,7,0,0,3,2,8,1,2,3,3,5,0,1
426,5,1,1,4,0,2,5,7,4,5,1,2,0,3,2,2,2,2,3,3,5,3,2
323,0,1,1,1,0,4,0,7,2,5,1,0,3,3,2,8,2,2,3,3,5,10,2
947,5,3,1,4,0,1,8,7,2,5,7,0,0,3,2,1,2,0,0,2,5,10,2
969,6,1,1,4,0,1,5,7,4,5,7,0,0,3,2,8,2,2,2,2,5,9,2
197,3,2,1,4,0,0,5,6,0,5,7,0,0,3,2,8,2,2,0,2,5,11,2
336,1,1,1,4,0,3,8,7,2,5,7,0,0,3,2,1,3,2,0,2,5,9,2
1024,4,2,1,6,0,2,0,4,4,5,7,0,0,3,2,8,1,2,0,2,5,12,2
534,2,0,1,4,0,3,3,7,2,5,7,1,3,0,2,8,2,2,2,2,0,10,1
150,1,1,1,4,0,3,0,9,2,5,7,0,3,3,2,8,2,2,3,3,5,5,2
364,6,1,1,2,2,2,13,6,4,5,1,0,3,3,4,8,2,2,2,2,5,10,2
367,1,0,1,4,0,4,0,6,4,5,1,0,0,3,2,8,2,7,2,2,2,0,2
520,5,0,1,4,0,2,14,6,2,5,7,0,3,0,3,8,2,2,3,3,5,0,2
641,5,0,1,4,0,0,14,3,4,5,7,0,3,0,8,1,1,2,0,2,5,0,1
348,2,1,1,4,0,0,0,7,2,5,1,0,0,3,2,2,1,2,0,2,5,10,2
326,5,1,1,1,0,1,14,6,2,5,7,0,0,3,2,8,2,3,3,3,5,12,2
818,4,0,1,1,2,4,7,4,4,5,0,0,3,0,4,8,2,2,3,3,5,18,2
395,1,0,1,4,0,0,5,7,2,5,0,0,3,3,2,2,1,2,3,3,5,11,2
244,3,0,1,1,0,0,5,7,2,6,0,1,0,3,2,8,2,3,0,2,5,0,2
237,2,0,1,4,0,4,4,6,0,5,5,2,0,3,0,8,2,2,0,2,5,0,2
746,6,1,1,4,0,0,4,7,2,5,0,0,0,0,2,8,2,1,0,2,5,12,2
89,6,0,1,4,0,0,0,7,2,6,7,0,0,3,2,8,2,3,1,2,5,10,2
131,3,1,1,4,0,2,8,9,2,5,3,0,3,3,2,8,2,2,3,3,5,1,1
192,2,0,1,4,2,1,0,7,2,5,7,0,3,3,2,8,1,2,1,2,5,1,2
445,3,2,1,4,0,3,0,2,2,4,1,0,0,3,2,8,1,9,0,2,5,0,2
267,6,1,1,4,2,2,5,7,2,8,0,0,3,3,2,8,1,2,0,2,5,18,2
456,6,4,0,4,0,0,5,12,0,5,7,0,0,0,2,8,1,2,3,3,5,5,2
705,5,0,1,4,0,3,0,9,1,5,0,0,0,0,2,8,2,3,3,3,5,10,2
572,2,3,1,1,0,3,14,7,4,5,1,0,3,0,3,8,2,3,3,3,5,3,2
440,4,1,1,4,0,1,3,6,2,6,7,3,0,3,2,8,3,2,0,2,5,0,2
492,3,2,1,4,0,1,0,9,4,6,7,0,0,3,2,2,2,2,0,2,5,14,2
66,5,1,1,1,0,1,7,12,2,5,7,0,0,3,2,2,1,4,2,1,0,5,1
819,2,0,1,4,0,4,7,7,1,5,1,0,3,0,4,8,2,9,3,3,5,0,2
964,6,0,1,2,0,2,8,1,4,5,7,0,0,3,2,8,1,4,1,2,5,10,2
139,2,2,1,4,0,3,0,7,2,5,3,0,0,3,2,8,2,2,0,2,5,10,2
435,3,1,1,2,2,2,8,9,4,5,7,0,3,3,2,2,2,2,0,2,5,1,2
912,6,2,1,2,2,2,8,6,6,5,5,0,3,3,4,8,2,2,0,1,5,9,2
348,0,4,1,0,0,4,0,6,2,7,7,0,0,3,7,8,2,3,1,2,5,12,2
420,4,4,1,6,2,2,5,9,4,5,0,0,0,3,2,1,1,2,0,2,5,1,2
520,4,1,1,4,0,2,5,7,6,5,0,0,3,0,2,8,2,2,3,3,5,10,2
315,6,1,1,2,0,2,0,10,4,1,7,0,0,3,2,8,1,2,3,3,5,1,2
916,4,4,1,4,2,3,7,6,2,5,5,0,0,3,2,8,2,7,0,2,5,1,2
463,5,3,1,4,0,4,8,9,4,5,4,0,0,0,2,8,2,4,0,1,5,0,2
112,5,1,1,6,0,4,8,7,0,5,1,0,0,3,2,8,2,2,2,2,6,1,2
415,4,1,1,4,0,2,0,6,6,5,1,0,3,3,4,8,2,2,3,3,5,3,2
559,0,1,1,1,0,1,5,3,6,3,7,2,0,3,2,8,2,1,2,2,0,0,2
445,5,0,1,4,0,1,5,6,4,5,5,0,0,3,2,1,2,2,0,2,5,12,2
132,2,0,1,1,0,2,7,7,4,5,1,0,0,3,2,3,1,2,2,2,5,10,2
104,6,0,1,4,0,0,9,9,6,5,0,0,0,3,2,8,2,10,0,2,5,4,2
150,5,2,1,4,0,3,0,9,4,5,7,0,3,3,2,2,2,2,0,1,5,1,0
340,1,2,1,4,0,0,4,6,0,5,7,0,0,3,2,2,1,2,1,1,5,10,2
972,6,0,1,1,0,0,4,9,4,5,5,0,3,3,4,6,2,2,0,2,5,12,2
93,3,3,1,4,0,2,9,4,2,5,7,0,0,3,2,1,2,7,2,2,5,4,2
359,6,1,1,4,0,0,0,6,4,5,7,0,0,3,3,1,2,2,3,3,5,11,2
307,4,0,1,2,0,4,4,9,4,5,1,0,0,3,2,2,2,7,0,2,5,10,1
145,2,1,1,1,0,1,4,9,4,5,1,0,0,3,2,8,2,2,3,3,5,10,2
385,5,1,1,4,0,2,8,6,4,5,7,0,0,3,2,6,2,7,0,2,5,18,0
335,4,0,1,4,0,4,14,6,2,5,0,0,0,3,2,8,1,7,1,2,5,0,2
470,2,0,1,4,0,1,0,10,4,1,7,0,0,2,2,8,2,2,1,2,5,3,0
463,6,0,1,4,0,0,0,7,1,5,7,0,3,0,4,8,2,4,0,2,5,10,2
34,3,0,1,4,0,2,5,4,2,6,1,0,0,0,2,8,1,9,0,2,5,1,2
398,6,0,1,4,0,2,3,4,4,5,1,0,0,3,2,8,2,4,3,3,5,7,2
472,5,1,1,4,0,2,11,7,4,5,7,0,0,3,2,8,2,2,0,2,5,11,2
42,4,1,1,4,0,1,5,7,4,5,1,0,0,3,2,8,2,3,0,2,5,13,2
74,2,1,1,4,0,0,7,9,4,5,1,0,0,3,2,8,2,2,0,2,5,9,2
388,1,1,1,4,0,0,0,6,1,6,1,0,0,3,2,8,1,2,0,2,5,11,2
984,6,1,1,1,2,0,7,5,2,7,1,0,3,3,4,8,2,2,2,2,5,1,2
954,3,2,1,4,0,1,15,9,6,8,7,0,3,3,2,6,2,2,0,2,5,16,2
76,0,2,1,1,2,3,7,6,0,5,1,0,0,3,2,8,2,2,0,2,5,0,2
463,5,3,1,2,0,3,7,9,1,5,4,0,0,0,2,1,2,2,3,3,5,3,2
218,3,1,1,1,0,1,14,7,2,5,7,0,3,3,4,8,2,2,3,3,5,10,2
341,4,1,1,1,0,2,15,7,2,5,1,0,0,3,3,8,1,9,3,3,5,0,2
964,1,1,1,4,0,0,5,6,2,5,7,0,0,3,2,1,2,4,0,2,5,3,2
956,1,4,0,2,0,2,7,2,6,5,7,0,0,3,2,2,2,2,0,2,5,10,2
474,6,1,1,4,0,4,7,6,0,1,7,0,0,3,2,1,2,9,0,2,5,10,2
274,0,1,1,4,0,3,5,6,4,5,1,0,0,3,2,6,2,2,0,1,5,0,2
544,0,1,1,4,0,3,4,6,6,7,3,0,0,3,2,8,2,2,1,2,5,1,1
25,2,3,1,4,0,1,10,7,0,5,7,0,0,0,2,8,2,2,0,2,5,9,1
298,1,1,1,4,0,2,0,6,4,5,0,0,0,0,2,8,2,8,3,3,5,3,2
487,1,4,0,4,0,2,9,6,1,5,1,2,0,3,2,8,2,2,1,2,5,2,2
427,5,3,1,4,0,0,0,6,2,5,3,0,0,3,2,8,2,2,0,2,5,0,2
292,4,1,1,4,0,1,0,5,4,5,0,0,0,3,2,8,2,2,1,2,5,3,2
348,6,1,1,4,0,4,5,6,2,5,1,0,0,3,2,8,2,11,1,2,5,10,2
410,1,1,1,2,0,3,0,6,1,5,7,0,0,3,2,8,2,2,0,2,5,1,2
278,2,1,1,4,0,3,0,13,6,5,1,0,0,3,2,1,2,2,1,2,5,10,2
463,5,3,0,4,0,2,14,9,4,5,1,0,0,3,7,8,1,2,1,2,5,10,1
463,5,4,1,4,0,3,4,12,4,5,4,0,0,0,2,8,2,2,2,2,5,12,2
520,0,2,1,4,0,4,5,9,2,5,1,0,0,3,2,8,1,2,1,2,5,10,2
947,6,1,1,2,2,2,5,9,0,5,7,0,0,3,2,8,2,2,0,2,5,16,2
38,0,0,1,4,0,6,15,6,4,5,1,0,0,3,2,2,2,3,0,2,5,3,2
688,2,0,1,4,0,1,5,7,1,5,0,0,0,0,2,0,2,2,1,2,5,11,2
501,0,4,1,6,0,2,7,6,2,5,7,0,0,3,2,1,2,2,2,2,6,16,2
720,6,1,1,4,0,1,14,1,1,6,0,0,3,0,4,6,2,4,0,2,5,3,2
323,1,0,1,4,0,3,9,7,6,3,5,0,0,3,2,2,1,9,3,3,5,9,2
319,5,1,1,4,0,4,0,9,4,5,7,0,0,3,2,8,1,9,0,2,5,3,2
612,2,1,1,4,0,3,14,6,0,5,0,0,0,0,2,2,2,3,2,2,6,1,2
705,0,1,1,1,0,1,15,6,2,5,7,0,3,0,4,8,2,2,2,1,5,1,2
445,6,3,1,4,0,4,0,6,2,6,7,0,0,3,2,2,2,2,0,2,5,9,2
725,2,3,1,4,2,3,5,6,0,5,1,0,0,0,2,8,4,2,0,2,5,13,2
143,0,1,1,2,0,2,0,9,4,5,7,0,3,3,8,2,3,2,0,2,5,12,2
908,6,1,1,4,2,1,14,7,2,5,1,0,3,3,4,3,3,2,0,2,5,3,2
453,0,0,1,3,0,1,5,9,6,5,0,0,0,0,2,8,2,1,1,2,5,13,2
395,4,0,1,4,0,4,5,1,2,5,4,0,0,3,2,8,2,2,0,2,5,10,2
546,0,1,1,4,0,4,5,7,4,5,7,0,0,0,2,8,2,2,3,3,5,4,2
209,4,4,0,4,0,4,14,6,6,5,5,0,0,3,2,8,2,2,0,2,5,9,2
472,2,1,1,4,0,1,0,7,6,5,1,0,0,3,2,8,2,2,3,3,5,0,1
909,4,3,1,4,0,2,9,9,4,5,1,0,0,3,2,8,2,2,0,2,5,12,2
989,5,1,1,4,0,0,0,6,2,6,1,0,0,3,2,2,2,2,1,1,5,10,2
392,0,1,1,1,0,0,8,12,6,5,0,0,0,3,2,8,2,2,3,3,5,9,2
551,4,3,1,4,0,2,0,7,2,5,7,0,0,3,2,8,2,2,3,3,5,17,2
7,3,0,1,4,0,1,0,6,4,5,7,0,0,0,2,8,2,2,1,2,5,1,0
527,6,1,1,4,2,2,5,2,6,5,7,0,3,0,4,8,2,2,2,2,0,10,2
509,6,1,1,4,0,1,4,7,2,5,0,0,3,0,2,6,2,7,1,2,5,0,1
487,4,0,1,4,0,3,4,6,3,5,1,0,0,0,2,8,2,2,3,3,5,1,2
520,5,1,1,1,0,1,8,7,4,5,0,0,3,3,2,8,2,2,0,2,5,1,1
163,1,4,1,2,0,5,5,10,4,1,7,0,0,3,2,2,3,2,3,3,5,12,2
1023,5,0,1,1,0,1,5,7,4,5,5,0,0,3,2,8,2,2,3,3,5,10,2
69,6,1,1,4,0,0,8,7,4,5,1,0,0,3,2,2,3,7,2,2,1,0,2
385,2,2,1,4,0,1,0,7,2,5,7,0,0,3,2,8,2,2,3,3,5,10,2
795,0,4,0,4,0,1,5,9,2,5,1,0,0,2,2,8,1,3,1,2,5,12,2
564,1,2,1,4,0,1,9,4,6,5,1,0,0,3,2,8,2,2,2,2,3,11,2
792,2,0,1,4,1,5,8,7,0,5,1,0,0,3,2,8,2,2,0,1,5,3,2
463,4,3,1,4,2,3,5,7,2,5,1,0,0,3,2,8,2,2,0,2,5,7,2
430,0,1,1,1,0,1,5,12,6,5,1,0,3,3,4,2,2,4,0,2,5,13,2
903,6,1,1,2,0,1,8,7,4,5,1,0,3,3,4,8,2,2,3,3,5,9,2
649,0,0,1,4,0,4,0,7,2,5,7,0,0,0,2,8,2,2,0,2,5,0,2
501,4,4,1,4,0,2,7,9,2,5,2,0,3,3,4,2,2,1,1,2,5,1,2
541,2,0,1,1,2,2,0,7,4,5,0,0,0,0,2,8,2,2,0,2,5,10,2
192,0,0,1,1,2,1,8,9,2,5,7,0,0,3,2,8,3,7,0,2,5,13,2
952,5,1,1,4,0,2,0,9,6,5,7,3,0,3,2,8,2,2,0,2,5,10,2
609,5,0,1,0,0,4,5,6,4,5,0,0,3,0,4,8,2,11,0,2,5,10,2
638,2,0,1,1,0,4,7,7,4,5,7,0,0,0,2,8,2,2,3,3,5,11,2
420,5,2,1,4,0,1,0,12,4,5,7,0,0,3,2,8,1,2,3,3,5,1,2
288,3,0,1,4,0,3,4,6,6,6,7,0,0,3,2,8,2,2,1,2,5,12,1
405,4,0,1,1,0,1,3,9,2,5,7,0,0,3,2,8,2,2,3,3,5,12,2
474,2,4,1,4,0,2,7,1,2,5,0,0,0,0,2,8,3,2,3,3,5,10,2
299,6,3,1,4,0,3,14,9,4,5,3,0,0,3,2,7,2,2,0,2,5,10,2
42,1,1,1,1,2,3,0,7,4,5,7,0,0,3,2,2,1,2,3,3,5,3,2
492,4,1,1,4,0,3,7,9,2,5,7,0,0,0,2,8,2,9,0,2,5,4,2
522,5,0,1,0,2,2,5,6,2,6,3,0,0,3,2,8,2,4,2,2,6,9,1
974,1,0,1,4,0,1,5,12,2,5,1,0,3,3,2,8,2,2,0,2,5,11,2
231,1,2,1,4,0,4,9,9,4,5,3,0,0,3,2,2,2,2,3,3,5,10,1
716,5,1,1,4,0,3,11,1,1,5,1,0,0,0,2,2,7,2,3,3,5,1,2
463,6,1,1,4,0,2,2,9,1,5,1,0,0,0,2,8,2,9,3,3,5,5,2
979,4,2,1,4,0,1,5,9,2,5,3,3,3,3,4,2,2,2,0,2,5,1,2
994,6,0,1,4,0,3,9,6,2,7,7,0,0,3,2,8,2,2,2,2,1,10,2
907,5,4,0,4,0,3,0,7,4,5,1,4,0,3,2,8,2,9,2,1,5,0,2
930,0,4,1,4,0,1,7,2,4,5,1,0,0,3,6,8,1,3,0,2,5,1,2
451,4,1,1,4,0,1,9,2,4,5,1,0,3,0,4,8,2,2,3,3,5,12,2
1024,5,1,1,4,0,4,14,4,4,5,0,0,0,3,2,8,2,2,2,0,1,10,2
323,0,0,1,4,0,2,9,6,0,5,7,0,0,3,2,8,2,2,0,2,5,10,2
391,6,1,1,6,0,2,14,12,6,5,2,0,0,3,2,8,2,2,2,1,5,3,2
624,3,1,1,4,0,1,5,7,4,5,1,0,0,0,2,8,2,3,3,3,5,10,2
430,0,1,1,4,0,2,0,6,4,5,1,2,0,3,7,8,3,2,2,2,5,3,2
218,2,2,1,1,0,1,4,9,2,5,7,0,0,3,2,8,2,2,0,2,5,0,2
559,0,0,1,1,0,2,5,6,4,5,0,0,0,0,2,8,2,3,0,2,5,18,2
350,3,3,1,4,0,4,0,6,1,5,1,0,0,3,2,8,2,2,3,3,5,12,2
487,4,0,1,1,0,1,0,9,2,5,1,0,0,3,3,3,1,1,3,3,5,4,2
44,3,2,1,4,0,0,0,6,1,5,7,0,0,3,2,2,2,2,3,3,5,10,2
308,0,2,1,4,0,2,15,9,4,6,7,0,3,3,2,8,1,7,0,2,5,10,2
202,1,1,1,1,0,2,5,4,2,5,1,0,0,3,2,8,3,2,0,2,5,1,2
545,0,1,1,2,0,0,10,6,1,5,7,0,3,3,4,8,2,2,3,3,5,13,2
113,1,2,1,4,2,1,0,2,6,5,7,0,3,3,2,6,3,2,3,3,5,12,2
218,2,4,1,4,2,0,7,6,4,5,1,0,0,3,2,8,2,2,3,3,5,10,2
511,4,4,0,4,0,1,5,2,0,5,7,0,3,0,2,8,4,3,0,1,5,10,2
131,1,1,1,1,0,2,7,12,2,5,7,0,0,3,2,8,2,2,3,3,5,1,2
8,3,3,1,4,0,3,10,6,2,0,0,3,0,0,2,2,2,11,0,2,5,1,2
377,1,1,1,1,1,2,6,6,3,5,1,0,0,3,2,8,3,2,3,3,5,10,2
405,5,0,1,4,0,3,7,7,2,5,7,2,0,3,2,8,2,2,0,2,5,0,2
204,0,0,1,4,0,1,10,6,0,5,1,0,0,3,2,1,2,2,3,3,5,11,2
974,0,3,1,4,2,2,0,9,4,5,0,0,3,3,4,8,1,8,0,2,5,13,2
555,1,1,1,1,0,1,5,6,2,5,7,0,0,3,2,1,1,2,3,3,5,11,2
331,6,0,1,2,0,3,9,4,5,5,1,0,0,3,2,8,2,5,3,3,5,2,2
637,4,1,1,4,0,2,0,6,1,5,0,0,3,0,4,8,2,2,0,2,5,17,2
908,1,2,1,5,0,4,10,1,2,5,1,0,3,3,4,8,3,2,0,2,5,9,1
112,5,1,1,4,0,4,5,9,4,5,0,0,3,3,2,8,4,2,3,3,5,1,1
308,4,0,1,4,0,4,0,9,2,5,1,0,0,3,2,8,3,9,2,2,6,17,2
163,1,0,1,4,0,3,7,6,0,5,7,0,0,3,2,8,1,2,0,2,5,10,2
926,1,0,1,2,2,2,9,7,4,5,0,2,0,3,2,2,2,2,0,2,5,10,2
546,4,0,1,2,0,1,0,6,4,5,0,0,0,3,2,8,2,2,3,3,5,10,2
298,3,3,1,4,0,0,0,6,0,5,7,0,0,3,2,2,3,2,3,3,5,5,2
357,1,1,1,4,0,4,14,7,2,3,5,0,3,1,2,8,2,2,0,1,5,11,2
273,6,2,1,4,0,4,3,7,6,5,3,0,0,3,2,8,3,2,3,3,5,12,2
125,3,3,1,4,0,4,8,7,0,5,7,0,0,3,2,2,2,2,0,2,5,10,2
953,6,0,1,1,0,3,5,6,4,5,1,0,3,0,0,8,2,4,0,2,5,11,2
470,2,0,1,4,0,1,7,7,4,5,7,0,0,2,2,8,2,2,2,2,5,0,0
107,0,1,1,4,0,4,5,6,6,7,7,3,0,3,2,2,2,2,0,2,5,5,2
855,6,1,1,4,0,0,0,9,0,5,5,0,3,0,4,8,2,2,2,2,1,9,2
445,2,2,1,4,0,3,10,2,1,5,7,3,0,3,2,8,2,2,0,2,5,12,1
292,1,0,1,1,2,2,5,7,2,5,7,0,3,3,4,8,3,7,2,1,5,11,2
405,1,0,1,1,0,2,16,2,2,5,7,0,3,3,4,8,2,2,0,2,5,11,2
135,3,0,1,1,1,2,10,7,4,5,7,0,0,3,2,8,2,2,0,2,5,5,2
120,1,0,1,1,0,1,8,0,4,5,7,0,3,3,2,8,2,2,3,3,5,4,2
331,1,1,1,4,2,3,10,7,2,5,7,0,3,3,2,5,3,2,3,3,5,12,2
93,3,0,1,4,0,0,5,7,0,5,7,0,0,3,2,2,2,2,0,2,5,4,2
229,0,1,1,2,0,1,9,7,6,5,7,0,0,3,2,8,2,2,0,2,5,10,2
59,3,0,1,2,0,2,0,6,0,5,1,0,0,3,2,8,2,2,0,2,5,11,2
340,6,1,1,1,2,2,7,6,4,5,7,0,0,3,2,8,2,2,2,2,0,1,2
688,2,0,1,4,0,4,0,7,0,5,0,2,0,3,2,8,1,2,2,1,2,1,2
768,2,0,1,4,0,4,9,5,2,7,1,0,0,0,7,8,2,2,3,3,5,12,2
940,6,0,1,4,0,2,0,6,6,5,7,0,3,3,3,8,2,2,3,3,5,10,2
513,5,1,1,1,0,0,0,9,4,5,1,0,0,3,2,8,3,2,3,3,5,0,2
718,1,3,1,2,0,4,0,7,4,5,7,0,3,0,2,8,2,2,0,2,5,16,2
1024,5,2,1,3,0,1,4,6,2,0,1,0,0,3,2,1,2,9,2,2,5,10,2
568,3,1,1,4,0,2,0,9,4,5,1,0,3,3,2,8,2,2,3,3,5,16,2
563,2,0,1,4,0,1,5,7,4,5,7,0,0,0,2,2,2,2,3,3,5,10,2
809,2,1,1,4,0,4,3,9,1,5,1,0,0,0,2,8,2,2,1,2,5,12,2
1006,0,1,1,4,2,1,8,7,2,5,1,0,3,3,2,8,2,2,0,2,5,10,1
546,2,0,1,4,0,1,8,7,0,5,0,0,0,3,2,6,2,9,3,3,5,4,2
352,2,1,1,2,0,3,4,12,0,5,1,0,0,3,2,1,2,2,3,3,5,1,2
278,5,0,1,1,0,2,5,7,2,5,7,0,3,3,4,2,2,4,2,2,5,12,2
497,6,3,1,4,0,3,5,6,2,5,7,0,3,0,2,8,2,2,0,2,5,3,1
47,1,4,1,4,0,2,8,9,4,5,7,0,0,3,2,8,2,2,3,3,5,2,2
803,1,0,1,4,0,1,14,6,2,5,1,0,3,0,5,8,2,2,0,2,5,1,2
873,5,2,1,4,0,1,8,9,2,5,0,0,3,3,4,8,2,2,3,3,5,13,2
545,0,1,1,0,0,0,10,6,4,5,7,0,3,3,4,6,2,3,0,2,5,3,2
973,2,4,1,1,0,4,9,6,4,5,1,0,0,3,2,8,2,2,0,2,5,4,2
463,5,3,1,4,0,2,0,6,4,5,4,0,0,0,2,1,2,2,0,2,5,9,2
130,0,1,1,2,2,4,7,9,1,5,1,0,0,3,2,2,2,2,1,2,5,0,2
147,2,4,0,1,2,2,3,6,6,5,1,0,0,3,2,8,2,2,0,2,5,9,2
867,6,1,1,4,0,2,0,1,6,5,0,0,3,3,2,8,2,2,3,3,5,0,2
890,6,2,1,0,0,0,16,4,6,5,1,0,3,3,5,8,2,3,0,2,5,0,2
873,5,1,1,4,0,2,0,7,1,5,3,0,0,3,2,6,2,2,2,2,5,1,2
612,5,0,2,2,0,1,0,6,4,5,2,0,3,2,4,8,2,2,0,2,5,0,2
260,6,4,1,1,0,4,5,6,6,5,7,0,0,3,2,8,4,2,2,2,5,12,2
453,0,1,1,2,0,2,14,6,4,5,0,0,0,3,2,8,3,2,0,2,5,10,2
919,6,0,1,4,0,1,12,6,4,5,0,0,0,3,2,8,2,2,3,3,5,10,2
162,5,0,1,1,1,2,9,7,4,5,7,0,3,0,2,8,2,2,0,2,5,10,2
501,5,0,1,1,0,0,3,6,2,5,7,0,0,3,2,8,2,2,3,3,5,17,2
980,3,0,1,4,0,0,0,2,6,5,1,0,3,3,2,8,1,9,2,2,6,10,2
375,0,1,1,4,0,1,11,6,2,6,0,3,0,3,2,8,2,2,3,3,5,1,2
318,2,4,1,6,0,4,5,6,6,6,7,0,0,3,2,2,1,2,0,2,5,10,2
348,4,2,1,4,2,3,14,1,2,3,4,0,0,3,2,8,2,7,0,2,5,10,2
405,0,0,1,4,0,4,0,6,6,5,1,0,0,3,2,8,1,2,1,2,5,17,2
729,0,0,1,2,0,2,5,6,2,5,0,0,0,0,2,8,1,7,3,3,5,1,1
548,6,0,1,4,0,3,7,6,0,5,1,0,3,0,2,8,3,2,0,2,5,5,2
699,6,4,0,1,0,3,0,6,4,5,1,0,3,0,2,1,3,2,2,2,5,4,1
947,0,0,1,4,0,1,0,7,4,5,7,0,0,3,2,8,2,2,3,3,5,3,1
326,3,0,1,1,0,3,7,2,4,5,1,0,0,3,2,8,1,9,2,2,5,13,1
948,4,0,1,4,0,1,0,9,2,5,7,2,3,3,4,2,2,2,0,2,5,0,2
632,2,0,1,4,2,2,9,0,6,3,7,0,0,0,2,8,3,2,3,3,5,9,2
83,1,2,1,1,0,1,5,12,0,5,2,2,0,3,2,8,2,2,3,3,5,11,1
354,0,1,1,4,0,2,5,6,0,5,7,0,0,3,2,2,2,2,2,2,5,13,2
112,1,1,1,4,0,3,9,9,6,5,7,0,0,3,2,2,2,4,0,2,5,13,2
613,3,1,1,4,2,3,5,12,2,5,7,0,0,0,2,8,2,2,0,2,5,11,2
19,6,3,1,4,0,2,8,7,2,5,1,0,0,0,2,8,2,2,2,2,5,1,2
332,0,1,1,4,0,1,11,6,1,3,7,1,0,3,2,8,3,3,2,2,5,1,2
237,2,0,1,4,0,0,0,2,4,5,7,0,0,3,2,8,2,2,0,2,5,11,2
629,0,4,1,4,0,2,5,3,2,5,7,0,0,0,2,8,2,3,3,3,5,10,2
147,0,0,1,1,0,2,0,1,1,5,7,0,0,3,2,8,2,9,3,3,5,5,2
369,0,0,1,4,1,4,9,4,4,5,1,0,0,0,2,6,4,3,0,2,5,3,2
193,4,1,1,4,2,3,9,6,4,5,2,3,0,3,2,0,2,2,3,3,5,11,2
112,0,1,1,4,0,3,5,2,6,5,1,2,0,3,2,8,3,2,1,2,5,16,2
269,0,1,1,4,0,1,0,9,6,5,1,0,0,3,2,8,2,2,2,2,5,10,2
806,0,0,1,4,0,1,5,1,4,5,1,0,3,0,4,8,2,2,0,2,5,9,1
163,3,4,1,4,0,1,9,9,2,5,0,0,0,3,2,1,1,2,3,3,5,10,1
586,1,0,1,4,0,2,5,9,2,5,7,0,0,0,2,8,3,1,2,2,5,1,2
395,3,0,1,4,0,3,3,1,4,5,0,0,3,3,4,8,2,3,3,3,5,11,2