Time,Day_of_week,Age_band_of_driver,Sex_of_driver,Educational_level,Vehicle_driver_relation,Driving_experience,Type_of_vehicle,Area_accident_occured,Lanes_or_Medians,Road_allignment,Types_of_Junction,Road_surface_type,Road_surface_conditions,Light_conditions,Weather_conditions,Type_of_collision,Number_of_vehicles_involved,Vehicle_movement,Casualty_class,Casualty_severity,Pedestrian_movement,Cause_of_accident,Accident_severity
974,1,4,0,0,0,0,5,12,6,5,7,0,0,3,2,8,1,2,1,2,5,12,2
520,0,0,1,1,2,1,7,6,4,5,0,0,3,3,2,8,3,2,1,2,5,12,2
974,0,1,1,4,0,1,0,6,2,5,1,0,0,3,2,8,2,4,0,2,5,3,2
249,2,1,1,4,0,4,0,2,2,5,1,0,0,3,2,8,2,2,3,3,5,17,2
810,3,0,1,4,0,4,5,7,4,5,7,0,0,3,2,8,1,2,3,3,5,0,2
599,1,1,1,4,0,2,11,7,1,5,1,0,0,3,2,8,1,2,0,2,5,10,2
1009,2,1,1,4,0,0,5,6,6,5,7,0,3,3,2,8,3,2,0,2,5,11,2
915,5,0,1,0,2,1,0,9,2,5,1,0,0,3,2,8,3,2,3,3,5,0,2
517,6,0,1,4,0,4,5,7,4,5,0,0,0,3,2,8,2,2,3,3,5,10,2
162,5,1,1,1,0,2,8,7,1,5,1,0,3,0,2,8,2,3,3,3,5,17,2
969,2,4,1,2,0,3,10,7,4,5,7,0,0,3,2,8,2,2,0,2,5,1,2
419,2,1,1,1,0,2,5,6,0,5,0,0,0,3,2,2,4,2,3,3,5,4,2
848,5,0,1,4,2,3,0,10,4,1,5,0,0,0,2,8,2,2,0,2,5,10,2
854,0,1,1,1,0,2,15,6,0,5,5,0,0,3,2,2,2,2,0,2,5,12,2
595,0,0,1,1,2,4,0,4,0,5,7,0,0,0,2,2,1,2,3,3,5,1,2
786,2,2,1,4,0,4,0,6,4,5,0,0,3,0,4,8,2,2,0,2,5,13,2
400,0,1,1,4,0,1,8,6,2,5,7,0,3,0,2,8,4,2,1,2,5,4,2
411,5,0,1,6,0,4,8,6,4,5,7,0,0,3,2,1,2,1,3,3,5,5,2
930,5,2,1,4,0,3,0,7,4,5,3,0,0,3,2,8,2,2,3,3,5,11,2
315,5,4,0,1,0,2,5,7,4,5,0,0,3,2,2,8,1,2,0,2,5,1,2
979,2,0,1,2,2,3,5,9,1,5,0,0,0,3,2,6,2,1,2,2,5,3,2
348,0,1,1,4,2,2,0,9,0,5,1,0,0,3,2,8,1,2,3,3,5,3,2
216,4,2,1,4,0,4,8,7,4,5,7,4,0,3,2,8,2,2,3,3,5,4,2
402,0,1,1,4,0,0,7,6,2,5,4,0,0,3,2,8,2,5,0,2,5,3,2
945,5,0,1,1,0,2,14,7,2,5,7,0,0,3,2,8,2,2,0,2,5,1,2
247,2,0,1,1,2,4,8,6,2,6,7,0,0,3,2,8,2,2,0,2,5,11,1
534,4,2,1,3,2,0,5,7,4,3,0,0,3,0,2,8,1,7,3,3,5,1,2
150,2,1,1,0,0,4,5,6,2,2,7,0,0,3,2,8,2,1,0,2,5,13,2
482,5,4,0,4,0,4,0,12,4,5,1,0,3,0,8,8,1,2,0,2,5,10,2
170,5,0,1,4,0,1,5,7,4,5,1,0,0,3,2,8,2,2,3,3,5,10,2
880,5,1,1,4,0,1,5,7,4,5,1,0,0,3,2,2,2,7,1,2,5,3,2
348,5,1,1,2,0,1,0,6,4,5,0,0,3,3,2,1,2,2,3,3,5,16,2
564,5,1,1,4,0,1,12,6,4,5,1,0,3,0,4,8,2,2,0,2,5,17,2
139,6,4,1,1,0,3,10,6,2,5,7,0,0,3,2,2,2,3,3,3,5,1,2
453,5,0,1,4,0,0,11,6,4,5,7,0,0,3,2,8,1,4,0,2,5,18,2
617,4,0,1,1,2,2,5,7,4,5,1,0,3,0,2,8,2,2,3,3,5,16,1
362,2,1,1,4,0,3,5,9,2,5,7,0,0,3,2,8,2,2,0,2,5,3,2
907,5,1,1,4,0,0,8,6,0,5,7,0,3,3,2,8,2,2,1,2,5,10,2
180,2,1,1,2,0,0,9,1,2,5,1,0,0,3,2,2,1,3,3,3,5,13,2
375,5,1,1,4,0,4,5,11,6,5,7,0,3,3,2,8,2,2,0,2,5,7,2
395,3,0,1,6,0,1,9,7,6,5,0,2,3,3,4,2,2,2,0,2,5,3,2
940,0,1,1,2,0,3,0,7,2,5,7,0,0,3,2,8,2,9,2,2,1,1,2
357,5,1,1,4,0,1,5,9,2,5,7,0,0,3,2,8,2,2,3,3,5,4,1
66,0,1,1,1,1,2,5,6,2,2,7,2,0,3,2,8,2,2,0,2,5,12,2
1006,5,4,0,1,0,2,7,5,4,5,0,0,0,3,2,8,6,2,2,1,0,11,2
1009,0,1,1,4,0,1,10,2,4,5,5,0,0,3,2,8,2,2,0,2,5,9,2
1016,2,1,1,2,2,2,0,9,6,3,7,0,0,3,2,2,2,2,0,2,5,1,2
441,0,1,1,4,0,2,0,7,6,5,1,0,0,0,2,8,2,2,3,3,5,4,2
435,6,0,1,1,0,4,4,4,1,5,0,0,0,3,2,2,1,2,0,2,5,0,2
599,1,1,1,1,0,2,4,6,5,5,7,0,0,1,2,8,3,2,3,3,5,9,2
535,5,2,1,4,2,2,0,6,4,1,1,0,0,3,2,8,2,2,2,1,6,1,2
297,0,2,1,4,0,4,7,2,2,5,7,0,0,3,2,8,2,2,0,2,5,13,2
270,6,0,1,4,2,2,8,7,2,3,0,3,0,3,2,8,2,2,0,2,5,3,1
323,5,1,1,4,0,3,5,7,2,3,7,4,0,3,2,2,1,3,1,2,5,0,2
163,4,0,1,2,0,0,5,7,4,5,7,0,0,3,2,8,2,2,3,3,5,0,2
907,6,1,1,0,0,0,0,6,2,7,7,0,0,3,2,8,1,2,0,2,5,12,2
233,3,3,1,4,0,0,2,7,6,5,0,0,0,3,2,8,3,9,0,2,5,3,2
482,6,3,1,4,0,3,7,9,2,1,7,0,0,3,2,8,2,2,0,2,5,10,1
921,5,1,1,1,0,2,0,6,2,5,0,0,0,3,2,2,2,2,0,1,5,11,2
482,3,2,1,4,0,1,0,2,2,5,0,0,3,0,4,2,1,2,0,2,5,11,2
16,6,4,0,1,2,0,9,7,2,5,1,0,0,2,2,8,3,2,0,2,5,9,2
708,3,2,1,4,0,2,9,6,1,5,7,0,0,3,2,8,3,2,3,3,5,10,2
63,0,4,0,2,0,2,5,7,1,5,2,0,3,3,3,1,3,4,0,2,5,1,2
297,0,2,1,4,0,1,5,7,2,5,7,2,0,3,2,8,2,2,3,3,5,9,2
529,0,1,1,4,0,0,0,12,6,5,7,0,0,0,2,1,1,5,3,3,5,10,2
247,2,4,1,4,0,3,10,7,2,3,7,0,0,3,2,8,1,7,0,2,5,11,2
300,4,1,1,5,2,2,0,7,6,5,7,0,0,3,2,8,2,2,3,3,5,13,2
273,2,0,1,4,0,4,5,9,4,5,7,0,3,0,4,1,1,2,3,3,5,12,1
969,6,0,1,1,0,0,0,9,4,5,7,0,0,3,2,8,2,9,3,3,5,12,2
657,3,4,1,2,2,2,0,7,4,5,1,0,3,0,2,8,2,2,0,2,5,7,2
539,4,1,1,1,0,4,5,6,4,5,1,0,0,3,2,8,2,2,0,2,5,10,2
204,0,0,1,4,0,0,0,9,2,5,5,0,0,0,2,8,3,2,3,3,5,10,2
424,5,2,1,4,1,4,7,6,4,5,7,0,0,3,2,8,3,7,2,2,5,0,2
359,2,1,1,4,2,1,13,6,2,5,1,0,0,3,2,2,3,4,1,2,5,10,2
245,4,0,1,4,0,2,7,7,2,5,0,0,0,3,2,8,1,2,0,2,5,13,2
84,4,4,1,4,0,1,9,6,2,6,1,0,0,3,2,2,2,2,0,2,5,0,2
156,5,0,1,1,0,2,11,4,2,5,7,4,0,3,2,8,1,2,3,3,5,10,2
802,6,4,1,2,0,3,7,7,2,5,1,0,0,0,2,8,1,3,0,2,5,3,1
1025,0,3,1,2,0,0,5,9,2,5,7,0,0,3,2,8,2,2,0,2,5,13,1
29,5,1,1,1,0,3,4,1,4,5,1,0,3,0,2,1,1,8,2,2,3,3,1
119,2,1,1,2,0,2,0,6,2,5,1,0,0,3,2,8,2,3,3,3,5,12,2
320,1,1,1,4,0,2,0,9,6,5,1,0,3,3,2,8,1,2,3,3,5,10,1
472,4,0,1,4,0,1,0,9,4,5,0,0,0,3,2,8,1,0,1,2,5,9,2
398,6,4,0,1,0,0,3,7,2,6,1,0,0,3,2,8,2,4,3,3,5,1,2
219,6,1,1,1,0,2,9,6,0,5,7,0,0,3,2,8,1,2,0,1,5,11,2
265,0,1,1,4,0,4,4,7,1,5,0,0,0,3,2,8,1,9,0,2,5,0,2
963,0,0,1,4,0,1,4,9,4,5,1,0,0,3,2,8,2,2,0,2,5,10,2
940,5,4,1,4,0,3,8,6,6,5,1,0,0,3,2,2,3,0,0,2,5,11,2
873,6,1,1,6,0,2,8,12,4,5,1,0,0,0,2,8,2,2,0,2,5,10,1
624,1,1,1,4,0,0,11,12,6,5,1,0,0,3,2,8,2,2,0,2,5,12,2
1028,0,0,1,4,0,2,7,7,2,5,0,0,0,3,2,8,2,2,0,2,5,1,2
657,3,1,1,4,0,3,4,9,6,5,1,0,0,0,2,2,2,2,3,3,5,9,0
617,4,1,1,1,0,2,5,6,2,5,0,0,3,0,2,2,3,2,3,3,5,1,2
393,3,4,1,4,0,3,9,6,2,6,0,2,0,3,2,2,2,4,0,2,5,12,1
74,2,4,1,4,0,0,10,6,2,5,1,0,0,3,2,8,2,7,0,2,5,5,2
258,5,1,1,4,0,3,15,6,4,5,7,0,0,3,2,8,2,2,0,2,5,10,2
291,1,2,1,1,0,0,0,7,2,5,7,0,0,3,2,8,2,1,3,3,5,1,2
52,4,1,1,4,0,3,0,6,4,7,1,0,3,3,8,8,2,2,3,3,5,12,1
416,3,1,1,4,0,3,0,6,4,5,7,0,0,3,2,8,2,3,0,2,5,1,2
411,4,0,1,4,2,2,0,12,6,5,1,0,3,0,4,8,1,2,3,3,5,1,2
689,0,0,1,1,0,2,5,6,2,5,0,0,0,0,2,8,2,2,2,2,6,1,2
93,0,4,0,2,2,3,10,9,4,5,1,0,0,3,2,8,1,2,3,3,5,9,2
701,3,0,1,4,0,1,10,7,4,7,1,0,0,0,2,8,4,2,0,2,5,12,2
315,3,1,1,4,0,2,0,5,4,5,7,0,0,3,2,8,1,3,0,2,5,18,2
405,6,4,1,4,0,0,9,6,2,5,1,0,3,0,3,6,2,2,0,2,5,12,2
123,2,1,1,4,0,0,8,12,4,5,2,0,0,3,2,8,2,2,0,2,5,9,2
340,2,0,1,1,0,3,0,7,2,5,3,0,0,3,2,8,2,1,2,2,1,10,2
1001,5,0,1,2,2,3,14,6,2,5,1,0,0,3,2,8,2,2,3,3,5,0,2
63,3,4,1,1,0,2,5,6,4,5,1,0,0,3,2,8,2,2,2,2,7,0,2
233,6,0,1,4,0,1,5,7,2,0,1,3,0,3,2,8,2,2,3,3,5,13,2
274,0,0,1,1,0,0,5,12,4,5,0,0,0,3,7,8,2,2,3,3,5,3,2
415,1,0,2,4,0,0,5,6,0,5,0,0,0,3,2,2,2,2,2,2,6,1,2
120,1,0,1,1,0,1,0,7,2,5,7,0,3,3,2,8,2,2,0,2,5,1,2
323,0,2,1,4,0,3,4,6,3,5,1,0,3,3,4,8,2,2,0,2,5,10,2
59,3,0,1,4,0,2,5,6,4,5,1,0,0,3,2,8,2,2,0,2,5,10,2
7,2,1,1,1,0,2,5,7,4,5,1,0,0,0,2,6,3,2,3,3,5,3,1
318,3,1,1,4,0,2,9,7,2,5,1,0,0,3,2,8,1,7,3,3,5,1,2
112,4,0,1,4,0,2,8,2,2,5,7,0,0,3,2,2,2,2,0,2,5,11,2
93,0,2,1,4,0,0,8,6,2,5,7,0,0,3,2,8,2,4,0,2,5,1,2
217,1,1,1,1,0,1,8,5,2,0,7,0,0,3,2,8,1,3,3,3,5,1,2
546,4,2,2,1,0,2,0,6,2,5,0,0,0,3,2,8,2,2,1,2,5,3,2
7,3,0,1,1,0,1,5,12,0,5,1,2,3,0,5,8,2,2,0,2,5,4,2
206,0,2,1,4,0,3,11,6,6,5,7,0,0,3,2,8,2,2,0,2,5,11,1
231,1,3,1,4,0,2,0,2,2,5,7,0,3,3,4,8,3,4,0,2,5,11,2
602,2,1,1,4,2,2,9,2,2,5,3,0,0,3,2,8,2,2,1,2,5,5,2
278,0,1,1,4,0,3,5,4,2,5,1,0,0,3,2,1,3,8,0,2,5,12,2
202,6,0,1,1,0,0,14,7,2,5,7,0,3,3,4,2,2,2,3,3,5,18,2
906,0,1,1,4,0,0,0,7,4,5,7,0,3,3,4,1,2,2,2,2,5,0,2
59,1,2,1,1,2,1,5,7,0,5,7,0,0,3,2,8,2,2,0,1,5,0,2
668,1,4,1,4,0,1,0,2,2,3,1,0,0,0,2,8,2,4,3,3,5,1,2
785,4,0,1,2,0,1,5,6,2,5,7,0,0,0,2,1,2,2,2,1,5,17,2
161,4,0,1,1,0,2,0,7,6,5,3,0,3,3,4,8,2,2,3,3,5,9,2
269,0,4,0,4,0,1,7,5,6,5,1,0,0,3,2,8,2,4,0,2,5,3,2
18,2,1,1,4,0,4,14,9,1,5,7,0,0,0,2,8,2,2,0,2,5,1,2
474,6,0,1,1,0,2,0,9,2,5,1,0,0,3,2,2,2,9,0,2,5,0,2
464,5,0,1,4,0,2,3,9,2,5,7,0,0,3,8,8,2,2,1,2,5,0,2
494,5,0,1,1,0,2,0,6,1,5,7,0,2,3,6,2,3,2,0,2,5,1,2
92,3,1,1,0,0,2,5,7,2,5,6,0,0,3,2,8,2,2,0,2,5,12,2
323,6,1,1,4,0,4,0,6,1,3,7,0,0,3,2,8,2,3,3,3,5,0,2
555,1,1,1,4,0,1,5,7,2,5,7,0,0,0,2,8,2,2,3,3,5,5,2
300,2,4,1,4,0,2,7,7,2,5,1,0,0,3,2,8,2,2,3,3,5,12,2
947,4,0,1,0,0,3,0,5,4,5,7,0,0,3,2,8,2,12,0,2,5,11,2
315,3,2,1,1,0,1,5,9,1,5,1,0,0,3,2,1,2,2,0,2,5,4,2
867,1,1,2,2,2,0,10,6,4,5,0,0,3,0,4,8,2,2,3,3,5,9,2
646,0,2,1,4,0,2,0,9,4,5,7,0,0,0,2,2,2,7,0,2,5,12,2
504,6,1,1,4,2,2,0,7,2,5,1,3,0,3,2,8,2,9,3,3,5,9,2
985,6,0,1,4,0,4,5,2,2,5,7,0,0,0,2,8,3,4,3,3,5,10,1
396,6,1,1,4,0,4,14,7,4,5,1,2,0,3,2,1,1,3,0,2,5,12,1
1008,0,1,1,4,0,2,8,1,4,5,1,0,0,3,2,8,4,2,0,2,5,11,2
694,5,1,1,4,0,1,0,2,5,7,1,0,3,0,2,2,2,1,0,2,5,9,2
40,4,0,1,4,2,3,8,9,2,5,7,0,0,3,2,8,2,4,2,2,6,0,2
46,5,2,1,4,0,3,3,9,4,5,7,0,0,3,2,8,2,11,3,3,5,9,2
599,0,2,1,1,2,1,5,6,4,5,1,0,0,0,2,2,1,2,0,2,5,1,2
524,4,0,2,4,0,1,8,9,4,5,1,0,0,3,2,8,1,0,1,2,5,0,2
872,0,0,1,4,2,3,0,9,4,5,5,0,0,3,2,8,2,2,0,2,5,11,2
631,5,4,1,4,0,3,0,7,6,5,1,0,0,0,2,1,2,2,0,2,5,19,2
643,0,2,1,4,0,2,0,7,2,5,0,0,0,0,2,1,3,2,3,3,5,1,1
832,6,0,1,4,0,2,0,6,2,5,7,0,3,0,3,1,2,3,0,2,5,5,2
103,6,2,1,4,0,2,7,7,4,5,7,0,0,3,2,8,1,2,3,3,5,13,2
643,0,2,1,4,0,3,7,7,6,3,0,0,0,0,2,6,3,2,3,3,5,1,1
404,0,1,1,1,0,2,5,6,0,5,1,0,0,3,2,2,2,2,0,2,5,0,2
113,1,4,1,4,0,1,0,6,2,7,7,0,3,3,2,2,3,2,3,3,5,0,2
428,4,3,1,4,0,3,10,7,2,5,4,0,0,0,2,8,2,2,3,3,5,10,2
996,5,0,1,4,0,0,0,7,2,5,1,0,0,3,0,2,2,2,2,2,5,3,2
480,2,0,1,4,2,3,0,9,2,5,0,3,0,0,2,8,2,10,2,2,5,3,1
612,2,0,1,4,0,1,4,12,6,5,1,0,0,0,2,8,6,4,3,3,5,0,2
534,1,4,1,2,0,3,0,7,4,5,7,0,3,3,4,8,2,2,3,3,5,9,2
875,2,1,1,4,0,0,14,7,4,5,1,0,3,2,4,8,1,2,3,3,5,16,1
351,3,0,1,2,0,1,11,6,1,5,1,0,0,3,2,8,2,2,3,3,5,1,2
63,1,1,1,4,0,1,5,2,4,5,3,0,0,3,2,8,2,3,2,2,5,17,2
1006,5,4,0,1,0,0,7,6,4,7,0,0,0,3,2,8,6,2,0,2,5,0,2
417,4,1,1,4,2,2,8,7,2,5,1,0,0,0,2,8,2,2,3,3,5,0,2
561,4,4,0,1,0,1,7,7,1,5,1,0,0,0,2,8,2,2,3,3,5,3,2
405,4,4,0,4,0,1,0,4,6,5,1,0,0,3,7,8,1,2,0,2,5,12,2
969,4,1,1,4,0,1,0,9,2,5,3,0,0,3,2,8,2,2,3,3,5,1,2
287,0,0,1,6,0,4,4,9,1,5,0,0,0,3,2,8,1,2,0,2,5,3,2
899,4,1,1,4,0,2,7,6,1,5,7,0,0,3,2,8,2,2,3,3,5,0,2
930,5,0,1,4,0,1,0,7,6,3,7,0,0,3,2,8,3,4,0,2,5,13,1
62,4,1,1,1,0,1,0,7,2,5,2,0,0,3,2,8,2,7,0,2,5,6,2
391,6,1,1,2,0,2,4,2,2,5,2,0,0,3,2,8,2,2,3,3,5,12,2
680,3,0,1,4,0,4,5,9,0,5,7,0,0,0,2,0,2,2,2,2,5,12,2
206,1,2,1,4,0,3,14,7,2,5,3,0,0,3,2,2,3,3,3,3,5,1,2
183,4,1,1,4,0,0,11,9,2,5,0,0,0,3,2,8,2,2,0,2,5,9,2
680,0,0,1,2,0,4,14,9,2,5,1,0,0,0,2,8,2,3,1,2,5,12,2
947,4,0,1,4,2,2,0,9,2,5,1,0,0,3,2,8,2,2,0,2,5,16,2
336,4,4,1,4,0,1,0,9,3,5,1,0,0,3,2,2,2,2,1,2,5,0,1
310,3,1,1,4,0,3,0,7,0,5,7,0,0,3,2,6,3,3,0,2,5,1,2
352,5,2,1,1,0,2,4,5,4,5,7,0,3,3,2,8,1,7,0,2,5,0,1
626,5,0,1,1,1,2,0,2,6,5,1,0,0,0,2,8,3,2,0,2,5,10,2
129,2,0,1,2,0,1,0,6,4,5,0,0,0,3,2,8,2,2,3,3,5,3,2
130,3,1,1,4,0,0,8,6,6,5,2,0,0,3,2,8,2,4,2,2,5,3,2
392,1,0,1,4,0,4,9,7,4,5,0,2,0,3,2,8,2,2,0,2,5,12,2
916,4,0,1,4,0,3,0,3,4,5,1,0,3,2,4,8,2,2,0,2,5,5,2
415,0,0,1,4,0,3,4,5,6,3,1,1,3,0,2,8,2,4,3,3,5,3,2
492,4,1,1,4,0,3,5,7,0,5,1,0,3,3,2,8,3,2,0,2,5,11,2
405,5,1,1,4,2,2,0,2,4,5,7,0,0,3,2,8,2,3,3,3,5,1,2
73,1,2,1,4,0,1,5,6,2,5,7,0,0,3,2,8,2,2,0,0,5,1,1
330,4,3,1,4,0,3,10,6,2,5,7,0,0,3,2,2,2,2,2,2,1,1,2
235,2,1,1,1,0,2,8,2,4,5,1,0,3,3,2,2,3,2,0,2,5,10,2
607,0,1,1,0,0,2,0,7,2,5,1,0,0,0,2,8,3,2,0,2,5,3,2
586,1,0,1,4,0,2,4,9,4,5,7,0,0,0,2,8,3,1,0,2,5,10,2
482,6,3,1,4,0,0,13,2,2,5,7,0,0,3,2,8,2,2,0,2,5,15,1
329,6,1,1,2,2,2,8,4,2,5,3,0,3,3,2,8,2,2,1,2,5,3,1
547,6,0,1,4,0,1,5,9,2,5,0,0,3,2,4,1,2,2,2,1,0,12,2
823,4,0,1,2,0,2,5,9,2,5,1,0,0,0,2,1,1,2,0,2,5,2,2
497,4,1,1,4,0,3,15,7,4,5,1,0,0,0,2,8,1,1,2,2,0,1,2
459,0,4,1,4,0,2,14,6,2,6,5,0,3,0,4,8,2,2,3,3,5,10,2
274,4,4,0,4,2,2,0,5,2,7,7,4,0,3,2,8,1,2,0,2,5,12,2
300,2,3,1,4,0,0,9,7,2,5,1,0,0,3,3,8,2,4,0,2,5,3,2
668,4,0,1,4,0,4,0,7,1,5,3,0,3,0,2,8,2,2,0,2,5,1,1
640,1,4,1,4,0,2,3,2,2,5,0,0,0,0,2,2,3,2,3,3,5,3,2
130,1,0,1,1,0,1,0,7,4,5,7,0,0,3,2,2,3,3,0,2,5,10,1
387,5,1,1,4,0,3,5,7,2,5,7,0,3,2,4,8,3,9,3,3,5,0,2
551,4,0,1,4,0,2,11,4,6,5,7,0,0,0,2,8,2,2,2,2,6,12,2
553,6,0,1,2,0,3,15,6,4,0,1,0,3,0,2,8,2,2,2,2,2,11,2
655,6,4,1,4,0,0,5,4,4,5,0,2,3,0,4,8,2,2,3,3,5,7,2
38,6,2,1,4,0,3,5,2,0,5,0,0,0,3,2,8,1,1,3,3,5,12,2
668,1,3,1,4,0,4,0,2,2,3,1,0,0,0,2,8,2,2,3,3,5,9,2
718,1,3,1,2,0,4,0,7,2,5,7,0,3,0,2,2,2,2,2,2,5,10,2
983,1,3,1,1,0,1,5,7,4,7,0,0,0,3,2,8,2,2,1,2,5,0,2
309,5,0,1,4,0,2,8,10,4,1,7,0,0,3,2,2,3,9,0,2,5,0,2
247,2,0,1,2,0,0,0,7,2,5,7,0,0,3,2,2,2,2,0,1,5,1,2
682,5,1,1,4,0,1,14,6,0,0,0,0,0,0,2,8,3,2,0,2,5,10,2
139,2,4,1,2,0,0,9,9,4,5,3,4,0,3,2,8,2,2,2,2,5,10,2
425,2,1,1,4,0,4,0,7,2,5,7,0,0,0,2,8,2,2,3,3,5,12,1
800,0,4,0,1,2,2,11,6,4,5,1,4,0,0,2,2,4,2,2,2,6,1,1
336,0,0,1,4,0,3,9,2,0,5,7,0,0,3,2,8,3,2,0,2,5,0,2
375,1,4,1,2,2,0,7,7,0,5,7,0,3,3,2,8,2,2,0,2,5,12,2
367,1,0,1,4,0,3,9,7,2,5,7,0,3,0,2,8,2,2,0,2,5,11,2
1001,6,1,1,4,0,0,14,3,4,5,1,0,0,3,2,1,2,2,0,2,5,10,2
292,2,2,1,4,0,2,9,6,1,5,0,3,0,3,2,8,4,2,0,1,5,9,2
58,6,2,1,4,0,2,5,2,2,5,0,0,0,3,2,8,3,4,0,1,5,1,2
453,2,0,1,2,2,1,9,6,2,5,7,0,0,3,2,1,2,2,0,1,5,7,2
315,1,0,1,4,0,1,0,6,2,5,1,4,0,3,2,8,3,2,0,1,5,1,2
303,6,0,1,4,0,1,11,6,4,1,1,0,0,3,2,8,2,2,0,2,5,11,2
935,0,1,1,2,0,1,5,6,2,7,7,0,0,3,2,8,1,2,0,2,5,3,2
315,6,1,1,4,0,3,9,3,2,5,1,0,0,3,2,2,1,2,3,3,5,16,2
423,3,1,1,4,0,2,9,6,1,5,0,0,0,3,2,8,2,1,1,2,5,10,2
713,4,0,1,4,0,0,14,9,6,5,1,0,0,0,2,8,1,5,2,2,2,0,0
972,0,0,1,4,0,2,5,1,2,5,7,0,0,3,2,8,2,2,2,1,1,1,2
112,5,0,1,4,0,0,0,9,0,5,0,0,0,3,2,1,2,9,0,2,5,1,2
274,2,3,1,4,0,2,0,7,2,0,7,0,0,3,2,0,2,4,0,2,5,10,2
63,1,0,1,4,0,1,8,4,6,5,1,0,0,3,2,8,2,9,1,2,5,10,2
380,2,0,1,4,2,3,5,2,0,6,1,0,0,3,2,2,2,2,1,2,5,5,2
930,1,3,1,1,0,2,3,7,4,5,1,2,3,3,3,8,2,2,0,2,5,9,2
743,0,0,1,4,0,3,5,6,4,5,7,0,0,0,2,8,2,9,3,3,5,1,2
720,1,0,1,4,0,2,7,7,1,5,7,0,3,0,4,8,2,0,0,2,5,0,2
420,2,4,1,4,0,2,5,2,1,5,0,0,0,3,2,8,2,2,3,3,5,12,2
287,5,2,1,4,0,2,3,7,6,5,7,0,0,3,2,5,2,2,0,2,5,0,2
911,4,2,1,1,0,1,0,2,3,5,7,0,0,3,2,8,1,2,0,2,5,1,2
477,4,0,1,0,2,0,6,6,4,5,7,0,0,3,2,8,2,4,1,2,5,7,2
858,5,1,1,1,0,2,0,6,2,5,0,0,0,3,7,8,2,2,3,3,5,0,2
964,4,4,0,1,0,1,4,2,2,5,1,0,0,3,2,8,2,2,2,1,5,16,2
331,1,0,1,4,0,0,4,7,1,5,7,0,3,0,2,8,2,2,1,1,5,12,2
202,1,4,1,4,0,1,9,9,6,5,1,0,0,3,2,8,3,2,2,2,0,1,2
244,6,4,0,4,0,3,0,2,4,5,0,0,2,3,2,8,4,2,1,2,5,3,2
947,4,0,1,4,0,2,0,7,6,3,1,0,3,3,4,8,2,9,3,3,5,10,2
534,1,1,1,4,0,2,4,7,4,7,0,3,3,0,2,1,2,2,0,2,5,11,2
664,4,0,1,2,0,1,0,7,2,5,7,0,3,0,2,2,2,2,0,1,5,17,2
163,0,0,1,0,0,2,11,2,4,5,1,0,0,3,2,2,1,4,3,3,5,1,2
337,2,0,1,4,0,3,5,6,4,5,0,0,0,3,2,2,2,4,0,1,5,12,2
375,5,1,1,4,0,0,15,1,4,3,0,0,0,3,2,8,2,3,0,2,5,5,2
336,4,0,1,4,0,4,0,6,2,5,1,0,0,3,7,8,1,2,3,3,5,9,2
899,6,4,1,4,0,3,7,7,6,5,1,0,0,3,7,8,2,7,3,3,5,9,1
979,4,2,1,4,0,2,14,9,4,5,3,0,3,3,4,8,2,2,1,2,5,10,2
497,3,1,1,1,0,1,5,7,2,5,0,0,0,3,2,8,2,2,1,2,5,10,2
292,4,3,1,4,0,2,0,5,4,5,0,0,0,3,2,6,2,4,0,2,5,10,2
169,5,4,0,4,0,3,12,7,2,5,0,0,3,3,4,8,2,2,0,2,5,3,2
197,0,1,1,4,0,1,8,7,4,5,1,0,3,3,2,8,2,3,3,3,5,3,1
424,5,0,0,2,2,2,12,6,2,5,7,0,0,3,2,8,3,2,0,2,5,10,2
940,0,1,1,6,2,2,5,9,4,5,3,0,0,3,2,8,3,4,3,3,5,5,2
137,2,1,1,4,2,4,0,7,2,5,7,0,0,3,2,8,1,2,3,3,5,12,2
959,6,0,1,4,0,3,5,7,1,5,7,0,3,3,8,1,2,2,2,2,6,1,2
395,1,2,1,2,0,3,7,9,4,5,1,0,3,0,2,8,2,0,3,3,5,19,2
617,1,1,1,2,0,0,7,6,4,5,1,0,0,0,2,8,2,2,3,3,5,9,2
618,4,0,1,4,0,3,7,4,4,5,7,2,0,3,2,8,2,2,2,2,2,9,2
192,0,2,1,1,0,2,7,0,4,5,1,0,0,3,2,8,3,0,2,2,6,9,0