Time,Day_of_week,Age_band_of_driver,Sex_of_driver,Educational_level,Vehicle_driver_relation,Driving_experience,Type_of_vehicle,Area_accident_occured,Lanes_or_Medians,Road_allignment,Types_of_Junction,Road_surface_type,Road_surface_conditions,Light_conditions,Weather_conditions,Type_of_collision,Number_of_vehicles_involved,Vehicle_movement,Casualty_class,Casualty_severity,Pedestrian_movement,Cause_of_accident,Accident_severity
447,4,2,1,4,0,0,5,7,2,5,1,0,0,3,2,8,1,2,1,2,5,0,2
49,1,1,1,4,2,4,14,10,4,1,7,0,0,3,2,8,2,7,3,3,5,3,2
430,4,1,1,4,2,0,0,2,1,5,7,0,0,0,2,8,1,1,3,3,5,9,2
243,3,4,1,4,0,0,0,6,4,5,5,0,0,3,2,2,4,2,2,2,6,3,1
19,2,0,1,4,2,3,0,7,4,5,1,2,0,0,2,8,2,2,0,2,5,11,2
130,2,4,1,4,0,2,5,3,6,3,7,0,0,3,2,8,2,2,0,2,5,10,2
16,2,0,1,2,2,1,9,6,0,5,1,0,0,0,2,8,2,2,2,2,1,10,2
192,3,1,1,0,0,2,5,6,4,0,3,0,0,3,2,8,2,9,0,2,5,0,2
457,0,1,1,1,0,2,7,2,6,5,0,0,0,3,2,8,2,3,0,2,5,9,2
442,1,1,1,2,0,2,9,4,2,5,0,0,3,3,2,6,2,2,2,2,6,10,2
487,6,0,1,1,0,0,0,2,2,3,1,0,0,3,2,2,2,9,3,3,5,16,1
294,1,0,1,4,0,4,0,9,4,1,1,0,0,3,2,8,2,4,3,3,5,3,1
333,3,0,1,4,0,4,0,7,0,5,7,0,1,3,4,8,2,2,2,2,5,0,2
643,0,2,1,4,0,1,0,9,1,5,0,0,0,0,2,8,3,2,0,2,5,0,1
183,4,1,1,4,0,2,11,7,2,5,3,0,0,0,2,1,2,2,1,2,5,9,2
943,1,2,1,6,0,1,7,6,6,5,3,0,3,3,5,2,2,2,0,1,5,1,2
758,3,0,1,1,0,2,7,6,6,5,7,0,0,0,2,8,3,2,1,2,5,11,2
375,1,0,1,4,0,3,3,6,4,5,1,0,0,3,2,8,2,2,0,2,5,12,2
150,6,0,1,4,0,4,3,6,2,5,7,0,0,3,2,8,1,4,3,3,5,0,2
988,1,1,1,4,0,3,5,6,4,5,7,0,0,3,2,8,3,2,2,2,6,0,2
244,6,4,1,4,0,3,0,7,4,5,0,0,0,0,2,8,4,8,0,2,5,16,2
150,3,0,1,1,0,3,5,7,2,5,7,0,0,0,2,8,2,2,2,2,0,13,2
607,2,0,1,4,0,1,8,6,0,5,1,0,0,3,2,8,3,2,2,2,5,13,1
555,1,2,1,4,0,1,0,7,2,5,0,0,3,2,2,8,2,2,1,2,5,0,2
420,2,1,1,4,0,4,5,7,2,5,7,0,0,3,2,8,1,2,2,2,0,11,2
696,0,0,1,2,0,1,6,6,2,5,7,0,0,0,2,8,1,2,0,2,5,10,2
564,6,0,1,4,2,4,14,9,4,5,0,0,0,0,2,8,2,2,2,2,2,1,2
445,4,1,1,2,0,2,3,7,2,5,7,0,0,3,2,1,2,3,1,2,5,2,2
487,6,0,1,4,0,1,15,6,0,0,1,0,3,0,2,8,1,2,1,2,5,2,2
406,6,0,1,4,2,0,9,7,6,5,7,0,3,2,2,8,3,2,3,3,5,10,2
100,1,2,1,4,0,1,7,9,4,5,1,0,0,3,2,8,2,9,0,2,5,1,2
949,2,1,1,4,0,0,0,9,4,5,1,0,0,3,2,8,2,2,3,3,5,11,2
348,4,1,1,2,0,3,8,2,6,5,1,2,0,3,2,8,1,2,3,3,5,12,2
467,3,1,1,1,0,2,7,7,0,5,7,0,0,3,2,8,1,2,3,3,5,0,2
312,3,1,1,4,2,2,0,7,6,5,1,2,0,3,2,0,2,2,2,2,5,9,0
977,1,0,1,4,2,3,7,4,6,5,7,0,3,3,2,1,2,2,0,2,5,10,2
73,1,1,1,4,2,2,8,6,4,5,7,0,0,3,2,8,2,3,1,1,5,3,1
331,4,1,1,4,2,0,8,6,2,5,1,0,3,3,4,8,2,7,0,2,5,0,2
410,4,1,1,2,0,1,6,9,2,5,7,0,0,0,2,8,2,4,0,2,5,1,2
1001,5,4,1,4,0,3,5,7,0,3,7,0,0,3,2,2,2,3,0,2,5,0,2
568,1,0,1,4,0,4,7,9,1,5,7,0,0,3,2,8,2,1,3,3,5,9,2
995,2,0,1,1,0,1,7,6,4,5,1,0,0,3,2,8,2,3,0,2,5,3,2
780,2,4,1,2,2,2,10,9,4,5,0,0,0,0,2,8,1,2,0,2,5,12,2
142,1,2,1,4,0,1,3,12,4,5,3,0,0,3,2,8,2,2,0,2,5,1,1
523,0,0,1,6,2,2,7,7,1,5,7,0,0,3,2,1,2,2,1,2,5,11,2
323,5,2,1,4,0,1,10,6,2,5,0,0,0,3,2,8,3,2,0,2,5,11,2
97,3,0,1,4,0,0,3,7,3,5,1,0,3,3,4,8,3,2,2,1,5,11,2
66,2,1,1,4,0,2,0,7,4,5,1,0,0,3,2,8,2,2,1,2,5,10,2
16,6,3,1,4,0,0,8,7,4,5,1,0,0,2,2,8,3,2,0,2,5,10,2
916,4,2,1,1,0,0,15,6,4,5,1,0,0,3,2,8,2,4,3,3,5,0,2
952,4,2,1,4,0,0,5,9,4,5,7,0,0,3,2,8,1,7,3,3,5,0,2
741,6,2,1,1,2,1,0,6,2,5,0,2,0,0,2,4,2,2,0,2,5,10,2
428,5,4,1,5,2,2,5,9,2,5,7,0,0,3,2,6,2,2,2,1,5,13,2
342,0,0,1,4,0,1,5,6,0,5,7,0,0,3,2,8,3,2,2,2,7,7,2
160,1,1,1,1,0,2,0,7,1,5,7,0,0,3,2,8,2,2,3,3,5,0,2
430,0,1,1,2,0,1,0,7,4,5,1,0,0,3,2,2,2,2,3,3,5,10,2
657,3,0,2,1,0,2,8,9,2,5,1,0,0,0,2,8,2,2,1,2,5,11,2
322,1,1,1,4,0,3,5,9,0,5,0,0,0,3,2,2,2,2,0,2,5,13,2
501,4,0,1,4,0,1,11,2,4,5,1,0,3,0,8,2,1,2,0,2,5,3,2
965,6,0,1,1,1,2,9,7,2,5,7,0,0,3,2,8,2,4,0,1,5,10,2
264,4,1,1,4,0,1,8,7,6,5,7,0,0,3,2,8,2,2,2,1,6,3,2
1016,5,4,1,4,0,2,14,7,4,5,7,0,0,3,2,8,1,2,1,2,5,10,2
722,1,1,1,4,0,3,10,7,2,5,7,0,3,0,4,8,2,3,0,2,5,3,0
93,0,1,1,4,2,2,10,7,2,5,4,0,0,3,2,8,3,2,3,3,5,2,2
79,3,1,1,2,0,1,0,7,4,6,7,0,0,3,2,8,2,3,1,2,5,12,2
66,5,0,1,4,0,1,0,9,6,5,1,0,0,3,2,2,2,4,0,2,5,3,2
624,4,0,1,2,0,0,14,6,6,5,0,0,0,0,2,8,2,3,0,2,5,0,2
979,0,1,1,2,0,3,8,2,4,5,1,0,0,3,2,8,3,9,3,3,5,0,2
689,2,4,1,4,0,1,9,12,2,5,1,0,3,0,4,8,3,9,2,2,3,1,2
602,2,4,1,2,0,0,0,7,2,5,3,0,0,3,2,6,2,3,0,2,5,9,2
93,1,2,1,4,0,3,5,6,6,6,1,0,3,3,4,8,2,2,0,2,5,10,2
49,0,4,0,4,0,1,9,9,2,5,0,0,0,3,2,6,3,2,0,2,5,1,2
0,0,0,1,4,0,1,7,9,6,5,0,0,0,0,2,8,2,2,0,2,5,4,1
984,1,1,1,4,0,2,8,9,6,3,7,0,0,3,2,8,1,2,0,2,5,9,2
440,0,1,1,4,0,4,7,7,1,5,7,0,0,3,2,8,1,2,3,3,5,11,2
453,0,1,1,1,0,2,5,2,4,5,1,0,0,3,2,2,2,1,0,2,5,12,2
300,6,4,1,1,2,2,7,7,4,5,1,0,0,3,2,2,2,2,0,2,5,10,2
566,6,2,1,4,0,0,9,7,2,5,1,0,0,3,2,8,2,4,3,3,5,9,2
703,2,4,1,4,0,2,9,6,1,5,1,0,0,0,2,2,4,2,3,3,5,3,2
966,4,1,1,4,2,1,10,7,1,5,7,0,0,3,2,8,2,1,1,2,5,0,1
80,2,0,1,6,2,2,8,9,2,5,1,0,0,3,2,8,2,2,1,2,5,16,1
806,0,0,1,4,0,1,9,4,4,5,7,0,3,0,4,8,2,3,3,3,5,10,1
395,2,4,1,4,0,2,14,6,2,7,1,0,0,3,2,8,2,2,0,2,5,3,2
966,4,1,1,4,0,3,7,7,4,5,7,0,0,3,2,8,2,2,0,1,5,1,1
580,2,4,0,4,0,3,0,0,4,5,0,0,0,0,2,2,2,9,3,3,5,10,2
979,0,4,1,4,0,2,5,7,2,5,1,0,0,3,2,8,2,2,0,1,5,12,2
130,1,1,1,1,0,3,0,9,2,5,7,0,0,3,2,8,3,1,3,3,5,5,2
274,0,0,1,4,0,0,0,9,2,5,7,0,3,3,2,8,2,2,0,2,5,10,2
555,1,2,1,1,0,2,10,7,2,5,2,0,0,3,2,8,2,3,2,2,3,12,2
101,3,0,1,1,0,1,7,1,2,5,1,0,0,3,2,2,2,3,2,2,6,1,0
112,6,4,1,4,0,0,0,7,4,5,0,0,0,3,2,2,2,3,0,1,5,10,2
485,6,0,1,4,0,0,6,4,2,5,7,0,0,3,2,8,3,2,2,2,6,9,2
916,1,0,1,1,0,0,0,7,2,5,0,0,0,3,2,2,2,8,3,3,5,13,1
720,0,4,0,5,0,4,0,9,4,5,1,0,0,0,2,8,1,9,0,2,5,16,1
458,5,0,1,4,0,4,5,6,4,5,1,0,0,0,2,2,2,2,0,2,5,0,2
367,2,0,1,4,0,1,9,2,6,5,7,0,3,0,2,8,3,2,0,2,5,9,2
529,2,0,1,4,0,4,9,7,6,5,1,4,3,0,4,8,2,3,0,2,5,3,1
439,2,4,1,1,0,0,0,7,2,5,7,0,0,3,2,1,2,2,3,3,5,3,2
701,1,0,1,0,2,0,3,7,1,3,1,0,0,0,2,8,2,2,0,2,5,12,2
520,5,1,1,4,0,3,0,2,3,5,1,0,3,0,4,8,3,4,3,3,5,9,2
453,1,0,1,4,0,3,5,7,6,5,7,0,0,3,2,8,2,2,1,2,5,13,2
405,0,1,1,2,2,1,4,7,2,5,1,0,0,3,2,2,2,4,1,2,5,10,2
315,1,0,1,2,0,1,0,6,2,5,1,0,0,3,2,8,2,0,3,3,5,10,2
415,4,1,1,4,0,1,7,9,1,3,3,0,0,3,2,1,2,2,3,3,5,12,2
147,5,4,1,4,0,0,0,9,4,5,1,0,0,3,2,8,1,2,0,2,5,3,1
413,1,0,1,4,0,3,4,9,6,5,1,0,0,3,2,3,2,9,3,3,5,3,2
148,5,2,1,4,0,1,7,6,2,5,1,0,0,3,2,2,1,2,3,3,5,10,1
405,6,0,1,1,0,2,0,6,2,5,1,0,0,0,2,2,2,4,0,1,5,9,2
921,6,0,1,4,0,2,0,6,2,5,1,0,0,3,2,8,3,2,3,3,5,0,2
323,4,0,1,1,0,1,15,7,0,6,0,0,0,3,2,1,2,3,2,2,6,12,2
112,5,0,1,4,0,0,5,6,2,6,0,3,3,3,2,8,4,2,3,3,5,0,1
233,6,1,1,2,0,3,4,6,4,7,0,2,0,3,2,8,2,4,1,2,5,2,2
76,4,0,1,4,0,3,5,2,0,5,7,0,0,3,2,8,3,2,3,3,5,10,2
121,2,2,1,4,0,3,15,9,0,5,1,0,3,3,2,8,3,2,0,2,5,12,2
471,1,0,1,2,0,4,9,12,6,5,0,0,0,0,2,2,2,2,0,2,5,10,2
944,1,1,1,1,0,2,7,7,2,5,0,0,0,3,2,8,2,2,0,2,5,10,2
97,3,1,1,4,0,2,3,2,3,5,1,0,3,3,4,8,3,2,2,2,5,1,2
701,5,2,1,2,0,4,0,6,6,5,7,0,0,0,2,8,2,2,2,1,6,1,2
453,4,0,1,4,0,3,3,4,4,5,1,0,0,3,2,8,3,2,3,3,5,3,2
646,1,1,1,4,0,4,0,6,4,7,1,0,3,0,4,8,2,2,0,2,5,10,2
43,1,0,1,4,0,2,15,9,2,5,0,0,3,3,4,8,2,2,0,1,5,11,2
837,3,0,1,2,2,3,0,2,4,5,3,0,3,0,8,8,2,2,0,2,5,10,1
890,1,0,1,4,0,3,0,1,2,5,1,0,3,3,2,8,2,4,0,2,5,7,2
239,6,0,1,4,0,1,5,6,2,6,1,0,0,3,2,8,2,2,3,3,5,3,2
336,0,0,1,1,0,0,13,7,0,5,7,2,3,3,2,8,1,7,1,2,5,10,2
504,6,0,1,4,0,4,0,7,2,6,1,0,3,0,3,8,3,2,0,2,5,1,2
689,2,4,1,4,0,1,5,7,0,5,1,0,3,0,4,8,3,2,3,3,5,3,2
974,0,0,1,4,0,0,8,7,1,5,1,0,3,3,2,1,2,7,0,2,5,0,2
1021,0,0,1,4,0,4,5,6,6,5,2,0,0,3,2,8,3,7,1,2,5,9,2
367,3,3,1,1,0,1,0,6,0,5,7,0,0,3,2,2,2,2,0,2,5,10,2
405,1,2,1,5,0,3,7,6,2,5,1,0,0,3,2,6,1,2,2,2,1,0,2
453,2,1,1,2,0,2,7,2,2,5,0,2,0,3,2,8,2,2,2,2,3,10,2
23,0,0,1,4,2,3,5,5,6,5,1,0,3,0,4,8,1,2,3,3,5,3,2
554,4,4,0,0,2,0,5,7,4,5,7,0,3,0,2,2,3,2,2,2,5,9,0
1027,6,1,1,1,0,2,0,6,2,5,1,0,0,3,2,8,2,2,3,3,5,8,2
947,6,3,1,4,0,2,0,7,2,5,0,0,0,3,2,8,2,2,0,2,5,1,2
286,0,2,1,4,0,4,10,1,2,5,0,0,2,0,3,8,2,2,3,3,5,13,2
250,4,0,1,4,0,0,9,6,4,5,7,0,0,3,2,8,3,2,3,3,5,10,2
385,5,0,1,1,0,0,7,12,6,3,7,0,0,3,0,1,1,2,0,2,5,5,2
682,2,4,0,4,0,0,8,6,6,7,0,0,0,0,2,8,4,7,3,3,5,12,2
520,1,1,1,4,0,1,15,2,0,5,1,0,0,3,2,8,2,2,2,2,6,10,2
285,1,1,1,0,2,1,10,2,4,5,7,0,0,3,2,1,2,2,1,2,5,13,1
955,6,0,1,2,0,1,0,6,4,5,7,0,0,3,2,8,3,2,3,3,5,7,2
762,3,4,0,4,0,3,8,7,6,5,7,0,0,0,2,8,1,4,0,2,5,10,2
808,3,4,1,2,0,0,5,4,1,5,0,0,0,0,2,2,2,8,1,2,5,1,2
244,6,0,1,4,0,1,7,7,6,5,0,0,2,3,2,8,4,2,3,3,5,1,2
517,5,1,1,2,0,3,3,1,2,5,7,0,0,3,2,8,2,2,2,2,6,18,0
300,3,0,1,4,0,0,3,6,2,5,7,0,0,3,2,8,2,2,2,2,1,1,2
163,2,4,1,1,0,2,5,7,4,6,1,0,0,3,2,1,2,2,2,2,5,4,2
578,5,0,1,2,0,3,10,7,4,5,7,0,0,0,2,8,2,3,1,2,5,0,2
176,4,1,1,4,0,1,11,7,6,5,0,0,0,3,2,8,2,3,0,2,5,12,2
92,3,2,1,4,2,2,5,6,0,5,6,0,0,3,2,8,2,2,2,2,1,0,2
216,1,1,1,4,0,1,4,7,0,5,0,0,0,3,2,8,4,3,0,2,5,10,2
187,4,0,1,2,0,3,14,6,0,0,1,0,0,3,2,8,2,7,0,2,5,13,2
181,3,1,1,3,2,0,0,7,6,5,7,0,3,3,4,8,2,2,2,2,3,10,2
526,0,0,1,4,0,1,0,6,2,5,7,0,0,0,2,1,2,2,0,2,5,12,2
944,0,1,1,1,0,1,8,9,4,5,0,1,3,3,2,8,2,2,0,2,5,16,2
725,2,0,1,1,0,4,7,7,1,5,1,0,0,0,2,2,1,2,0,2,5,12,1
456,6,1,1,4,0,2,8,7,4,5,1,0,0,3,2,8,2,4,0,2,5,10,2
397,3,1,1,4,0,3,0,2,4,5,7,0,0,3,2,8,2,2,3,3,5,3,2
244,2,0,1,2,0,2,0,10,4,1,2,0,0,3,2,4,2,2,2,2,6,10,2
242,3,0,1,4,0,4,8,6,2,6,7,0,0,3,2,8,3,2,2,1,6,1,2
888,6,1,1,4,0,0,11,6,2,5,7,0,0,0,2,8,2,3,0,2,5,1,2
682,5,0,1,2,0,0,0,6,1,5,0,0,0,0,2,8,2,2,2,2,6,0,2
781,4,0,1,4,0,4,4,7,3,5,1,0,0,0,2,8,2,2,0,2,5,12,2
298,0,0,1,4,0,2,14,7,2,5,1,0,3,3,2,8,2,2,0,2,5,15,2
1028,3,2,1,0,0,5,0,7,6,5,7,0,0,3,0,8,2,2,3,3,5,11,2
348,5,2,1,1,2,2,10,6,4,5,5,0,0,3,2,2,2,7,0,2,5,9,2
425,6,4,2,1,0,2,0,4,4,5,1,1,0,3,2,8,1,2,3,3,5,5,2
478,4,1,1,4,0,2,0,6,2,5,1,0,0,3,2,8,2,1,1,2,5,0,2
42,4,2,1,1,0,2,5,7,4,5,1,0,0,3,2,8,2,2,2,2,5,1,2
47,1,1,1,1,0,2,5,9,1,5,7,0,0,3,2,2,2,3,0,2,5,16,2
9,0,1,1,4,0,3,11,6,0,5,1,0,3,0,4,8,1,2,1,2,5,3,1
393,2,0,1,1,2,1,7,9,6,5,7,2,0,3,2,8,1,2,3,3,5,1,2
511,6,0,1,4,0,1,0,6,0,5,1,0,0,3,2,8,2,2,3,3,5,10,2
856,2,2,1,4,0,4,5,2,2,5,7,0,3,3,5,8,1,2,0,2,5,3,2
858,6,0,1,2,2,1,0,6,4,5,7,0,0,0,2,6,1,7,3,3,5,12,2
1013,4,1,1,4,0,4,0,2,4,3,7,0,2,3,2,8,2,2,3,3,5,11,2
551,0,0,1,4,0,0,7,7,2,5,0,0,3,0,2,2,2,2,2,2,5,9,2
721,0,3,1,0,0,1,10,7,2,5,1,0,3,0,4,2,1,2,3,3,5,12,2
163,3,2,1,4,0,3,0,12,4,5,1,0,3,3,2,8,1,2,2,2,5,3,2
435,4,1,1,4,0,0,7,9,2,5,1,0,0,0,2,8,2,4,2,2,5,3,2
435,4,1,1,1,0,2,0,6,2,5,7,0,3,2,4,8,2,3,2,2,6,12,2
891,3,1,1,4,2,3,13,7,0,3,7,0,0,3,2,2,2,2,3,3,5,0,2
77,4,1,1,1,0,0,5,6,4,5,7,0,3,3,2,8,2,2,1,2,5,7,2
93,4,0,1,1,0,2,5,6,4,5,7,0,3,3,2,2,2,2,0,1,5,3,1
989,4,0,1,3,0,6,9,2,4,5,7,0,0,3,2,8,2,2,0,2,5,11,2
668,2,4,0,4,0,3,6,7,1,5,1,0,0,0,2,8,2,9,2,2,1,10,2
534,4,0,1,5,2,3,5,6,4,5,7,0,0,0,7,8,2,2,0,2,5,3,2
692,0,0,1,4,0,3,14,7,2,5,7,0,3,0,4,8,2,7,3,3,5,3,1
247,3,2,1,4,2,1,7,7,1,5,3,0,3,3,4,2,4,2,0,2,5,11,2
415,0,0,1,4,0,1,4,5,4,5,3,0,0,3,2,8,2,2,3,3,5,3,2
482,6,0,1,4,0,1,14,9,4,5,7,3,0,3,7,8,2,7,0,1,5,3,2
79,6,0,1,4,0,1,0,7,0,5,3,0,0,3,2,8,2,3,3,3,5,0,2
425,2,4,1,1,0,1,14,7,3,5,7,0,0,3,2,8,2,2,2,2,5,3,2
753,2,1,1,4,0,5,7,7,0,1,1,0,3,0,4,8,3,2,1,2,5,12,2
708,0,3,1,4,2,1,0,9,6,5,1,0,3,0,4,2,1,11,1,2,5,10,2
497,4,1,1,1,0,3,6,6,4,5,7,0,0,3,2,8,2,2,3,3,5,3,2
467,5,0,1,4,0,2,0,9,4,5,7,0,3,0,4,2,2,3,3,3,5,12,2
187,1,0,0,4,0,2,12,6,2,5,7,0,3,3,2,6,3,2,3,3,5,1,2
551,4,4,1,4,2,2,7,9,4,5,1,0,0,3,2,8,3,2,0,2,5,10,1
38,0,4,1,4,2,2,5,12,4,5,0,0,0,3,2,2,2,2,0,2,5,9,2
274,0,1,1,2,0,2,5,6,6,5,1,0,0,3,2,8,2,7,0,2,5,10,2
482,4,0,1,4,0,0,10,9,4,5,1,0,0,3,2,2,1,2,0,2,5,12,2
283,0,1,1,4,0,2,4,7,4,7,7,0,0,3,2,8,1,2,3,3,5,1,1
440,6,1,1,1,0,0,5,7,4,5,0,0,0,3,2,8,2,2,3,3,5,3,2
485,0,2,1,4,0,4,9,3,2,5,1,0,0,3,2,8,1,2,2,2,6,0,2
193,4,0,1,2,1,3,0,6,2,5,2,0,0,3,2,0,2,5,0,2,5,9,2
352,5,1,1,4,0,0,3,9,2,5,2,0,0,3,2,8,2,4,1,2,5,16,2
599,0,1,1,4,2,2,7,7,4,5,0,0,0,0,2,8,2,2,0,2,5,1,2
935,4,0,1,4,0,3,8,6,0,5,0,0,0,3,2,8,2,7,0,2,5,9,2
944,5,4,1,4,2,2,5,6,4,5,7,0,0,3,2,8,2,2,3,3,5,1,2
292,3,4,0,1,0,1,0,6,1,5,0,0,0,3,2,8,2,2,3,3,5,12,2
243,4,0,1,4,0,3,5,9,4,5,1,0,0,3,2,8,3,2,0,2,5,10,2
481,1,0,1,1,0,2,8,9,4,5,0,0,0,3,2,2,2,2,0,2,5,12,2
415,3,3,1,4,0,2,8,7,2,5,1,0,3,3,2,8,2,2,3,3,5,12,2
464,3,0,1,4,2,0,0,6,4,5,3,0,0,3,2,8,2,2,1,2,5,2,2
906,5,1,1,4,0,0,0,7,4,5,0,0,0,3,2,2,2,3,3,3,5,11,2
386,2,1,1,4,0,2,4,7,4,5,0,0,0,3,2,2,3,4,1,2,5,9,2
692,2,0,1,4,0,2,0,7,4,5,0,0,0,2,2,1,2,2,3,3,5,18,2
463,2,1,1,4,2,2,7,9,2,5,7,0,0,3,2,8,2,2,0,2,5,10,2
313,1,0,1,4,0,2,5,2,4,5,0,3,3,3,3,8,2,9,3,3,5,0,2
664,3,1,1,4,0,4,7,9,2,1,4,0,0,0,2,8,2,4,3,3,5,4,2
959,6,0,1,4,0,2,0,9,2,5,7,0,0,3,2,8,2,2,0,2,5,0,2
882,0,3,1,4,0,3,5,7,6,5,7,0,0,3,2,0,2,3,0,2,5,10,2
662,4,0,1,4,0,2,11,7,2,5,7,0,0,0,2,8,2,5,0,1,5,3,2
561,2,0,0,4,0,2,11,9,4,5,2,0,3,0,2,2,2,2,0,2,5,10,1
1032,5,4,1,1,0,2,10,7,4,5,1,0,0,3,0,8,2,2,3,3,5,10,2
803,1,0,1,4,0,3,14,7,2,5,7,0,0,3,2,8,2,2,3,3,5,12,2
1020,2,1,0,4,0,3,3,6,2,7,7,0,0,3,2,1,2,2,2,2,5,3,2
956,5,4,1,4,0,4,5,7,2,5,7,0,0,3,2,8,2,9,0,2,5,10,2
964,6,2,1,2,0,1,7,7,4,5,7,0,3,3,2,8,2,1,3,3,5,9,2
872,0,2,1,5,2,2,0,9,2,5,0,0,0,3,2,8,2,2,0,1,5,0,2
534,3,1,1,4,0,1,7,6,2,5,1,0,3,3,2,8,2,3,3,3,5,3,2
1013,5,1,1,1,0,4,5,2,2,5,1,0,3,3,3,6,2,2,0,2,5,1,2
953,6,0,1,6,0,1,5,7,6,3,7,0,0,3,2,6,3,3,0,2,5,10,1
612,4,1,1,4,0,2,8,6,2,5,7,0,0,3,2,8,2,2,0,2,5,1,2
143,0,1,1,4,0,3,5,9,2,5,1,0,3,3,4,2,2,7,1,2,5,9,2
112,4,0,1,2,0,3,5,12,2,5,0,0,0,3,2,8,2,2,3,3,5,1,2
392,6,1,1,4,0,3,0,7,4,5,0,0,0,3,2,8,2,2,0,2,5,12,2
66,5,1,1,4,0,6,7,4,2,5,1,0,3,3,2,8,3,2,0,2,5,10,2
323,2,4,1,4,0,1,7,5,6,5,0,0,0,3,2,8,3,3,1,2,5,0,2
657,3,0,1,4,0,1,7,6,4,5,1,0,0,0,2,8,2,4,0,2,5,3,0
805,3,0,1,4,0,4,0,7,2,5,0,0,0,0,3,8,2,4,2,2,1,3,2
306,1,2,1,4,0,3,0,7,2,5,0,0,3,0,2,8,2,2,3,3,5,9,2
564,6,1,1,4,0,4,5,7,4,5,5,0,0,0,2,8,2,4,3,3,5,1,2
187,1,0,1,4,0,3,0,12,4,5,7,0,0,3,2,8,3,2,3,3,5,0,2
672,2,0,1,4,0,4,5,1,2,5,7,0,3,0,4,8,1,9,0,2,5,10,2
62,6,1,1,4,0,2,9,6,4,5,5,0,3,3,2,8,2,2,3,3,5,11,2
827,1,0,1,1,2,4,7,6,2,5,1,0,0,3,2,8,1,2,0,2,5,0,2
251,5,0,1,4,0,1,15,9,2,5,7,0,0,3,2,8,2,4,0,2,5,16,2
743,3,3,2,1,0,2,3,6,4,0,1,0,0,0,2,1,2,2,0,2,5,1,2
367,6,1,1,4,1,4,5,2,2,5,1,0,3,3,4,8,3,2,0,2,5,10,2
278,0,1,1,4,0,1,3,7,1,5,1,0,0,3,2,8,3,2,3,3,5,10,2
599,6,2,1,4,0,3,5,2,4,5,1,0,3,0,4,8,1,2,3,3,5,9,0
474,5,0,1,4,0,3,0,7,4,5,0,0,0,3,2,8,2,2,1,2,5,12,2
445,6,0,1,4,0,2,3,6,2,5,7,0,2,3,6,2,3,3,0,2,5,16,2
708,2,4,1,4,0,4,0,9,4,1,7,0,3,0,4,8,2,3,0,2,5,1,2
380,0,0,1,4,0,2,14,6,1,3,7,0,3,3,3,2,2,2,1,2,5,9,2
912,5,1,1,4,2,4,7,9,0,5,7,0,0,3,2,8,2,0,3,3,5,0,2
357,0,1,1,4,2,2,0,4,4,6,7,0,0,3,2,8,2,4,0,2,5,9,2
183,6,0,1,4,0,2,5,6,4,5,0,0,0,3,2,8,3,2,0,2,5,9,2
497,3,0,1,1,0,2,14,6,2,5,0,0,0,3,2,8,2,2,0,2,5,10,2
956,4,0,1,4,0,2,5,7,4,5,0,0,0,3,2,8,2,10,1,2,5,0,2
732,0,2,1,4,0,3,7,7,6,3,7,0,0,0,2,6,1,2,0,2,5,0,2
1024,5,1,1,4,2,2,0,2,6,5,0,0,0,3,2,8,2,2,0,2,5,3,2
425,6,4,1,4,2,2,5,7,2,5,1,0,0,3,2,8,1,2,1,2,5,12,2
633,4,3,1,4,0,1,10,7,0,5,7,3,3,0,4,8,2,2,3,3,5,3,2
586,6,0,1,4,0,2,7,6,2,5,0,0,3,0,3,8,2,1,3,3,5,5,2
646,0,3,1,4,0,2,4,7,2,5,1,3,0,0,2,6,2,2,3,3,5,1,2
551,4,3,1,0,0,5,13,9,2,5,1,0,0,3,2,8,3,7,1,2,5,1,1
194,5,0,1,1,0,2,0,4,5,5,1,0,0,3,2,8,2,2,2,2,5,1,2
192,4,0,1,4,0,0,0,4,2,5,1,0,0,3,2,2,2,2,0,2,5,3,2
216,1,1,1,4,0,1,10,7,4,5,0,0,0,3,2,8,4,2,3,3,5,10,2
918,6,1,1,4,0,3,7,6,2,5,0,4,0,3,7,1,2,4,3,3,5,9,1
298,1,2,1,4,0,1,0,7,2,7,0,0,0,3,2,8,3,2,2,2,6,5,2
988,4,0,1,4,0,3,9,7,2,5,7,2,0,3,2,2,2,2,2,2,2,9,1
415,0,0,1,4,0,1,0,6,1,5,7,2,0,3,2,1,2,2,0,2,5,12,2