Time,Day_of_week,Age_band_of_driver,Sex_of_driver,Educational_level,Vehicle_driver_relation,Driving_experience,Type_of_vehicle,Area_accident_occured,Lanes_or_Medians,Road_allignment,Types_of_Junction,Road_surface_type,Road_surface_conditions,Light_conditions,Weather_conditions,Type_of_collision,Number_of_vehicles_involved,Vehicle_movement,Casualty_class,Casualty_severity,Pedestrian_movement,Cause_of_accident,Accident_severity
112,4,0,1,4,0,1,9,7,2,5,7,0,0,3,2,2,2,2,3,3,5,1,2
97,5,2,1,4,0,1,0,6,2,5,0,0,0,3,2,8,2,2,3,3,5,10,2
626,5,0,1,2,0,1,8,6,2,5,0,0,3,0,4,8,2,2,2,2,4,4,2
467,4,1,1,1,2,4,14,6,2,5,7,0,0,3,2,8,2,2,3,3,5,1,2
318,2,3,1,4,0,0,3,6,0,5,0,0,0,3,2,8,2,2,3,3,5,13,2
974,4,0,1,4,0,4,7,6,2,2,0,0,3,3,4,8,2,2,0,2,5,10,2
992,4,0,1,1,0,2,8,7,0,5,7,0,0,3,2,8,2,2,1,2,5,16,2
139,6,2,1,4,2,0,7,9,4,5,3,0,0,3,2,8,2,2,3,3,5,0,2
500,6,4,1,4,0,4,5,9,6,5,1,0,0,3,2,8,2,5,1,2,5,12,2
753,2,4,1,0,0,3,5,12,4,6,1,0,3,0,2,2,2,2,1,1,5,4,2
556,4,3,1,2,0,0,7,9,4,5,7,0,0,3,2,8,2,2,0,2,5,12,2
806,0,0,1,4,0,2,5,7,4,5,7,0,0,3,2,2,1,9,3,3,5,0,0
350,4,1,1,1,0,1,8,6,2,6,7,0,0,3,2,2,1,2,0,2,5,1,2
331,2,4,0,4,2,2,5,2,2,5,7,0,0,3,2,8,2,2,0,2,5,0,2
143,5,4,0,4,2,2,5,9,6,3,7,0,3,3,4,8,1,2,3,3,5,10,2
647,2,1,1,4,0,3,5,6,2,7,7,0,0,3,2,8,3,2,0,2,5,15,1
559,3,0,1,1,0,4,0,9,2,5,1,4,3,0,2,8,2,2,3,3,5,12,2
599,6,2,1,4,0,2,10,6,4,5,7,4,0,3,7,2,3,2,0,2,5,9,1
331,1,1,0,4,0,1,10,3,6,3,7,0,0,3,2,8,4,2,3,3,5,10,2
497,2,1,1,1,0,1,9,5,2,7,7,0,3,3,4,8,2,2,1,2,5,2,2
371,5,0,1,4,0,2,0,9,4,6,7,0,0,3,7,2,2,4,3,3,5,9,2
662,6,1,1,4,0,2,14,6,2,6,0,0,0,0,2,8,2,2,0,1,5,11,2
962,4,1,1,4,0,1,0,7,2,5,1,0,0,3,2,8,2,3,2,2,5,16,2
445,0,1,1,2,0,5,15,9,6,8,3,0,3,1,4,6,1,2,0,2,5,7,2
229,4,3,1,1,0,3,5,6,4,5,7,0,3,3,0,8,2,2,1,2,5,12,1
774,3,2,1,4,0,3,0,2,4,5,0,0,0,0,2,8,3,2,1,2,5,15,2
241,2,0,1,4,0,1,5,2,4,5,7,0,0,3,2,8,2,2,2,2,7,3,2
375,4,4,1,2,0,2,14,6,1,5,1,2,0,3,2,8,1,2,0,2,5,1,2
317,6,0,1,1,2,1,11,6,4,5,0,0,0,3,0,8,2,2,0,0,5,10,2
872,1,1,1,2,2,1,10,7,0,5,7,0,0,3,2,8,2,2,0,2,5,11,2
614,4,1,1,1,0,0,0,7,2,5,1,0,3,0,2,2,2,2,3,3,5,3,2
405,3,1,1,4,0,1,5,13,6,5,0,0,0,3,2,8,1,2,1,2,5,3,2
935,5,0,1,2,0,1,0,7,2,5,1,0,0,3,2,2,1,2,1,1,5,12,2
440,2,0,1,4,0,3,0,9,4,5,0,0,3,0,4,2,2,2,0,2,5,17,2
1028,1,2,1,1,0,3,5,2,5,7,1,1,0,3,2,8,2,7,3,3,5,13,2
274,6,4,1,1,2,3,0,7,4,5,1,0,0,3,2,8,2,2,2,2,5,10,2
944,1,0,1,1,0,2,12,7,4,5,7,0,0,3,2,8,3,2,0,2,5,3,2
16,2,0,1,4,0,0,12,4,2,5,0,0,0,0,2,8,2,2,0,2,5,13,2
348,0,1,1,4,0,4,8,12,2,5,7,0,0,3,2,2,3,2,3,3,5,16,1
940,1,0,1,4,0,3,11,6,4,5,7,0,3,3,6,2,2,2,0,2,5,1,2
415,1,1,1,0,2,1,8,2,4,5,0,0,0,3,2,2,2,2,0,2,5,16,2
220,0,4,1,1,0,4,0,6,0,5,7,0,0,3,2,8,2,2,3,3,5,1,2
535,5,1,1,1,0,0,14,7,0,1,1,0,0,3,2,6,2,5,3,3,5,1,2
698,0,0,1,0,0,2,6,9,6,5,7,0,0,0,7,8,2,2,1,2,5,0,2
754,5,1,1,4,0,1,11,2,6,5,7,0,0,0,2,8,1,7,3,3,5,11,2
415,5,1,1,4,0,2,14,6,6,5,7,0,3,0,2,8,2,3,3,3,5,4,2
420,4,0,1,1,2,2,2,6,0,5,1,0,0,3,2,8,2,2,3,3,5,12,2
344,2,2,1,4,2,2,11,7,4,5,0,0,0,3,2,8,1,7,0,2,5,12,2
624,3,2,1,4,0,3,9,7,6,5,1,2,3,0,2,8,2,2,0,2,5,1,2
155,2,0,1,1,0,2,5,4,2,5,1,0,0,3,2,8,2,2,0,2,5,3,1
872,4,1,1,4,2,3,4,7,4,5,7,2,0,3,2,1,2,2,1,2,5,13,2
415,6,0,1,4,0,2,0,2,6,5,3,0,3,3,2,8,2,2,3,3,5,4,1
644,5,3,1,4,2,1,7,9,4,5,7,0,0,0,2,8,2,1,3,3,5,3,2
137,2,1,1,4,0,1,5,7,2,5,1,0,0,3,2,8,1,2,0,2,5,18,2
217,0,1,1,1,2,1,0,6,4,5,1,0,0,3,2,8,2,2,2,2,6,3,2
678,2,0,1,4,0,4,0,7,6,5,0,2,0,0,2,8,2,2,3,3,5,3,2
91,4,1,1,4,0,2,0,6,4,6,1,2,0,3,2,8,1,2,0,2,5,16,2
106,3,0,1,4,0,1,5,6,4,5,7,0,3,3,4,8,2,3,0,2,5,0,2
112,0,1,1,4,0,1,5,7,6,5,2,0,3,3,4,8,3,3,0,2,5,11,2
692,5,2,1,2,0,0,10,4,1,5,0,0,3,0,2,8,2,2,1,2,5,16,2
288,4,4,1,4,0,1,8,7,4,5,7,0,0,3,2,8,3,2,3,3,5,0,2
467,4,0,2,4,2,2,8,1,4,5,1,0,0,3,2,1,3,7,0,2,5,0,2
458,4,2,1,4,0,2,0,6,4,5,7,0,0,3,2,1,2,2,0,2,5,12,2
264,2,0,1,4,0,1,5,7,2,5,1,3,0,3,2,2,2,0,0,2,5,10,2
564,4,4,1,4,0,2,0,7,2,6,1,1,0,0,2,8,2,2,3,3,5,10,2
681,1,0,1,4,0,0,9,6,2,5,7,0,3,0,4,8,2,4,1,2,5,10,2
646,1,0,1,4,0,1,10,7,2,5,7,0,0,3,2,8,2,7,0,1,5,13,2
422,6,2,1,4,0,3,0,6,2,5,1,0,0,3,2,8,2,2,1,2,5,10,2
714,6,1,1,4,0,2,0,7,2,5,0,0,0,0,2,8,2,4,3,3,5,16,2
841,5,3,1,1,0,2,5,4,2,5,1,0,3,3,4,8,2,2,0,2,5,1,1
448,5,2,1,4,0,2,14,2,6,5,2,4,3,0,2,8,2,3,0,2,5,10,2
211,1,2,1,4,0,3,8,9,4,5,0,0,0,3,2,2,2,4,3,3,5,10,2
467,4,1,1,4,0,4,14,6,4,5,1,0,0,3,2,8,3,2,3,3,5,10,2
1030,5,1,1,4,0,0,9,6,6,7,7,0,0,3,2,1,2,2,3,3,5,10,2
315,6,1,1,4,2,2,0,7,4,5,0,0,0,3,2,2,1,2,0,2,5,1,2
400,0,1,1,2,0,1,7,6,2,5,7,0,0,3,2,6,2,4,3,3,5,1,2
969,1,4,0,4,0,4,0,6,2,5,1,0,3,3,2,8,3,9,0,2,5,12,2
548,6,2,1,4,0,3,0,7,0,5,1,0,3,0,2,6,3,2,3,3,5,3,2
1006,6,1,1,4,2,1,14,3,1,5,7,0,0,3,2,8,2,2,3,3,5,1,2
357,5,4,0,1,0,2,5,6,1,5,1,0,0,3,2,8,1,2,3,3,5,3,2
7,2,2,1,4,2,4,8,4,4,5,1,0,0,0,2,8,3,2,2,2,5,2,1
617,0,2,1,2,0,0,14,2,4,5,7,0,0,3,2,8,2,2,0,2,5,10,2
633,0,4,0,4,0,3,4,9,2,5,1,0,0,0,2,8,2,2,3,3,5,12,2
310,3,1,1,4,0,2,14,9,2,5,7,0,0,3,2,8,3,9,3,3,5,13,2
938,6,3,1,4,0,1,5,6,1,3,7,0,0,3,2,2,2,2,1,2,5,5,2
798,2,0,1,4,0,2,5,7,2,5,1,0,0,0,2,1,1,2,1,1,5,10,2
375,4,1,1,4,0,3,8,7,4,5,1,0,3,3,4,8,2,2,3,3,5,13,0
874,0,1,1,4,0,1,10,9,6,5,7,0,3,0,2,2,2,3,0,2,5,10,2
453,2,1,1,5,0,3,2,6,2,5,0,0,0,3,2,8,1,4,3,3,5,9,2
179,5,0,1,1,0,1,0,7,4,7,7,0,0,3,2,8,2,2,0,2,5,16,2
416,3,1,1,1,0,2,5,6,4,0,7,0,0,3,2,8,2,7,0,2,5,1,2
178,2,0,1,2,0,1,5,7,4,5,0,0,0,3,2,8,1,2,3,3,5,10,2
586,6,0,1,4,0,1,15,7,2,5,0,0,3,0,3,8,2,2,3,3,5,3,2
127,2,1,1,4,2,3,7,7,0,5,7,0,2,3,6,2,3,9,0,1,5,17,2
996,3,0,1,4,0,1,5,7,4,5,1,0,0,3,2,8,2,7,3,3,5,10,2
1020,2,1,1,4,2,2,8,6,2,5,0,0,3,3,4,2,3,2,0,2,5,9,2
122,5,0,1,0,0,0,10,6,1,5,7,0,3,3,2,8,2,2,1,2,5,5,2
348,1,4,0,4,2,3,0,9,2,5,7,0,0,3,7,1,1,2,2,2,1,18,2
405,0,1,1,4,0,2,0,6,0,5,1,0,0,3,2,8,2,7,0,2,5,10,2
435,4,3,1,1,2,2,7,6,4,5,1,0,0,3,2,8,2,2,3,3,5,5,1
745,0,1,1,1,0,3,5,2,5,7,7,1,0,0,2,8,2,2,1,2,5,17,2
197,1,1,1,4,0,1,15,4,6,5,1,0,0,3,2,8,3,7,1,2,5,0,1
41,6,1,1,2,0,1,0,6,0,5,1,0,3,3,4,8,3,1,3,3,5,11,2
676,3,2,1,4,0,1,5,7,4,5,0,0,0,0,2,8,2,4,3,3,5,13,2
559,3,1,1,1,0,3,6,6,6,5,1,0,3,0,2,8,2,4,0,2,5,10,2
281,5,1,1,4,0,1,11,9,2,5,1,0,0,3,2,8,4,2,2,2,5,2,2
652,5,1,1,1,0,2,0,7,2,5,5,2,3,0,4,2,1,2,0,2,5,10,1
1030,4,2,0,0,0,5,14,7,4,5,1,0,3,3,2,8,1,9,3,3,5,3,2
267,0,0,1,4,0,4,5,6,0,5,7,0,0,3,2,2,2,2,0,2,5,3,2
915,0,0,1,4,0,1,5,9,1,3,7,0,0,0,2,8,2,2,0,2,5,4,2
614,1,0,1,4,0,5,2,7,2,5,1,0,3,0,4,1,2,9,0,2,5,1,2
450,3,0,1,4,0,2,0,9,2,5,0,4,0,0,2,2,2,2,2,2,5,0,2
63,1,4,1,4,0,2,8,5,6,5,1,0,0,3,2,1,2,2,3,3,5,0,2
216,1,1,1,4,0,4,10,6,4,5,0,0,0,3,2,8,4,2,0,2,5,11,2
318,5,0,1,1,0,2,5,7,4,5,1,2,0,3,2,8,2,3,3,3,5,11,2
869,4,1,1,4,0,3,0,9,6,5,0,0,0,0,2,0,2,2,0,2,5,0,2
882,4,0,1,4,2,4,5,6,2,5,7,0,3,0,8,8,2,11,3,3,5,1,2
225,1,0,1,4,2,1,8,6,0,1,7,0,0,3,2,2,2,7,0,2,5,3,2
244,2,2,1,4,0,4,0,10,4,1,2,0,0,3,2,0,2,2,0,2,5,11,2
568,1,0,1,4,0,1,0,12,6,5,7,0,0,0,2,8,2,2,3,3,5,12,2
727,5,2,1,0,0,0,0,2,6,3,7,0,3,0,4,8,1,2,3,3,5,12,2
278,6,1,1,4,0,4,14,6,4,5,1,0,0,3,2,8,2,2,3,3,5,10,2
724,5,0,1,1,0,3,7,6,2,5,7,0,0,0,2,8,2,2,0,2,5,3,2
283,2,1,1,4,0,1,7,7,2,5,1,0,0,3,2,1,2,0,0,2,5,16,2
515,3,3,1,4,0,4,5,7,2,5,1,0,3,3,2,8,1,3,3,3,5,12,1
1001,5,0,1,4,2,2,7,9,0,5,1,0,0,3,2,8,2,2,3,3,5,11,2
634,4,1,1,4,0,1,0,9,4,5,0,0,0,3,2,8,4,1,0,1,5,1,2
646,4,0,1,4,0,3,7,6,6,7,1,0,0,2,7,8,2,2,0,2,5,1,2
961,4,1,1,1,0,1,4,12,6,3,7,0,0,3,2,8,1,2,3,3,5,10,2
206,6,2,1,4,0,2,15,7,4,5,7,0,3,3,2,8,2,2,0,2,5,10,2
194,5,0,1,4,0,6,9,9,0,5,1,0,0,3,2,8,2,3,3,3,5,3,2
38,5,1,1,4,0,2,0,6,2,6,7,0,0,3,2,8,1,0,3,3,5,16,2
177,6,1,1,0,0,3,0,7,4,5,7,0,0,3,2,8,2,3,1,2,5,3,1
520,5,1,1,4,2,1,15,6,4,5,7,0,3,0,3,8,2,2,3,3,5,0,2
256,1,1,1,4,0,2,0,6,2,5,7,0,3,3,4,2,2,2,0,2,5,0,2
348,4,4,1,2,0,2,13,9,4,5,1,0,0,3,2,2,2,7,3,3,5,5,2
976,0,2,1,4,0,2,5,7,0,5,1,0,0,3,2,8,1,2,2,1,6,1,2
511,4,4,1,4,0,1,0,6,6,5,0,2,0,0,2,1,2,2,0,1,5,9,2
300,2,1,1,4,0,1,5,6,2,5,7,0,0,3,2,8,1,2,0,2,5,10,2
143,5,1,1,2,0,4,8,6,4,5,7,0,0,3,2,8,2,2,0,2,5,0,2
916,1,4,0,1,2,3,7,9,3,5,1,0,0,3,2,8,2,2,0,2,5,9,1
292,3,0,1,4,0,4,4,9,2,5,7,0,0,3,2,1,2,3,0,2,5,1,1
506,6,1,1,4,0,1,9,7,4,5,0,0,0,3,2,1,1,2,1,2,5,11,2
513,2,0,1,4,0,2,5,3,2,5,0,4,0,3,2,6,2,2,0,2,5,10,2
815,2,1,1,4,0,2,9,7,4,5,7,0,0,0,2,8,2,2,0,2,5,1,2
63,1,2,1,1,0,0,7,9,4,5,7,0,3,0,4,8,2,2,3,3,5,1,1
662,6,0,1,1,0,2,3,12,6,3,0,0,0,0,2,1,2,2,3,3,5,12,2
210,2,4,0,4,2,2,8,7,2,5,1,0,0,3,2,8,2,2,1,2,5,11,2
594,0,3,1,2,0,0,0,7,2,5,0,0,0,0,2,2,2,2,3,3,5,0,2
746,4,4,1,1,0,2,9,6,1,5,1,0,3,0,2,8,2,2,0,2,5,10,2
318,2,0,1,4,2,2,10,2,4,5,0,0,0,3,2,8,2,2,0,2,5,13,2
345,0,0,1,4,0,0,5,6,2,6,7,0,0,3,2,8,2,2,0,2,5,1,2
83,1,2,1,1,0,1,4,7,2,3,2,0,0,3,2,8,2,2,0,2,5,10,1
172,5,2,1,4,0,1,0,7,4,5,5,2,3,3,4,8,2,2,2,2,6,10,2
829,6,3,1,4,0,1,5,1,1,6,7,0,0,3,2,8,2,4,0,2,5,0,2
412,2,4,1,2,2,1,0,4,4,5,7,0,0,3,2,8,2,2,3,3,5,2,2
385,4,1,1,4,0,3,9,6,4,5,5,0,0,3,2,8,2,2,0,2,5,11,2
375,2,3,1,4,0,3,0,7,2,6,7,0,3,0,4,8,2,2,3,3,5,12,2
364,4,1,1,4,0,2,9,6,0,5,7,0,3,3,0,8,1,2,2,2,5,3,2
372,5,2,1,0,2,1,9,9,2,5,7,0,0,3,2,2,2,7,3,3,5,1,2
395,5,1,1,4,0,3,15,6,4,5,1,0,0,3,2,3,3,7,3,3,5,9,2
375,4,1,1,4,0,2,10,7,4,5,1,0,3,3,4,8,2,2,2,2,1,0,0
612,1,0,1,4,0,2,0,7,4,5,5,0,0,3,2,2,4,2,1,2,5,11,2
608,6,0,1,4,0,1,3,7,2,5,7,3,0,3,2,8,2,9,0,2,5,3,2
225,5,4,1,5,2,3,0,6,4,5,1,0,0,3,2,8,2,2,0,2,5,3,2
109,4,2,1,4,2,0,5,9,2,5,7,0,0,3,2,8,2,2,3,3,5,7,2
199,3,1,1,4,0,3,5,2,2,5,0,0,3,3,4,8,2,2,0,2,5,10,2
192,4,0,1,4,0,3,8,7,2,5,1,0,3,3,4,8,2,2,3,3,5,3,1
599,0,1,1,4,2,0,0,7,1,0,1,0,3,0,4,2,2,2,3,3,5,10,2
991,1,1,1,4,2,2,8,6,3,5,7,0,0,3,4,1,4,2,2,2,7,8,2
165,4,3,1,4,0,4,8,2,4,5,3,2,3,3,6,8,2,2,3,3,5,15,2
428,5,1,1,5,2,3,5,6,2,5,7,0,0,3,2,8,2,2,2,2,4,10,2
945,5,0,1,4,0,0,7,9,2,5,7,0,3,3,4,8,2,2,0,2,5,3,2
390,5,1,1,2,2,2,5,7,2,5,7,0,0,3,2,8,3,2,0,2,5,0,1
89,3,0,1,4,0,3,0,4,6,5,1,0,0,3,2,8,2,2,1,2,5,3,2
774,3,4,1,1,0,2,7,9,1,5,0,0,0,0,2,2,3,2,0,2,5,9,2
439,0,1,1,4,2,2,4,6,2,5,1,0,3,3,2,2,2,4,2,2,5,6,2
929,4,0,1,4,2,4,10,1,2,3,1,0,3,3,2,8,4,7,3,3,5,3,2
708,5,4,1,4,0,1,6,7,2,5,7,0,0,3,2,8,2,2,3,3,5,3,2
930,6,4,1,4,0,1,14,7,4,5,0,0,0,3,2,8,2,4,2,2,0,13,2
192,2,0,1,2,0,3,0,6,1,5,7,0,0,3,2,8,2,2,3,3,5,9,2
458,6,1,1,1,0,1,7,7,2,5,7,0,3,0,2,8,2,2,2,2,5,9,2
455,1,1,1,4,0,1,0,5,2,5,1,0,3,3,2,8,2,2,0,2,5,1,2
564,6,1,1,4,0,3,0,1,6,5,1,0,3,0,2,1,2,0,3,3,5,5,2
80,1,4,1,1,0,2,14,7,2,5,7,0,0,3,2,8,2,3,0,2,5,3,2
685,6,0,1,4,0,5,5,6,4,5,0,0,0,0,2,2,2,2,3,3,5,17,2
240,0,1,1,1,0,3,14,7,1,5,7,0,0,3,2,8,2,2,1,2,5,3,2
571,3,2,1,1,0,0,14,7,0,1,2,0,0,0,2,6,1,7,0,1,5,3,2
113,1,0,1,4,0,2,7,4,0,5,7,0,3,3,4,1,2,4,0,1,5,10,2
255,5,0,1,4,0,1,5,6,2,5,7,0,0,3,2,8,3,3,2,2,0,0,2
177,5,0,1,4,0,3,5,2,2,5,7,0,0,3,2,8,2,2,0,2,5,10,2
633,0,4,1,4,0,3,9,1,2,5,1,0,0,0,2,8,2,2,2,2,5,13,2
381,1,0,1,4,0,3,7,5,2,7,7,0,0,3,2,8,2,11,0,2,5,3,2
155,6,1,1,4,2,2,11,9,2,5,1,0,0,3,0,1,4,2,2,2,5,1,2
464,5,1,1,1,0,3,3,6,2,5,7,0,0,3,8,8,2,7,3,3,5,12,2
444,6,2,1,2,0,4,8,6,2,6,1,0,0,3,2,2,2,2,0,2,5,3,2
192,5,0,1,4,0,4,0,2,4,5,2,0,0,3,2,1,2,3,2,2,5,10,2
639,0,0,1,4,0,4,0,9,4,5,1,0,0,0,2,8,2,2,0,2,5,12,2
274,0,0,1,4,0,0,8,7,6,5,0,0,0,3,7,8,2,4,0,2,5,3,2
206,3,3,1,0,0,5,4,2,6,5,0,0,0,3,2,8,2,1,3,3,5,10,2
150,3,0,2,4,0,0,5,7,0,5,7,0,0,3,2,2,2,2,3,3,5,12,2
932,5,1,1,1,0,2,16,7,2,5,5,2,0,3,2,8,2,3,3,3,5,9,2
963,1,0,1,5,0,4,14,7,2,5,7,0,0,3,2,8,1,4,0,2,5,13,2
930,6,0,1,4,0,2,10,6,2,5,0,0,0,3,2,2,2,3,0,2,5,12,2
139,3,0,1,1,0,0,16,7,2,5,7,0,0,3,2,8,2,2,2,2,0,10,1
907,0,0,1,1,0,2,7,6,0,5,1,0,0,3,2,8,2,4,2,2,6,0,2
143,3,4,1,2,0,4,0,9,4,5,1,0,0,3,2,8,2,2,1,2,5,2,2
181,3,0,1,2,0,2,5,7,2,5,7,1,3,3,4,8,2,3,1,2,5,9,2
450,6,0,1,4,0,2,0,9,1,5,7,0,3,0,4,2,1,2,3,3,5,10,2
820,3,1,1,4,0,1,0,7,4,5,7,0,0,0,2,8,2,2,1,2,5,1,2
200,5,2,1,4,2,3,3,6,2,5,7,0,0,3,2,8,2,2,0,2,5,5,1
947,4,1,1,4,0,0,4,5,2,5,7,0,0,3,2,8,2,2,3,3,5,1,2
928,1,0,1,1,0,2,0,7,0,1,1,0,3,3,2,8,1,2,1,2,5,0,2
389,3,1,1,4,0,2,0,2,2,5,7,0,0,3,2,8,2,2,1,2,5,9,2
446,1,0,1,4,0,0,0,7,2,5,7,0,0,3,2,2,4,2,2,2,5,10,2
974,5,0,1,4,0,2,5,6,2,5,0,0,0,3,2,8,2,5,2,1,1,9,2
313,1,1,1,4,0,1,14,2,2,4,1,0,0,3,2,8,1,2,0,2,5,12,1
894,4,0,1,1,0,4,14,7,4,5,1,0,0,3,2,8,2,2,3,3,5,3,2
122,5,0,1,4,0,4,0,12,4,5,7,0,3,3,2,8,2,4,1,2,5,1,2
451,6,0,1,4,2,2,5,9,1,3,7,0,0,3,2,6,2,2,3,3,5,16,2
1009,2,0,1,2,0,3,0,7,4,5,3,0,0,3,2,1,3,2,0,2,5,10,2
930,5,4,0,4,0,1,5,4,4,5,3,2,0,3,2,2,2,2,0,2,5,12,2
163,5,1,1,1,0,0,4,7,2,5,7,0,0,3,2,8,2,2,0,1,5,1,2
367,3,1,1,4,0,2,9,2,6,5,7,0,0,3,2,8,1,2,3,3,5,1,2
439,1,1,1,6,2,2,8,6,4,5,1,0,0,3,2,8,2,2,0,2,5,12,2
506,2,1,1,4,0,0,0,9,1,5,7,0,0,3,2,8,2,3,0,2,5,10,2
907,5,1,1,1,0,2,0,7,2,5,0,0,3,0,2,8,2,2,0,2,5,7,2
112,5,3,1,2,0,1,0,2,2,5,0,0,3,3,2,2,4,2,0,2,5,12,1
112,4,0,1,0,0,2,7,6,4,5,7,4,0,3,2,1,2,3,0,2,5,10,2
306,1,2,1,4,0,3,3,7,2,5,7,0,0,3,7,8,3,2,3,3,5,1,1
430,4,0,1,4,0,2,0,7,4,5,0,0,0,3,2,8,1,2,2,2,5,0,1
192,2,1,1,4,0,4,14,12,2,5,7,0,0,3,2,8,2,7,1,2,5,1,2
567,6,0,1,1,0,1,14,4,6,5,7,0,3,0,2,8,2,2,2,2,1,10,2
916,6,2,1,4,2,2,0,2,2,6,7,0,3,3,4,8,1,2,0,2,5,0,2
607,2,0,1,1,0,0,5,7,2,5,1,0,0,3,2,8,3,10,3,3,5,1,1
441,0,3,1,4,0,1,8,6,0,5,7,0,0,3,2,6,2,2,3,3,5,11,2
323,0,4,0,4,0,4,5,2,0,5,7,4,0,3,2,8,3,2,2,2,2,0,1
523,0,1,1,1,2,3,14,2,0,5,7,0,0,3,2,8,2,2,2,2,6,10,2
741,6,1,1,1,0,4,10,6,2,6,0,0,0,0,2,3,2,7,3,3,5,12,2
727,2,0,1,4,0,0,1,6,1,5,7,0,0,0,2,8,1,3,0,2,5,1,2
425,2,1,1,1,2,2,7,2,3,5,7,0,0,3,2,8,2,5,3,3,5,1,2
875,6,1,1,1,0,2,5,6,2,6,7,0,3,2,4,6,2,2,2,2,2,10,2
751,2,0,1,4,0,3,0,7,6,5,1,0,0,0,2,2,2,2,3,3,5,0,2
763,2,1,1,4,0,0,0,4,6,5,7,0,3,0,3,8,1,2,3,3,5,11,2
974,0,3,1,4,0,3,0,7,2,5,7,0,0,3,2,8,2,2,3,3,5,16,1
337,4,1,1,1,2,2,3,7,4,5,7,0,0,0,2,8,2,2,0,2,5,0,2
139,2,4,1,4,0,3,0,12,6,5,2,0,0,3,7,6,2,4,0,2,5,5,2
520,5,1,1,2,0,0,5,9,2,5,1,0,0,3,2,8,2,5,2,2,5,0,2
520,6,3,1,0,2,1,7,9,2,5,7,0,0,0,2,1,2,2,3,3,5,11,2
161,3,1,1,1,0,2,10,6,4,5,7,0,0,3,2,2,2,2,3,3,5,10,2
541,1,1,1,4,0,3,0,9,2,5,0,0,0,3,2,2,1,3,3,3,5,11,2
139,5,4,1,4,0,3,5,6,6,5,1,0,0,3,2,8,2,2,3,3,5,9,2
269,2,2,1,4,0,0,14,7,0,5,5,0,0,3,2,8,4,2,0,2,5,11,2
426,0,2,1,4,2,2,4,7,4,5,7,0,0,3,2,8,2,2,0,2,5,10,2
1023,5,0,1,4,0,4,14,7,4,5,7,0,0,3,2,8,3,2,3,3,5,12,2
646,3,1,1,1,0,0,10,2,0,5,7,0,0,0,2,8,2,2,3,3,5,1,2
385,5,0,1,4,0,4,14,7,6,5,0,0,0,3,2,8,2,9,0,2,5,13,2
877,6,0,1,4,0,3,6,9,6,5,1,0,3,3,5,8,1,1,0,2,5,16,2
453,2,0,1,4,0,3,7,6,2,5,1,0,3,0,4,1,2,2,0,2,5,9,2
640,4,1,1,4,0,0,9,2,2,5,7,0,0,3,2,8,2,9,0,2,5,2,2
0,0,1,1,4,0,0,5,12,6,5,0,0,0,0,2,1,2,4,3,3,5,16,1
400,3,0,1,4,0,1,5,6,4,5,1,0,3,3,2,8,2,2,3,3,5,1,2
97,3,1,1,4,0,0,0,7,6,5,0,0,3,3,2,8,3,2,3,3,5,4,2
247,3,1,1,4,0,2,5,7,2,5,5,0,0,3,2,8,3,2,2,1,5,12,2
371,5,2,1,1,0,2,7,9,0,5,7,0,0,3,2,8,2,3,3,3,5,10,2
115,1,0,1,4,2,2,15,2,6,5,1,0,0,3,2,8,2,2,2,2,3,10,2
633,5,1,1,4,0,1,0,7,4,5,7,0,3,0,4,8,2,2,3,3,5,16,2
504,1,0,1,4,2,0,0,2,2,5,7,0,3,0,2,6,2,4,0,1,5,10,2
624,6,1,1,4,0,4,14,7,2,5,7,0,0,0,2,8,2,2,2,2,5,3,2
950,0,0,1,2,2,2,4,7,4,5,1,0,0,3,2,6,2,12,0,2,5,9,1
594,3,0,1,4,0,0,14,1,2,5,1,0,0,0,2,8,2,9,1,2,5,16,2
805,3,0,1,4,0,1,0,9,2,5,0,0,0,0,3,2,2,2,2,2,5,5,2
395,0,4,0,4,0,3,9,9,4,5,7,0,0,0,2,8,1,3,1,2,5,1,2
200,5,1,1,4,2,2,0,6,6,5,7,0,0,3,2,8,2,2,1,2,5,10,1
899,6,3,0,4,0,1,0,9,6,5,1,0,0,3,2,2,3,3,0,2,5,9,2
165,3,0,1,4,0,2,10,1,2,5,7,0,0,3,2,8,2,2,3,3,5,0,2
581,5,3,1,4,2,2,5,7,2,5,0,0,0,0,2,8,2,2,2,2,6,4,2