Time,Day_of_week,Age_band_of_driver,Sex_of_driver,Educational_level,Vehicle_driver_relation,Driving_experience,Type_of_vehicle,Area_accident_occured,Lanes_or_Medians,Road_allignment,Types_of_Junction,Road_surface_type,Road_surface_conditions,Light_conditions,Weather_conditions,Type_of_collision,Number_of_vehicles_involved,Vehicle_movement,Casualty_class,Casualty_severity,Pedestrian_movement,Cause_of_accident,Accident_severity
1006,0,1,1,4,0,2,5,12,2,5,7,0,0,3,2,8,2,2,0,2,5,1,2
400,6,2,1,4,2,2,10,6,4,5,1,0,0,3,2,2,2,2,2,2,1,10,2
544,0,1,1,4,0,2,5,2,2,3,3,0,0,3,2,8,2,2,1,2,5,10,1
348,0,1,1,4,0,1,3,6,0,5,1,0,0,3,2,2,1,2,0,2,5,4,2
343,1,1,1,4,0,2,7,7,2,6,7,0,0,0,2,8,2,2,2,2,5,9,2
199,1,0,1,4,0,2,6,9,4,5,0,0,0,3,2,8,2,2,0,2,5,10,2
998,5,1,1,4,2,3,14,1,2,5,1,2,0,3,2,2,1,3,0,2,5,16,2
292,0,2,1,4,0,4,0,6,4,5,7,0,0,3,2,1,1,2,2,2,1,9,2
967,6,1,1,3,0,1,11,9,6,5,0,0,0,3,2,8,2,3,0,2,5,0,1
391,4,2,1,2,2,4,0,7,4,5,7,0,3,0,0,8,3,2,1,2,5,9,2
340,5,4,0,2,0,0,7,6,4,5,7,0,0,3,2,1,1,0,0,2,5,10,2
162,5,1,1,2,0,3,5,1,1,5,0,0,0,3,2,2,3,2,0,2,5,1,2
381,4,0,1,4,0,4,4,2,4,3,0,0,3,3,2,8,4,4,0,2,5,0,1
655,6,4,1,4,0,0,9,6,0,5,7,0,0,0,2,2,1,2,3,3,5,13,0
930,6,0,1,0,0,5,0,6,4,5,1,2,3,3,2,0,3,2,0,2,5,11,2
327,5,1,1,1,0,3,14,4,4,5,7,0,0,3,2,8,2,2,0,2,5,9,2
915,5,4,1,4,0,0,15,1,2,5,1,0,0,3,2,8,3,2,0,2,5,9,2
384,5,3,1,4,0,2,14,9,4,5,7,0,0,3,2,8,2,2,3,3,5,10,2
502,6,4,0,4,2,2,9,4,4,5,7,0,0,3,2,8,2,7,1,2,5,1,2
450,5,4,1,4,0,1,7,7,1,5,0,0,0,3,2,8,3,3,0,2,5,3,2
792,2,0,1,4,0,3,0,7,3,5,1,0,0,0,2,8,1,2,0,2,5,6,1
201,2,0,1,4,0,2,7,7,2,5,7,0,3,3,2,2,2,2,1,2,5,9,2
36,1,1,1,1,0,2,0,9,0,5,0,0,0,0,2,8,2,2,0,2,5,3,1
677,2,1,1,2,2,3,5,7,2,5,7,0,0,0,2,2,1,4,0,2,5,9,2
574,0,3,1,1,0,2,5,2,6,5,7,0,0,3,2,1,2,2,0,1,5,10,2
61,1,1,1,4,0,0,4,6,4,5,7,0,0,3,2,8,2,2,1,2,5,3,2
163,4,0,1,4,0,2,5,6,4,5,7,0,3,3,4,8,2,2,3,3,5,3,2
599,2,2,1,1,0,1,8,7,1,5,7,0,0,0,2,8,2,2,0,2,5,10,2
171,4,1,1,4,0,3,5,6,4,5,0,0,0,3,2,1,2,4,0,2,5,8,2
317,6,1,1,4,0,1,5,3,6,3,7,0,3,3,4,1,3,3,0,2,5,0,1
921,5,0,1,2,0,1,5,7,0,5,7,0,0,3,2,8,2,2,3,3,5,9,2
357,5,0,1,4,0,1,10,6,0,5,0,0,3,3,2,1,1,2,2,2,6,10,2
112,5,2,1,4,2,2,0,7,4,5,7,0,0,3,2,8,3,2,3,3,5,9,2
214,4,0,1,4,0,2,3,9,4,5,7,0,0,3,2,8,2,2,1,2,5,0,2
686,0,0,1,4,0,1,0,6,2,5,7,0,0,0,2,8,2,3,1,2,5,3,2
792,2,0,1,1,0,0,4,7,2,5,1,0,0,0,2,8,1,11,0,2,5,1,1
93,1,1,1,4,2,3,11,6,2,5,0,0,0,3,2,8,1,2,3,3,5,12,2
300,3,4,0,4,0,3,0,9,4,5,1,0,0,3,2,8,2,2,2,2,2,13,2
633,5,3,1,4,0,3,0,6,4,0,0,0,0,0,2,8,2,2,3,3,5,17,2
415,4,2,1,4,0,0,8,6,6,7,1,0,0,3,2,6,3,2,0,2,5,13,1
310,3,1,1,1,0,1,7,7,4,5,7,0,0,3,2,5,3,3,3,3,5,0,2
910,5,1,1,4,0,2,5,4,2,5,1,0,0,3,2,8,2,2,0,1,5,11,2
255,5,0,1,4,0,3,5,2,4,5,7,0,0,3,2,8,3,2,1,2,5,10,2
1001,4,0,1,1,0,1,7,9,4,5,2,0,3,3,2,2,2,2,0,2,5,0,2
492,1,1,1,4,0,2,4,2,3,5,1,0,3,0,4,8,2,1,0,2,5,1,2
199,3,1,1,4,0,0,0,7,2,5,1,0,2,3,6,8,3,2,0,1,5,3,2
926,0,1,1,4,0,0,5,6,4,5,7,0,3,3,4,2,2,2,3,3,5,12,2
716,3,1,1,4,0,1,5,6,6,5,7,0,0,0,2,8,2,2,3,3,5,12,1
947,0,1,1,4,2,0,0,7,2,5,3,0,0,3,2,8,2,7,3,3,5,15,2
883,4,1,1,4,0,3,0,2,2,5,5,0,3,0,4,8,1,2,0,2,5,10,1
988,1,1,1,4,0,2,5,7,4,5,1,0,0,3,7,2,3,4,3,3,5,0,1
300,2,0,1,1,0,2,0,7,2,6,7,0,0,3,2,8,2,3,0,2,5,10,1
969,1,3,1,4,0,2,5,2,2,3,1,0,0,3,2,8,2,2,3,3,5,14,2
103,6,2,1,2,0,0,10,6,4,5,7,0,0,3,2,1,1,3,0,2,5,16,2
851,5,0,1,2,0,2,0,7,2,5,7,0,0,3,2,8,2,0,3,3,5,10,2
643,1,1,1,4,0,1,0,7,2,5,0,0,0,0,2,8,2,2,2,2,6,11,2
415,5,1,1,4,0,2,7,9,6,5,1,0,0,3,2,2,1,2,0,2,5,1,2
782,0,1,1,2,0,2,0,1,4,5,1,0,0,0,2,8,1,2,3,3,5,11,0
510,6,0,1,4,0,1,0,7,0,5,7,0,0,3,2,2,2,0,0,2,5,7,1
71,6,1,1,4,0,2,0,7,1,5,5,0,3,3,2,8,3,1,1,2,5,0,2
192,2,2,1,4,0,2,0,2,6,5,7,0,3,3,2,8,3,2,0,2,5,3,2
269,2,1,1,2,0,4,0,3,1,5,5,0,0,3,2,6,4,2,3,3,5,0,2
220,0,4,1,4,0,2,10,2,2,5,1,0,0,3,2,8,2,3,0,2,5,10,2
643,2,1,1,4,2,4,3,7,2,5,7,0,3,0,2,8,1,2,0,1,5,10,2
664,4,0,1,2,0,4,8,9,0,5,1,0,0,3,2,8,3,2,0,2,5,5,2
147,4,4,1,4,0,1,8,2,6,5,1,0,0,3,2,8,2,4,0,2,5,10,2
1009,5,4,0,4,0,0,9,7,2,5,7,0,0,3,2,8,1,4,3,3,5,0,1
688,6,0,1,4,0,0,5,9,6,5,1,0,0,0,2,8,2,2,1,2,5,1,2
497,6,0,1,0,0,0,8,7,0,3,1,0,3,0,4,8,2,2,3,3,5,10,2
737,3,4,0,4,0,0,0,6,2,5,1,0,0,0,2,8,2,2,3,3,5,1,2
612,0,0,1,4,2,3,14,6,2,6,7,0,0,0,2,8,3,2,2,2,1,0,1
935,6,0,1,1,0,2,9,9,4,5,1,2,3,3,4,8,2,2,1,2,5,11,2
903,6,3,1,1,0,0,14,6,2,5,7,0,0,3,2,8,2,2,0,2,5,12,2
352,1,0,1,4,0,3,9,7,6,5,7,0,0,3,2,8,3,2,3,3,5,1,2
430,0,1,1,4,0,0,0,9,4,5,1,0,0,3,2,8,3,2,0,1,5,0,2
197,2,1,1,2,0,1,5,7,2,5,1,0,0,3,2,2,1,9,0,2,5,0,1
86,5,0,1,4,2,0,0,6,2,5,3,1,0,3,2,8,3,2,0,2,5,10,2
732,0,0,1,4,0,4,13,7,0,5,0,2,0,0,2,8,2,7,2,2,6,11,2
1026,1,1,1,4,0,4,10,2,0,5,7,0,0,3,2,6,2,2,3,3,5,9,2
511,4,1,1,2,1,3,10,1,4,5,7,0,3,0,2,8,4,2,1,0,5,3,2
342,2,1,1,4,0,0,8,6,2,5,7,2,0,3,2,2,1,3,3,3,5,11,1
857,0,1,1,4,0,1,7,3,1,5,7,0,0,0,2,1,2,2,3,3,5,0,2
23,0,1,1,4,0,0,14,7,2,5,1,0,0,0,2,8,2,2,0,2,5,9,2
310,0,3,1,2,2,2,0,6,4,5,1,0,0,3,2,2,2,2,3,3,5,0,1
66,5,0,1,4,0,4,3,2,6,5,0,2,0,3,2,8,2,2,2,1,1,12,2
506,2,0,1,2,0,2,11,6,6,5,1,0,0,0,2,8,2,3,3,3,5,1,2
439,4,3,1,1,0,2,7,6,2,6,1,0,3,0,2,8,1,2,0,2,5,3,1
916,4,2,1,4,0,2,5,6,1,5,7,0,0,3,2,8,2,8,3,3,5,10,2
75,0,1,1,2,2,2,0,7,4,5,1,0,0,3,2,8,1,2,0,2,5,1,2
331,0,0,1,4,0,1,7,7,2,5,3,0,0,3,2,8,2,2,1,2,5,3,2
716,5,1,1,1,2,2,8,6,2,5,0,0,0,0,2,8,2,3,0,2,5,18,2
906,3,0,1,2,0,3,11,7,2,5,0,0,0,3,2,2,2,3,3,3,5,10,2
395,4,1,1,4,0,4,3,9,2,5,1,0,0,3,2,8,2,8,0,2,5,10,1
288,4,1,1,4,0,0,5,7,2,5,7,0,0,3,2,8,2,2,0,2,5,5,2
538,1,1,1,1,2,3,7,6,2,5,7,0,0,3,2,8,2,7,3,3,5,13,2
238,5,3,1,1,2,4,14,6,2,5,1,0,3,3,2,8,1,10,0,2,5,12,1
425,4,2,1,4,0,1,8,2,4,5,1,0,2,0,1,8,2,3,3,3,5,0,2
551,4,1,1,4,0,3,5,3,4,5,1,0,0,3,2,8,3,2,0,2,5,1,1
362,6,1,1,4,0,2,14,2,1,5,1,0,0,3,2,8,1,2,0,2,5,10,2
62,0,0,1,6,0,4,9,12,6,5,7,0,0,3,2,0,2,2,2,2,5,0,2
808,3,1,1,4,0,3,5,9,4,5,0,0,0,0,2,8,2,1,3,3,5,16,2
914,0,0,1,4,0,4,0,7,2,5,7,0,0,3,2,8,2,2,2,1,5,10,2
5,0,2,1,1,0,5,0,9,4,5,7,0,3,0,2,2,2,2,2,2,5,10,2
708,5,0,1,4,0,1,7,12,6,5,7,0,0,3,2,2,2,2,0,2,5,9,2
44,3,1,1,4,0,1,5,6,2,5,7,0,0,3,2,8,2,11,0,2,5,3,2
612,3,1,1,4,0,2,11,6,4,5,7,0,0,3,2,8,2,3,0,2,5,13,2
63,1,0,1,4,0,2,7,7,2,5,7,0,0,3,2,2,2,1,3,3,5,5,2
616,1,4,1,4,0,2,0,6,6,5,7,0,0,0,2,8,2,2,3,3,5,12,2
241,2,0,1,2,2,2,8,7,1,5,7,0,0,3,2,8,2,2,3,3,5,3,2
653,2,0,1,4,0,0,9,9,2,5,1,0,0,0,2,8,2,2,1,2,5,10,2
139,2,1,1,4,0,3,5,6,2,6,7,0,0,3,2,2,2,7,1,2,5,11,2
255,6,0,1,2,0,4,9,4,6,5,0,0,0,3,2,8,2,2,2,2,1,17,1
570,2,0,1,4,0,0,5,7,6,3,0,0,3,0,2,8,2,2,0,2,5,3,2
841,5,0,1,1,0,2,7,9,4,5,0,0,0,3,2,8,2,3,0,1,5,11,2
288,4,2,1,4,0,3,0,4,2,6,7,0,0,3,2,1,3,2,0,2,5,4,2
478,5,2,1,4,0,1,0,7,4,5,1,0,0,3,2,8,2,2,3,3,5,1,2
331,4,1,1,4,0,0,3,7,4,5,1,0,0,3,7,4,2,2,0,2,5,0,2
875,6,3,1,1,0,1,13,6,2,5,7,0,3,2,4,8,2,2,2,2,4,9,2
206,2,0,1,1,0,1,14,7,4,5,0,0,0,3,2,8,2,2,0,2,5,3,1
982,1,1,2,4,0,2,9,12,2,5,7,0,0,3,2,8,2,2,1,1,5,1,2
1030,4,1,1,1,0,2,11,6,4,5,7,0,0,3,2,8,2,2,2,1,6,9,2
891,1,0,1,2,0,1,0,7,2,5,1,0,3,3,2,1,2,2,0,1,5,2,2
387,6,4,1,4,0,1,9,0,4,5,3,0,0,3,2,8,2,2,2,2,2,3,2
600,3,0,1,1,0,4,4,9,0,5,0,0,0,3,2,8,2,2,0,2,5,0,2
677,6,1,1,4,0,3,8,7,4,5,7,0,3,0,2,8,2,2,3,3,5,0,2
532,6,3,1,4,0,4,0,2,4,5,1,0,0,3,2,2,1,3,3,3,5,0,1
952,1,1,1,2,0,1,0,3,2,5,7,0,3,3,4,2,2,2,3,3,5,3,2
474,6,1,1,4,0,4,7,9,2,5,1,0,0,3,2,8,2,3,2,2,1,0,2
76,4,2,1,4,0,4,0,2,2,5,7,0,0,3,2,2,3,2,0,2,5,0,2
61,1,1,1,1,2,2,6,6,2,5,7,0,0,3,2,8,2,2,1,2,5,10,2
210,1,0,1,4,0,3,4,7,0,5,7,0,0,3,2,8,2,9,0,2,5,12,1
112,5,1,1,1,0,2,10,2,4,5,0,0,3,3,2,8,4,3,3,3,5,10,1
391,6,1,1,4,0,1,5,7,4,5,2,0,0,3,2,8,2,5,0,2,5,1,2
120,2,1,1,1,0,2,5,6,6,5,1,0,0,3,2,8,3,2,1,2,5,0,2
482,3,1,1,4,0,2,0,12,2,5,1,0,3,3,4,8,2,2,3,3,5,12,2
604,1,3,1,1,0,0,11,2,0,6,0,0,0,3,2,8,2,2,3,3,5,3,1
611,6,1,1,1,0,2,5,7,1,5,7,2,0,0,2,8,1,2,3,3,5,10,1
318,4,0,1,4,0,4,5,7,4,5,1,0,0,3,2,6,2,7,1,2,5,1,2
507,0,1,1,4,0,1,7,9,0,5,7,0,0,0,2,8,2,2,0,2,5,1,2
477,4,1,1,1,0,1,10,6,6,5,7,0,0,3,2,8,2,1,3,3,5,3,2
907,6,2,1,4,0,2,5,6,2,5,0,0,3,0,8,8,2,2,3,3,5,10,2
541,0,0,1,1,0,1,7,7,2,6,0,2,0,3,2,2,3,1,0,1,5,11,1
633,0,4,0,4,0,0,0,7,1,5,1,0,0,0,2,8,1,2,3,3,5,1,2
685,6,1,1,1,0,1,8,6,2,6,1,0,3,0,4,2,2,2,1,2,5,1,2
983,1,2,1,4,0,1,5,7,4,5,0,0,0,3,2,8,2,7,3,3,5,12,2
147,4,4,1,4,0,2,0,7,4,5,7,0,0,3,2,8,2,2,0,2,5,3,2
348,4,0,1,4,0,0,8,6,2,5,1,0,0,3,2,8,2,1,0,2,5,3,2
1028,6,0,1,4,0,3,8,7,2,8,1,0,0,3,2,8,2,3,1,2,5,11,1
63,1,0,1,6,0,2,7,6,2,5,7,0,0,3,2,8,1,2,3,3,5,0,2
1012,6,1,1,4,0,0,0,7,2,5,1,0,0,3,2,8,3,8,2,2,5,12,2
974,5,1,1,4,0,1,7,5,2,0,7,0,0,3,2,8,3,2,2,2,1,0,2
415,5,0,1,4,0,3,0,7,2,5,7,0,3,0,2,8,2,3,0,2,5,10,2
357,0,0,1,2,2,2,7,7,2,5,0,0,0,3,2,8,2,4,3,3,5,13,2
730,1,2,1,4,0,1,10,6,2,5,0,0,0,0,2,2,2,2,0,2,5,1,2
331,1,4,1,4,0,2,15,7,4,5,1,0,0,3,2,8,2,2,0,2,5,9,2
612,1,0,1,4,0,3,5,6,2,5,1,0,0,2,2,2,2,11,1,2,5,1,2
716,0,1,1,4,0,1,3,0,6,3,1,0,0,0,2,8,1,2,0,2,5,5,2
215,1,2,1,4,0,2,11,7,2,5,7,0,3,3,2,2,2,2,3,3,5,16,2
534,3,3,1,1,0,1,7,7,2,5,1,0,3,3,2,2,2,9,0,2,5,4,2
165,4,1,1,4,0,1,15,7,1,5,3,0,3,3,6,2,2,2,0,1,5,5,2
390,6,1,1,4,0,0,0,7,6,3,1,0,0,3,2,2,2,2,3,3,5,10,2
279,3,0,1,0,0,2,8,7,6,3,0,0,3,3,4,8,2,2,2,2,6,1,2
433,2,0,1,1,0,4,5,9,6,5,2,0,0,3,2,2,2,2,3,3,5,10,2
30,3,0,1,0,2,0,5,9,2,1,7,0,3,3,2,8,2,2,3,3,5,10,2
501,3,0,1,4,2,3,0,7,2,5,1,0,0,3,2,8,3,2,0,2,5,1,2
640,5,1,1,1,0,3,14,7,6,5,0,0,0,0,2,6,2,2,2,2,0,10,2
853,6,1,1,1,0,4,14,7,2,5,1,0,0,3,2,8,2,2,0,2,5,16,1
492,6,0,1,4,0,2,0,7,2,5,1,2,3,0,4,8,2,2,1,2,5,12,2
580,0,1,1,4,2,3,6,6,2,5,7,1,0,0,7,2,2,2,0,1,5,1,2
448,6,0,1,2,0,2,7,6,1,5,7,0,0,0,2,7,2,2,0,1,5,17,2
97,3,1,1,4,0,2,0,6,4,5,7,0,3,0,4,8,1,2,3,3,5,13,2
220,1,2,1,4,0,4,0,6,4,7,1,0,0,3,2,8,2,2,0,2,5,0,2
587,3,0,1,4,0,1,5,6,2,5,7,0,3,0,2,1,3,2,2,1,1,0,1
267,0,0,1,1,0,4,14,2,4,5,7,0,0,3,2,8,2,2,3,3,5,0,2
300,2,0,1,4,0,1,0,9,6,5,7,0,3,3,4,2,2,3,0,2,5,10,2
988,0,1,0,4,0,3,5,7,2,5,1,0,3,0,2,8,2,2,3,3,5,3,2
472,1,3,1,4,0,1,8,0,4,5,1,0,0,3,2,6,3,2,0,2,5,10,2
742,2,0,1,4,0,0,0,12,4,5,1,0,0,0,2,2,2,2,0,2,5,1,2
612,5,1,1,4,0,1,0,6,4,5,0,0,0,3,2,8,2,2,2,2,6,1,1
929,4,1,1,4,2,1,5,7,4,5,1,0,3,3,2,2,4,3,3,3,5,12,2
803,1,0,2,4,0,1,5,4,2,5,0,0,0,3,0,8,2,2,3,3,5,5,2
440,4,2,1,2,0,1,9,7,2,0,1,0,0,3,2,2,2,10,1,2,5,9,2
473,4,1,1,3,0,1,14,4,5,5,1,0,0,3,2,8,3,4,0,2,5,13,2
290,6,0,1,2,0,3,5,7,2,5,7,0,0,3,2,8,1,2,0,2,5,10,2
63,1,2,1,4,0,1,13,2,2,5,1,0,3,3,2,8,1,2,3,3,5,3,1
647,2,2,1,2,0,1,7,6,4,6,7,0,0,3,2,8,3,2,3,3,5,3,1
920,4,0,1,4,0,3,4,7,2,0,7,0,0,3,2,2,2,2,0,2,5,1,1
162,5,1,1,4,0,2,8,0,4,5,0,0,0,3,2,8,3,2,0,2,5,16,2
357,0,0,1,4,0,3,5,7,2,5,0,0,0,3,2,8,2,4,0,2,5,9,2
946,0,0,1,4,0,3,7,5,2,7,7,0,0,3,2,8,2,2,3,3,5,9,2
544,6,2,1,1,2,3,0,9,4,5,0,0,0,3,2,8,3,5,1,2,5,1,2
38,5,3,1,1,0,2,10,7,4,5,1,0,0,3,2,8,2,9,3,3,5,12,2
308,6,1,1,1,2,3,14,7,4,5,7,0,0,3,2,8,2,2,0,2,5,0,1
356,0,3,1,4,0,2,0,7,4,5,7,3,0,3,2,8,2,2,0,1,5,1,1
293,4,2,1,1,0,2,0,9,6,5,7,0,0,3,2,8,2,2,0,2,5,16,2
163,1,1,1,1,0,0,6,10,4,1,7,0,0,3,2,2,3,9,3,3,5,10,2
1019,3,2,1,4,0,4,0,7,4,7,0,0,0,3,2,0,2,2,3,3,5,10,2
1023,0,0,1,4,2,2,14,6,2,5,7,0,0,3,2,8,2,2,0,1,5,13,2
918,0,2,1,1,0,2,5,7,2,5,7,0,0,3,2,4,2,2,0,2,5,16,2
377,1,0,1,4,0,4,0,7,6,5,1,0,0,3,2,8,3,2,0,2,5,10,2
377,1,1,2,4,0,4,3,7,6,5,1,0,0,3,2,8,3,2,1,2,5,1,2
415,0,0,1,4,0,2,14,6,2,5,7,0,0,3,2,8,2,2,0,1,5,11,2
112,3,1,1,4,2,2,0,3,2,5,7,0,0,3,2,8,3,2,0,2,5,16,2
994,6,0,1,4,0,0,8,7,2,5,7,0,0,3,2,8,2,4,0,2,5,3,2
624,0,2,1,4,0,3,7,6,2,5,0,0,0,0,2,6,2,2,0,2,5,3,2
653,2,1,1,1,0,1,10,9,2,5,1,0,0,3,2,8,2,3,0,2,5,3,2
273,6,1,1,4,0,1,0,9,6,5,3,0,0,3,2,8,3,2,0,2,5,17,2
404,4,0,1,4,0,2,0,6,6,5,1,0,0,3,2,2,3,9,0,2,5,11,2
38,1,0,1,4,0,3,0,6,2,7,7,0,0,3,2,8,2,5,0,2,5,12,2
194,1,3,1,4,0,2,5,7,2,0,7,0,3,3,4,8,2,4,3,3,5,10,2
71,1,1,1,4,0,0,8,12,4,5,7,0,3,3,4,8,2,2,0,2,5,7,2
555,3,1,1,1,2,3,8,6,2,5,7,0,0,0,2,8,2,2,3,3,5,1,2
688,4,1,1,1,0,2,5,9,6,5,7,0,0,0,2,8,1,2,0,2,5,3,1
643,0,2,1,1,2,1,6,7,6,5,0,0,0,0,2,8,3,2,3,3,5,16,1
467,1,4,1,1,0,3,0,6,6,6,1,0,0,0,2,8,1,2,0,2,5,11,2
62,6,2,1,4,0,0,0,7,4,5,5,0,3,3,2,8,2,2,0,2,5,12,2
964,3,1,1,1,0,3,5,7,2,5,1,0,3,3,2,1,2,9,3,3,5,3,2
230,5,2,1,1,0,0,0,6,0,5,0,0,0,3,2,1,4,8,0,2,5,3,2
916,1,1,1,4,0,3,11,9,1,5,0,0,0,3,2,8,2,2,0,2,5,12,2
682,0,0,1,4,0,1,6,11,6,5,3,0,3,2,4,1,1,2,3,3,5,1,1
472,5,1,1,4,0,4,14,7,4,5,7,0,0,3,2,8,2,9,2,2,1,15,2
624,6,0,1,2,0,1,4,9,4,5,1,0,3,0,4,8,1,2,0,1,5,12,0
393,3,1,1,4,2,2,5,7,3,5,1,0,0,3,2,2,2,0,3,3,5,12,2
49,5,2,1,4,0,0,0,2,4,5,0,0,0,3,2,8,1,2,0,2,5,17,1
841,5,3,1,2,0,0,9,9,2,5,0,0,0,3,2,8,2,7,3,3,5,5,2
71,1,1,0,4,0,4,7,12,2,5,7,0,3,0,2,8,2,4,3,3,5,3,2
649,5,0,1,4,0,2,15,6,4,5,0,0,3,0,2,8,2,2,3,3,5,5,2
192,4,2,1,4,2,2,0,6,4,6,1,0,0,3,2,8,2,2,1,2,5,1,2
112,5,3,1,4,0,1,0,7,4,7,0,0,3,3,2,8,4,7,2,2,2,1,1
508,0,0,1,4,0,4,10,2,2,3,7,0,0,3,2,8,2,2,2,2,1,3,2
348,2,1,1,4,0,1,0,7,4,5,0,0,3,3,2,8,1,2,2,1,1,3,2
127,2,3,1,4,0,3,9,12,0,5,0,0,3,3,2,1,2,2,2,1,6,0,2
390,5,3,1,1,2,1,0,9,6,5,7,4,0,3,2,8,3,2,3,3,5,9,1
163,4,1,1,1,0,1,8,7,4,5,1,0,0,3,2,2,2,2,0,2,5,3,1
178,5,2,1,4,0,2,3,6,2,5,0,0,0,3,2,8,1,1,3,3,5,5,2
163,3,0,1,4,0,1,5,9,2,5,7,0,0,3,2,2,4,2,0,2,5,9,2
296,5,0,1,4,2,2,7,7,6,3,0,0,0,3,2,2,3,7,3,3,5,16,2
274,0,4,1,4,0,3,5,9,1,5,1,0,0,3,2,8,2,4,3,3,5,10,2
430,4,2,1,4,2,3,7,2,2,5,1,0,0,3,2,8,2,7,0,2,5,1,2
423,5,0,1,1,0,4,8,6,0,5,1,0,0,0,2,8,2,2,2,2,6,1,2
288,2,1,1,4,0,2,0,6,1,5,7,0,0,3,2,8,2,2,3,3,5,3,2
435,4,4,1,2,0,3,5,6,4,5,1,0,0,3,2,8,2,2,1,2,5,3,1
1006,0,1,1,4,0,4,4,7,4,5,7,0,0,3,2,8,2,7,1,2,5,3,2
701,5,0,1,0,0,3,5,9,4,5,7,0,0,0,2,6,2,2,3,3,5,10,2
501,5,2,1,4,0,2,5,2,2,4,7,3,0,3,2,2,2,3,1,2,5,10,1
63,0,0,1,4,0,1,0,6,4,5,1,0,3,3,2,8,1,2,0,2,5,17,2
511,0,0,1,4,0,3,3,7,0,5,0,0,3,0,2,8,2,2,2,2,5,3,2
564,0,4,1,3,2,0,5,1,2,5,1,0,3,3,4,8,2,3,0,2,5,10,2
407,1,0,1,1,0,1,1,12,6,5,1,0,0,3,2,8,3,2,3,3,5,0,2
143,4,1,1,4,0,3,5,6,6,7,0,0,0,3,2,8,2,5,3,3,5,1,2
911,3,1,1,5,0,4,12,9,2,5,7,0,0,3,2,8,2,2,2,2,6,10,2
643,0,2,1,4,0,1,7,7,4,5,0,0,0,0,2,8,3,2,1,2,5,10,1
940,1,1,1,4,0,3,0,1,1,5,7,2,3,3,1,8,2,9,0,2,5,11,2
593,1,4,0,1,0,1,0,7,4,5,7,0,3,0,2,8,2,1,2,1,5,3,2
862,6,4,0,4,2,4,8,6,2,5,1,0,0,3,2,8,2,2,1,2,5,0,1
315,1,0,1,4,0,0,0,1,1,6,7,0,0,3,2,8,1,2,0,2,5,10,2
426,4,1,1,4,0,3,5,7,0,5,1,3,3,3,4,8,2,2,0,2,5,2,2
420,5,0,1,4,0,1,8,2,6,5,1,0,0,3,2,2,2,7,0,2,5,12,2
776,2,4,0,4,0,3,7,6,2,5,1,0,0,0,2,8,1,2,0,2,5,1,1
600,3,1,1,4,0,4,5,6,0,5,7,0,0,3,2,8,2,9,3,3,5,1,1
501,5,1,1,4,2,0,5,1,2,5,7,0,0,3,2,8,1,3,3,3,5,12,2
463,5,2,1,4,0,3,0,7,4,5,7,1,3,0,2,8,2,2,0,2,5,3,2
974,5,1,1,1,0,4,0,5,4,5,7,0,0,3,2,8,3,2,3,3,5,11,2
534,4,0,1,4,2,1,11,7,2,5,7,0,0,0,7,1,2,2,2,2,6,1,2
395,6,2,1,4,0,1,0,4,2,5,1,0,0,3,2,8,2,10,2,2,6,12,2
564,4,0,1,1,0,1,0,9,2,5,1,0,0,0,2,8,2,2,0,2,5,0,2
627,0,1,1,2,0,1,0,7,0,5,0,0,3,0,2,8,2,3,0,2,5,2,2
943,6,1,1,2,2,3,0,12,2,5,0,0,0,3,2,8,2,2,3,3,5,1,1
72,6,1,1,1,0,0,0,7,2,5,0,0,3,0,2,6,2,2,3,3,5,5,2
499,6,0,1,2,0,2,0,10,4,1,7,0,0,3,2,4,2,2,0,2,5,10,2
331,5,1,1,4,0,2,7,6,2,5,1,0,0,3,2,8,2,3,2,2,5,1,2
747,4,3,1,1,0,4,5,9,2,5,1,0,0,2,2,8,1,2,3,3,5,11,1
947,6,1,1,4,2,1,0,4,2,5,7,0,0,3,2,8,2,4,3,3,5,3,2
551,6,0,1,4,0,2,7,7,1,5,7,0,0,0,2,8,2,2,2,2,5,10,2
375,5,1,1,4,0,3,5,4,4,6,7,0,0,0,2,6,1,2,0,2,5,3,0
453,1,1,1,2,0,2,0,6,2,5,7,0,0,3,2,8,2,2,3,3,5,10,2
501,5,0,1,4,0,3,3,7,2,6,1,0,0,3,2,2,2,2,0,2,5,4,2