Time,Day_of_week,Age_band_of_driver,Sex_of_driver,Educational_level,Vehicle_driver_relation,Driving_experience,Type_of_vehicle,Area_accident_occured,Lanes_or_Medians,Road_allignment,Types_of_Junction,Road_surface_type,Road_surface_conditions,Light_conditions,Weather_conditions,Type_of_collision,Number_of_vehicles_involved,Vehicle_movement,Casualty_class,Casualty_severity,Pedestrian_movement,Cause_of_accident,Accident_severity
986,1,1,1,4,0,0,0,7,2,5,5,0,0,3,2,8,2,2,0,2,5,16,1
969,0,0,1,1,0,3,4,12,4,5,7,0,3,3,2,8,3,3,3,3,5,3,2
1016,1,1,1,4,0,3,3,2,0,5,0,0,0,3,2,8,1,7,3,3,5,13,1
527,1,0,1,4,0,1,5,7,1,5,7,0,0,0,3,8,3,2,2,2,1,4,2
228,3,0,1,1,0,1,7,9,1,5,7,0,0,3,2,8,3,2,0,2,5,13,2
559,3,1,1,4,0,2,0,12,6,3,1,0,0,0,2,8,3,2,1,2,5,9,2
510,5,0,1,1,0,1,16,2,2,5,7,0,0,0,2,8,1,2,1,2,5,6,2
393,3,4,0,4,0,2,7,7,4,5,1,0,0,3,2,8,2,9,0,2,5,0,2
770,5,1,1,4,2,2,9,7,2,5,7,0,0,0,2,1,2,4,2,2,5,3,2
544,0,1,1,4,0,3,0,12,4,5,3,0,0,3,2,8,2,2,0,2,5,17,1
427,5,3,1,4,2,1,9,9,2,5,3,0,0,3,2,8,2,5,1,2,5,9,2
147,3,1,1,4,0,2,8,12,2,5,7,0,0,3,2,8,1,2,0,2,5,10,2
148,4,0,1,1,0,2,5,1,6,5,7,0,0,3,2,5,2,1,1,2,5,14,1
220,2,0,2,1,2,2,0,6,2,5,1,0,0,3,2,8,2,2,3,3,5,3,2
872,1,0,1,4,0,2,0,9,2,5,7,0,0,3,2,2,2,3,3,3,5,12,2
482,2,1,1,1,2,2,9,12,6,5,1,0,0,0,2,8,2,2,3,3,5,10,2
488,5,0,1,4,0,2,5,7,2,5,1,0,0,3,2,8,2,3,2,2,5,12,2
317,6,2,1,1,0,4,0,6,2,5,0,0,0,3,0,8,2,2,3,3,5,10,2
266,5,2,1,4,0,2,15,9,4,6,0,0,0,3,2,8,3,9,3,3,5,12,2
992,1,0,1,1,2,2,8,9,4,5,7,0,3,3,2,8,3,4,0,2,5,2,2
604,0,4,0,4,2,4,5,2,4,5,7,0,0,0,2,2,2,2,0,2,5,1,2
989,1,0,1,4,0,1,5,7,4,7,7,0,0,3,2,2,4,2,0,2,5,0,2
708,4,0,1,4,0,2,9,12,4,5,7,0,3,0,4,2,2,3,3,3,5,14,2
458,4,3,1,4,0,2,4,9,2,5,7,0,0,3,2,2,2,3,1,2,5,2,2
219,2,0,1,4,0,1,0,5,2,5,3,0,0,3,2,8,2,2,3,3,5,5,1
390,6,1,1,4,0,2,15,1,2,5,1,0,0,3,0,8,2,2,1,2,5,0,2
435,5,1,1,4,0,1,5,2,4,2,0,0,3,0,2,1,2,2,2,2,0,10,2
267,0,1,1,4,0,4,0,6,4,5,7,0,0,3,2,8,2,2,2,2,1,11,2
492,4,0,1,4,0,2,5,7,4,5,1,0,0,3,2,8,2,2,3,3,5,9,2
380,5,1,1,1,0,1,4,6,0,5,1,0,0,3,2,2,3,2,0,2,5,9,2
624,0,4,1,4,2,0,7,7,2,5,7,0,0,3,2,8,2,7,0,2,5,3,2
363,5,1,1,6,2,2,0,2,2,5,1,0,3,3,4,2,2,0,0,2,5,9,2
111,4,2,1,1,2,2,5,3,1,5,7,0,0,3,2,2,2,2,3,3,5,16,2
474,0,1,1,2,0,1,4,9,6,5,1,0,0,3,2,8,2,2,2,2,5,3,2
155,2,4,1,4,0,3,8,1,4,5,7,0,0,3,2,2,2,2,3,3,5,9,2
492,4,1,1,4,0,2,0,7,2,5,1,2,0,3,2,8,4,2,2,2,6,13,1
629,1,3,1,4,0,2,0,6,4,5,7,3,0,0,2,8,2,2,3,3,5,7,2
996,1,4,0,4,0,3,5,7,4,5,7,0,0,3,2,8,2,4,0,2,5,10,1
446,1,0,1,4,0,2,3,2,4,3,7,0,0,3,2,1,4,2,0,2,5,1,2
908,4,1,2,4,0,1,5,6,6,5,7,0,3,0,4,8,2,9,0,2,5,0,2
446,1,0,0,4,0,4,14,7,2,5,3,0,0,3,2,8,2,12,0,2,5,1,1
315,3,2,1,4,0,3,7,7,6,5,7,0,0,0,2,8,1,4,3,3,5,1,2
799,2,3,1,4,0,0,14,7,4,5,7,0,3,0,8,8,2,2,0,2,5,11,2
127,2,1,2,4,0,1,8,6,0,5,7,0,2,3,6,8,3,2,1,2,5,3,2
36,1,0,1,4,0,1,4,2,0,5,0,2,0,0,2,1,2,2,0,2,5,1,1
221,3,1,1,4,0,3,7,6,4,5,1,0,0,3,2,1,2,2,0,2,5,12,2
1014,4,1,1,4,0,1,3,6,2,6,1,3,0,3,2,8,2,2,0,1,5,1,2
375,5,3,1,1,0,2,0,7,6,5,7,4,0,0,2,8,2,4,2,2,5,12,2
1006,0,0,1,5,2,2,0,7,2,5,1,0,3,3,2,1,2,2,0,1,5,10,1
861,0,1,1,2,0,3,0,3,4,7,1,0,3,0,2,8,2,2,0,2,5,1,2
899,4,0,1,4,0,0,0,4,2,5,7,0,0,3,2,8,2,2,0,2,5,1,2
400,3,1,1,4,0,1,5,12,6,5,7,0,0,3,2,8,2,4,3,3,5,4,2
430,5,0,1,6,0,4,9,7,6,5,0,0,3,3,4,8,2,7,3,3,5,16,2
399,6,1,1,4,0,1,0,6,2,2,3,0,0,3,2,2,2,1,0,2,5,10,2
970,6,4,1,4,0,2,7,6,4,5,1,0,0,3,2,8,1,2,3,3,5,0,2
665,5,1,1,4,0,3,8,2,4,2,7,0,3,0,2,2,2,2,1,2,5,3,2
451,4,2,1,4,0,2,7,12,2,5,7,0,2,0,3,8,2,2,3,3,5,1,2
410,5,0,1,4,2,1,5,3,1,5,7,0,0,3,2,1,2,2,1,2,5,0,2
130,5,0,1,4,0,2,3,2,4,3,7,0,0,3,2,1,2,2,1,2,5,17,2
362,5,4,1,1,0,2,10,6,2,5,7,0,0,3,3,8,1,2,0,2,5,9,2
242,4,3,1,4,0,3,0,6,4,5,3,3,0,3,2,2,2,3,2,1,5,0,2
288,4,4,1,4,0,2,5,7,4,5,7,0,0,3,2,8,2,2,0,2,5,9,2
534,2,2,1,4,0,2,10,7,4,5,7,0,3,0,2,2,2,2,0,1,5,9,1
559,5,4,1,4,0,4,11,6,1,5,1,0,0,0,3,8,2,2,0,2,5,3,2
192,2,2,1,4,0,2,4,9,4,3,0,0,0,3,2,8,2,3,3,3,5,10,2
686,0,1,1,2,0,1,14,9,0,5,7,0,0,0,2,8,4,2,3,3,5,3,2
274,1,2,1,4,2,2,8,6,2,5,1,0,0,3,2,8,2,9,0,2,5,1,2
644,3,0,1,4,0,3,5,6,2,5,7,0,0,0,2,2,3,2,0,2,5,12,2
911,6,0,1,2,0,5,14,6,4,5,7,0,0,3,2,1,2,9,0,2,5,4,2
165,6,0,1,4,2,2,0,7,4,5,1,0,0,3,2,8,2,4,0,2,5,0,2
271,0,2,1,4,0,1,0,6,4,5,1,0,0,3,2,8,2,2,0,2,5,11,2
520,4,0,1,4,2,0,0,12,4,5,1,0,0,3,2,2,1,2,0,2,5,4,2
288,4,4,1,4,0,0,0,9,2,5,7,0,0,3,2,8,2,2,2,2,1,3,2
331,3,1,1,4,2,0,0,12,4,5,1,0,0,3,2,2,3,4,3,3,5,1,2
69,6,1,1,4,0,0,5,7,4,5,1,0,0,3,2,8,3,7,1,2,5,16,2
869,5,2,1,1,2,2,0,7,2,3,0,0,3,3,2,2,2,2,0,2,5,16,2
917,0,4,1,4,0,2,5,2,2,4,0,3,0,3,2,2,2,2,0,2,5,1,2
331,5,1,1,4,0,2,5,6,2,5,0,0,0,3,2,8,1,0,0,2,5,17,1
331,0,3,1,4,0,3,13,7,4,5,0,0,3,0,2,7,2,2,3,3,5,10,2
201,2,0,1,4,0,2,5,7,0,5,7,0,3,3,2,8,2,3,0,2,5,0,2
732,1,0,1,1,0,3,0,9,4,5,7,0,0,0,2,8,2,2,3,3,5,13,2
206,3,0,1,4,0,3,8,7,2,5,7,4,0,3,2,1,2,2,0,2,5,9,2
219,2,0,1,4,0,0,0,6,2,5,7,0,3,3,2,2,1,2,3,3,5,10,1
594,3,1,1,4,0,0,0,7,6,5,1,0,0,0,2,8,2,7,0,2,5,0,2
163,4,4,0,1,0,1,0,12,4,6,1,0,0,3,2,8,2,2,2,2,5,12,2
264,2,0,1,4,0,3,0,2,2,5,3,0,3,3,3,5,2,2,2,2,5,12,2
192,6,0,1,2,2,2,5,1,2,5,1,3,0,3,2,8,1,1,3,3,5,9,2
482,6,3,1,1,0,0,4,13,6,5,7,0,0,3,2,2,2,3,3,3,5,3,2
41,4,0,1,4,0,2,5,6,2,5,7,0,0,3,2,8,2,2,2,1,6,9,1
716,5,4,1,3,2,0,0,7,4,5,1,0,0,0,2,8,7,3,3,3,5,4,2
730,2,2,1,1,2,2,6,6,2,5,1,0,0,2,2,8,1,2,0,2,5,10,1
492,3,1,1,4,0,2,15,2,2,5,7,0,0,3,2,1,1,2,3,3,5,4,1
192,5,0,1,4,0,0,0,2,4,5,7,0,0,3,2,2,2,2,3,3,5,16,2
774,3,2,1,1,0,2,1,4,4,5,0,0,0,0,2,8,3,2,0,2,5,3,2
662,6,0,1,4,0,2,5,6,4,5,0,3,0,0,2,1,2,2,3,3,5,3,1
147,5,1,1,4,2,3,7,2,2,3,7,0,3,3,2,8,2,2,0,1,5,0,2
215,6,0,1,4,2,2,10,7,2,5,7,0,0,3,2,8,2,2,3,3,5,3,2
908,4,0,1,4,0,2,0,6,4,5,7,0,0,3,2,1,2,2,3,3,5,0,1
367,2,0,1,4,0,1,4,0,4,5,1,0,0,0,2,2,2,2,0,2,5,5,2
410,0,3,1,4,0,1,9,7,2,5,7,0,0,3,2,8,2,2,2,2,4,9,2
255,0,4,1,1,0,2,11,6,2,6,3,0,0,3,2,8,1,2,2,1,5,1,2
120,2,2,1,1,2,1,7,6,4,5,1,0,0,3,2,8,3,2,3,3,5,10,2
370,5,3,1,4,0,0,7,9,2,5,7,3,3,3,2,8,1,4,2,2,1,10,2
348,2,4,1,4,0,4,5,4,2,5,1,0,0,3,7,8,1,9,0,1,5,13,1
43,1,2,1,4,0,3,5,2,2,5,0,0,3,3,4,8,2,2,3,3,5,12,2
326,4,4,1,4,0,1,9,7,2,5,0,0,0,3,2,8,2,2,2,2,5,10,2
371,6,0,1,4,0,2,5,7,2,5,7,0,0,3,2,2,2,2,0,2,5,4,1
911,6,1,1,4,0,2,4,7,4,5,0,0,0,3,2,8,3,2,3,3,5,10,2
485,5,1,1,4,2,1,7,7,0,5,0,0,0,0,2,2,2,2,1,2,5,11,2
986,6,0,1,4,0,0,4,7,2,5,0,0,0,3,2,1,3,7,0,2,5,10,1
93,6,1,1,4,0,0,0,6,6,5,1,0,0,3,2,8,1,3,3,3,5,10,2
397,6,0,1,4,2,0,11,9,6,5,1,0,0,3,2,8,2,2,3,3,5,3,2
965,6,1,1,4,0,4,5,4,2,5,7,0,0,3,7,8,2,3,0,2,5,3,2
688,2,0,1,4,0,1,4,2,4,5,0,0,0,0,2,0,2,2,3,3,5,9,2
935,0,1,2,4,0,2,13,6,2,5,7,0,0,3,2,8,1,2,1,2,5,10,2
405,4,0,1,4,0,2,15,7,6,5,7,0,0,0,7,2,2,2,2,2,6,9,2
872,5,0,1,4,0,1,7,5,4,7,7,0,0,3,2,8,2,7,3,3,5,7,2
331,1,0,1,4,0,2,7,7,0,5,1,4,0,3,2,8,2,2,0,2,5,9,2
145,0,2,1,2,0,1,7,7,2,5,7,0,0,3,2,2,1,7,0,2,5,10,2
362,2,0,1,4,0,4,7,2,2,5,0,0,0,3,2,1,2,2,3,3,5,1,1
907,5,0,1,2,0,4,3,2,6,5,7,0,3,3,2,2,2,2,1,2,5,9,2
1024,4,0,1,2,0,1,10,2,4,5,1,0,0,3,2,8,1,2,3,3,5,9,2
708,2,4,1,4,0,2,0,7,2,5,1,0,0,0,2,8,2,7,3,3,5,12,2
910,5,0,1,2,0,1,4,6,4,5,1,0,0,3,2,8,2,9,1,2,5,10,2
500,6,4,1,4,0,4,9,7,4,5,1,0,0,3,2,8,2,2,2,1,5,9,2
264,3,0,1,4,0,2,0,7,4,5,1,0,0,3,2,8,2,2,0,2,5,10,2
789,2,0,1,4,0,4,0,10,4,1,1,0,0,0,2,2,2,2,3,3,5,10,2
910,5,0,1,4,0,0,4,7,4,5,1,0,0,3,2,6,2,2,3,3,5,1,2
746,4,0,1,4,0,0,10,4,2,5,7,0,3,2,4,8,1,2,2,2,5,3,2
450,3,0,1,4,0,1,9,4,4,5,3,0,3,0,4,8,2,5,3,3,5,1,2
944,1,4,1,4,0,2,5,4,4,6,0,0,0,3,2,8,2,7,3,3,5,18,2
1009,2,0,1,2,2,1,9,6,2,5,3,0,0,3,2,1,3,2,0,2,5,9,2
460,0,1,1,4,0,3,5,2,6,5,1,0,0,3,2,8,1,7,0,1,5,16,2
450,3,0,1,4,0,2,7,9,2,5,3,0,3,0,4,8,2,4,0,2,5,0,2
375,4,2,1,2,0,1,0,1,4,5,1,0,3,3,4,1,2,2,2,2,5,1,0
310,3,0,1,4,0,1,8,9,4,5,0,4,0,3,2,8,2,2,1,2,5,5,2
116,6,0,0,1,0,3,0,7,3,5,3,0,0,3,2,8,3,2,3,3,5,3,2
944,0,1,1,2,0,1,5,9,4,5,7,0,3,3,2,8,2,4,0,2,5,0,2
435,6,4,1,4,2,0,0,2,6,5,6,0,0,0,2,8,2,2,2,2,5,10,2
323,5,1,1,4,0,4,11,6,2,5,0,0,0,3,2,8,3,2,0,2,5,10,2
150,6,2,1,4,0,4,5,6,2,5,7,0,0,3,2,1,2,2,2,2,5,10,2
693,6,4,0,1,0,3,10,7,0,5,7,0,3,0,8,8,2,2,3,3,5,5,2
357,1,1,1,2,0,2,5,7,2,8,5,0,3,1,2,8,2,2,3,3,5,3,2
1019,1,2,1,0,0,5,10,7,4,5,5,0,0,3,2,8,2,3,0,2,5,0,2
974,6,2,1,4,0,0,7,7,4,5,7,0,0,3,2,5,2,3,0,2,5,3,2
411,4,1,1,1,0,4,5,10,4,1,0,0,0,3,2,8,2,2,3,3,5,3,2
158,2,0,1,1,2,3,0,7,2,5,1,0,0,3,2,8,2,2,3,3,5,4,2
218,2,1,1,4,0,2,7,7,4,5,1,0,0,3,2,8,2,2,2,2,7,13,2
105,2,3,1,4,0,2,3,2,4,5,1,0,0,3,2,3,2,2,3,3,5,4,2
984,4,0,1,2,0,2,10,7,2,5,7,0,0,3,2,2,2,2,3,3,5,1,1
333,5,3,1,1,0,1,9,9,6,5,1,0,0,3,2,8,2,2,2,2,0,10,1
698,6,0,1,4,0,0,4,6,0,5,7,0,0,0,2,8,2,9,0,2,5,0,2
145,0,0,1,1,0,2,5,6,2,2,7,0,0,3,2,2,3,2,3,3,5,1,2
969,1,0,1,1,0,1,11,7,4,6,1,0,0,3,2,8,2,2,0,2,5,4,2
135,3,2,1,4,0,2,10,7,4,5,7,0,0,3,2,8,2,7,0,2,5,3,2
352,4,1,1,1,0,1,5,6,4,1,0,0,3,3,2,8,2,2,0,2,5,11,2
192,5,3,1,4,0,0,5,2,0,5,7,0,0,3,2,8,2,2,1,2,5,12,2
716,1,1,1,4,0,2,14,9,2,5,1,0,3,0,3,8,1,4,3,3,5,5,2
869,4,4,1,1,0,5,7,6,2,6,1,0,3,3,2,8,2,2,3,3,5,11,2
145,0,2,1,4,0,3,5,6,4,5,7,0,0,3,2,8,3,3,0,1,5,12,2
1028,0,1,1,4,0,3,14,9,2,5,0,0,0,3,2,1,2,2,0,2,5,10,2
897,4,0,1,4,0,0,5,7,6,5,3,0,0,3,2,8,2,2,2,2,1,12,2
139,2,2,1,4,0,1,0,6,0,5,0,0,2,3,6,8,3,2,2,1,5,11,2
632,2,0,1,0,0,0,5,12,2,5,7,0,0,0,2,8,2,2,1,2,5,13,1
323,1,2,1,2,0,1,11,12,2,5,1,0,0,3,2,2,2,1,3,3,5,13,2
712,2,1,1,4,0,1,10,9,4,5,1,0,3,0,8,8,1,2,0,1,5,0,1
163,3,4,0,4,0,0,5,6,1,5,7,0,0,3,2,8,4,2,0,2,5,18,2
765,3,0,1,4,0,0,8,4,2,5,7,0,0,0,2,1,2,2,3,3,5,9,2
451,4,2,1,1,0,3,7,6,6,5,7,2,2,0,3,8,2,2,0,2,5,9,2
398,6,0,1,1,0,2,16,2,4,5,1,2,0,3,2,8,2,4,0,2,5,0,2
657,3,1,1,2,0,3,0,6,4,1,7,0,3,3,4,8,2,7,3,3,5,3,2
555,5,0,1,1,0,3,0,9,4,5,0,0,0,0,2,2,2,3,1,1,5,3,2
812,3,3,1,1,0,2,11,7,4,5,7,0,0,0,2,8,2,2,3,3,5,1,2
315,2,4,0,4,0,3,15,6,2,5,7,0,0,3,0,8,2,2,3,3,5,12,2
955,4,1,1,1,2,2,0,9,2,5,1,3,0,3,2,2,2,2,0,2,5,9,1
504,6,1,1,4,0,2,13,6,2,5,1,0,3,3,4,8,1,2,3,3,5,0,1
900,6,1,1,4,0,1,0,3,2,5,0,0,3,3,2,8,2,2,2,2,5,7,2
872,0,0,1,5,2,3,0,2,6,5,0,0,0,3,2,8,2,2,0,2,5,1,2
185,3,0,1,4,0,1,9,7,2,5,0,0,0,3,2,8,3,2,3,3,5,5,2
1009,2,1,1,4,0,4,8,6,0,5,7,0,3,3,2,8,3,2,0,2,5,12,2
14,6,1,1,1,0,4,0,7,2,5,0,0,0,0,2,8,2,2,1,2,5,10,2
441,1,0,1,4,0,1,10,6,0,5,0,0,0,3,2,2,3,10,0,2,5,2,2
348,4,0,1,4,0,3,7,7,4,5,4,0,0,3,2,8,2,3,3,3,5,1,2
210,1,0,1,4,0,1,15,2,2,4,7,0,0,3,2,8,2,7,2,2,5,10,1
173,1,1,1,1,0,2,0,6,2,5,0,0,3,3,2,8,3,2,3,3,5,10,2
952,5,0,1,4,0,0,0,6,4,5,7,0,0,3,2,2,1,2,3,3,5,9,2
65,3,1,1,4,0,2,15,9,4,6,0,0,0,3,2,8,1,3,0,2,5,11,2
477,2,2,1,4,0,1,7,12,2,5,7,0,0,3,2,8,1,2,0,2,5,1,2
247,2,0,0,1,0,4,0,9,6,5,0,0,3,0,0,8,2,2,0,2,5,10,2
331,0,1,1,4,0,0,5,6,2,5,3,0,0,3,2,8,2,2,0,2,5,3,2
482,1,3,1,0,0,2,7,9,0,5,7,0,0,0,2,8,4,2,3,3,5,0,2
599,3,3,1,4,0,1,0,6,2,5,7,0,0,0,2,6,2,2,0,2,5,7,2
318,5,1,1,4,0,1,0,7,4,5,1,0,0,3,2,8,2,2,1,1,5,0,2
79,6,3,1,4,0,2,8,7,0,5,3,0,0,3,2,8,2,7,0,2,5,10,2
548,0,0,1,0,0,1,5,13,6,5,1,0,0,3,2,8,2,4,0,2,5,7,2
91,4,1,1,4,2,4,5,7,4,5,1,0,0,3,2,0,1,2,0,2,5,12,2
952,1,4,1,1,2,1,0,9,4,5,0,0,0,3,2,2,3,2,3,3,5,9,2
318,1,1,1,4,0,3,5,7,2,5,0,0,0,3,2,8,1,9,3,3,5,1,2
501,4,0,1,4,0,1,0,6,4,5,1,0,0,3,2,8,3,2,3,3,5,12,2
247,2,1,1,4,0,0,5,6,4,5,7,0,0,3,2,1,2,2,3,3,5,11,2
130,0,4,1,1,0,3,7,9,4,3,1,0,0,3,7,8,2,7,0,2,5,10,2
614,4,1,1,2,0,1,3,9,0,5,7,0,0,0,2,8,2,2,3,3,5,12,2
683,6,1,1,4,0,2,0,9,4,5,1,0,0,0,2,8,1,2,2,2,0,1,2
380,5,4,1,1,0,2,8,9,2,5,1,0,0,3,2,8,3,2,0,2,5,1,2
651,2,1,1,4,2,2,15,9,2,5,7,0,0,0,2,8,2,2,3,3,5,0,2
482,3,1,1,4,0,2,0,7,4,5,1,0,3,3,4,8,2,2,3,3,5,18,2
501,5,2,0,4,0,2,5,2,1,5,1,0,3,3,2,8,2,2,0,2,5,1,2
553,5,4,1,2,0,4,8,6,2,5,1,0,0,0,2,8,1,2,0,2,5,10,2
624,3,1,1,4,0,0,8,9,6,5,1,0,3,0,2,8,2,3,3,3,5,10,2
695,6,1,1,4,0,2,0,6,4,5,7,0,3,3,2,8,1,1,3,3,5,10,2
158,6,0,1,1,0,2,8,7,2,5,0,0,0,3,2,2,3,4,1,2,5,3,1
231,5,0,1,4,0,1,0,9,4,6,7,0,3,3,3,8,1,2,3,3,5,1,2
221,3,1,1,2,0,3,10,7,6,3,1,0,0,3,2,8,2,9,3,3,5,1,2
192,2,1,1,2,2,2,11,6,2,2,7,0,3,3,2,8,3,9,3,3,5,4,2
430,4,4,0,4,0,0,9,6,6,5,0,0,0,3,2,8,1,0,1,2,5,0,1
439,1,1,2,1,2,4,14,6,2,5,7,0,0,0,2,8,2,3,1,2,5,10,2
485,5,4,1,4,0,3,7,7,4,5,0,0,0,0,2,8,2,2,1,2,5,1,2
921,5,0,1,4,0,2,0,7,4,5,1,0,3,3,4,8,1,2,0,2,5,7,2
520,5,2,1,4,0,2,4,9,2,5,1,0,3,3,2,8,2,1,3,3,5,7,2
216,4,1,1,4,2,3,5,6,2,5,7,0,0,3,2,8,1,4,0,2,5,3,2
943,6,1,1,2,0,3,5,7,4,5,7,0,0,3,2,8,2,2,0,2,5,8,2
326,0,2,2,1,0,3,0,6,4,5,1,0,3,3,4,8,1,2,3,3,5,10,1
415,4,2,1,4,0,4,4,7,2,5,0,0,0,3,2,8,2,2,0,2,5,10,2
778,2,0,1,4,0,2,11,7,1,5,1,0,0,0,2,8,1,2,3,3,5,0,2
213,5,1,1,2,0,0,0,9,2,5,7,0,0,3,2,8,2,2,2,2,5,17,2
327,1,1,1,4,0,4,0,6,4,5,1,0,0,3,2,8,1,4,1,2,5,10,1
168,1,3,1,0,0,0,5,2,2,5,7,0,0,3,2,2,2,2,2,2,5,4,2
492,0,2,1,4,0,4,15,6,2,5,6,0,0,3,2,8,4,2,2,2,1,9,2
359,2,2,1,4,0,0,8,9,2,5,0,0,3,3,3,2,2,4,1,2,5,13,2
283,2,0,1,4,0,0,9,6,2,5,1,0,0,3,2,2,2,2,0,2,5,1,1
300,6,1,1,4,2,1,10,6,4,5,0,0,0,3,2,8,2,2,3,3,5,12,2
701,1,3,1,4,0,2,14,2,4,5,1,0,3,0,4,8,2,2,2,2,5,9,2
642,3,0,1,4,0,1,8,4,4,5,7,0,0,3,2,2,2,2,3,3,5,13,2
633,5,1,1,4,2,2,9,6,4,5,7,0,0,0,2,8,2,11,2,2,5,10,2
416,4,1,1,4,0,2,8,9,2,1,0,0,0,3,2,8,2,7,2,2,1,0,2
272,5,2,1,4,2,1,5,2,4,5,0,0,0,3,2,8,1,2,3,3,5,4,2
413,1,0,1,4,0,0,5,5,6,5,1,0,0,3,2,8,2,2,0,2,5,16,2
112,4,1,1,4,0,1,11,2,2,3,1,3,0,3,2,8,1,2,3,3,5,2,2
1006,0,0,1,4,2,4,0,9,6,5,1,0,0,3,2,8,2,2,3,3,5,0,1
992,4,1,1,4,0,0,13,5,4,5,1,0,0,3,2,8,2,2,0,2,5,1,2
269,2,0,1,1,0,2,16,9,6,5,5,0,0,3,2,8,4,0,0,2,5,13,2
385,2,0,1,4,2,3,0,7,2,5,0,0,0,3,2,6,2,2,2,2,0,16,2
1001,5,0,1,0,0,3,13,6,2,5,1,0,0,3,2,8,2,2,0,2,5,11,2
298,0,1,1,4,0,2,5,7,4,5,1,0,3,3,2,8,2,2,3,3,5,12,2
614,4,1,1,4,2,0,0,2,4,5,7,0,0,3,2,8,1,2,0,2,5,12,1
304,5,1,1,4,0,2,3,2,6,5,7,0,0,3,2,8,2,2,1,2,5,16,2
935,6,1,1,4,2,4,14,6,4,5,0,0,0,3,2,8,1,9,2,2,5,5,1
242,3,0,1,2,0,2,10,7,4,5,7,0,0,3,2,8,3,2,3,3,5,3,2
605,0,0,1,4,0,2,8,6,0,5,1,0,0,0,2,0,1,4,2,2,1,10,1
130,0,0,1,1,0,2,4,6,4,7,7,0,0,3,2,8,2,7,0,2,5,7,1
1009,6,1,1,2,0,3,5,2,2,5,0,0,0,3,2,8,2,2,2,2,6,1,2
506,6,0,1,4,0,3,13,9,6,3,7,3,3,3,4,8,2,2,0,2,5,10,2
432,0,1,1,4,0,3,4,7,2,5,3,0,3,0,2,8,2,2,0,2,5,10,2
385,5,0,1,4,0,0,14,6,2,5,1,0,0,1,2,8,2,2,3,3,5,9,2
273,2,1,1,0,0,4,0,7,2,5,7,0,0,3,7,8,2,2,0,2,5,9,2
163,0,4,1,4,0,1,5,2,4,5,1,0,3,3,4,8,2,4,3,3,5,0,2
501,0,0,1,0,0,0,0,6,2,5,1,0,0,3,2,8,2,3,1,2,5,0,2
476,4,0,1,1,0,2,14,12,4,5,5,0,0,3,2,8,2,4,0,2,5,3,2
842,4,1,1,4,0,3,5,6,4,0,1,0,3,0,2,8,1,1,0,1,5,9,2
155,1,4,0,4,0,3,7,2,2,5,7,0,0,3,2,1,2,7,0,2,5,1,2
640,3,0,2,4,0,1,0,9,2,5,1,0,0,0,2,1,2,2,0,1,5,3,2
1001,4,0,1,0,0,4,10,3,2,5,3,0,3,3,2,8,2,2,0,2,5,9,2
872,4,1,1,4,0,3,5,2,4,5,7,0,0,3,2,8,2,2,0,2,5,1,2
113,6,0,1,4,0,1,7,7,2,5,0,0,0,3,2,8,2,3,0,2,5,9,2
948,5,0,1,2,0,2,0,7,2,0,7,0,3,3,4,8,3,2,0,2,5,3,2
154,6,4,1,4,0,0,0,7,2,8,1,0,0,3,2,1,2,4,3,3,5,10,2
713,2,1,1,4,0,3,5,1,2,5,7,2,0,0,2,3,2,2,1,2,5,10,2
592,0,1,1,4,0,2,5,4,2,6,0,0,0,0,2,8,2,11,2,1,5,12,2
813,2,1,1,4,0,2,8,12,4,5,1,0,0,0,2,8,2,4,1,2,5,1,2
425,4,0,1,4,0,2,5,7,1,5,1,0,2,0,1,6,2,2,0,2,5,16,2
511,0,0,1,2,0,1,0,6,0,5,0,0,3,0,2,8,2,11,2,2,5,1,2
489,0,0,1,1,0,1,0,4,6,5,0,0,0,3,2,8,2,2,3,3,5,9,1
298,1,2,1,4,0,3,5,6,6,5,7,0,0,3,2,8,1,4,0,2,5,10,2
501,5,0,1,1,0,1,10,9,2,5,0,0,0,0,2,8,2,2,2,2,0,9,2
449,0,1,1,4,0,4,10,2,0,5,7,0,3,3,4,8,2,2,3,3,5,13,2
624,5,1,1,4,2,1,14,1,2,5,1,0,0,3,2,8,2,2,3,3,5,9,2
477,0,4,1,4,0,2,0,6,2,5,5,0,0,3,2,3,1,2,0,2,5,3,2