Time,Day_of_week,Age_band_of_driver,Sex_of_driver,Educational_level,Vehicle_driver_relation,Driving_experience,Type_of_vehicle,Area_accident_occured,Lanes_or_Medians,Road_allignment,Types_of_Junction,Road_surface_type,Road_surface_conditions,Light_conditions,Weather_conditions,Type_of_collision,Number_of_vehicles_involved,Vehicle_movement,Casualty_class,Casualty_severity,Pedestrian_movement,Cause_of_accident,Accident_severity
916,0,4,1,4,2,2,7,9,2,5,1,0,0,3,2,8,2,2,1,2,5,9,2
944,5,0,1,4,2,4,15,9,2,1,0,0,0,3,2,2,1,4,3,3,5,0,1
664,3,1,1,4,0,4,14,7,2,5,4,0,0,0,2,8,2,2,3,3,5,9,2
139,3,4,1,6,0,4,3,7,2,5,7,0,0,3,2,8,2,2,0,2,5,10,1
490,5,2,1,2,0,1,5,2,4,5,7,0,0,3,2,2,2,2,0,1,5,19,2
395,5,4,1,4,0,4,8,6,4,5,7,0,0,3,2,8,3,4,0,2,5,12,2
435,0,4,1,4,0,1,0,9,6,5,7,0,0,3,2,8,1,7,0,2,5,15,1
430,0,1,1,4,0,2,0,1,2,5,7,0,3,2,4,8,1,4,3,3,5,9,1
323,5,2,1,4,0,3,5,2,2,3,1,0,3,3,4,2,2,2,1,1,5,1,2
500,6,3,1,4,0,2,0,12,2,5,7,0,0,3,2,8,2,2,0,2,5,15,2
561,4,1,1,4,0,2,5,7,4,5,1,0,0,0,2,8,2,2,3,3,5,10,2
362,0,1,1,4,0,3,9,2,3,5,0,0,0,3,2,8,2,2,3,3,5,3,2
899,5,4,0,4,0,3,7,4,4,6,5,0,0,3,2,8,3,3,3,3,5,0,2
43,1,2,1,6,0,2,5,7,2,5,0,0,3,3,4,8,2,2,1,2,5,10,2
947,5,1,1,6,0,2,7,6,2,5,7,0,0,3,2,8,1,2,3,3,5,14,2
323,5,0,1,4,0,2,14,6,4,5,1,0,3,3,4,8,2,2,0,2,5,12,2
520,5,1,1,4,0,1,5,6,4,5,1,0,0,0,2,8,2,2,0,2,5,1,2
292,0,0,1,1,0,3,15,6,2,5,3,0,0,3,7,8,2,4,2,2,5,16,2
80,3,4,1,4,2,0,0,7,2,6,3,0,0,3,2,2,2,2,0,2,5,4,2
453,2,1,1,4,0,1,5,6,2,5,7,0,0,3,2,8,2,2,1,2,5,10,2
311,1,0,2,4,2,1,15,6,4,5,1,0,3,3,0,8,1,2,0,2,5,9,2
283,2,0,1,4,0,3,5,2,2,5,7,0,3,3,2,8,2,2,2,2,5,3,2
629,1,1,1,2,2,1,0,7,4,5,7,0,3,0,4,2,2,2,2,2,5,10,2
947,0,2,1,4,0,3,5,7,2,5,7,0,0,3,2,0,2,2,3,3,5,11,2
746,6,1,1,0,0,3,0,7,4,5,0,0,0,0,2,8,2,2,0,2,5,2,1
404,4,2,1,1,0,2,3,7,2,5,0,0,0,3,2,8,2,2,0,2,5,4,2
772,4,4,1,4,0,2,5,7,4,5,7,0,0,0,2,8,1,7,3,3,5,3,2
637,5,0,1,4,0,2,11,7,1,5,0,0,0,0,2,8,2,2,0,2,5,2,2
139,6,4,0,4,0,1,10,9,4,5,7,0,0,3,2,8,1,4,3,3,5,0,2
1016,0,2,1,4,0,3,0,6,4,5,7,0,0,3,2,8,2,4,0,2,5,9,2
45,5,2,1,4,0,3,0,6,1,5,7,0,0,3,2,2,2,2,3,3,5,12,2
835,6,0,1,2,0,0,0,2,6,5,7,0,3,3,3,2,2,2,0,2,5,10,2
707,3,0,1,6,0,1,5,9,6,5,1,0,0,2,2,8,1,2,3,3,5,1,1
924,0,3,1,4,0,0,0,2,6,5,7,0,0,3,2,1,2,2,3,3,5,1,2
111,2,2,1,2,0,4,9,6,0,1,7,0,0,3,2,8,2,4,3,3,5,1,2
899,5,0,1,4,0,3,5,1,2,5,5,0,0,3,2,2,3,2,0,2,5,9,2
628,1,1,1,4,0,0,4,5,2,5,0,0,3,2,4,8,2,2,1,2,5,1,2
274,5,2,1,4,0,2,0,6,2,7,7,0,0,3,2,8,1,3,3,3,5,11,2
1005,1,0,1,1,0,1,14,9,0,5,1,0,0,3,2,8,2,2,2,1,5,0,2
984,0,4,0,1,0,0,10,5,6,5,7,0,0,3,2,8,1,9,1,2,5,12,2
640,3,1,1,4,0,3,7,4,4,5,7,0,0,0,2,8,1,0,3,3,5,10,1
448,0,0,1,0,0,1,0,0,4,5,0,0,0,3,2,2,2,2,2,1,1,11,2
430,6,4,1,1,0,0,7,7,2,5,1,0,0,3,7,8,3,3,3,3,5,10,2
916,1,1,1,1,0,1,5,9,2,5,7,0,0,3,2,8,2,9,2,2,5,9,2
716,5,4,1,4,2,0,7,9,6,5,1,0,0,0,2,6,7,2,2,2,6,12,2
315,3,2,1,4,0,1,0,9,1,5,1,0,0,3,2,2,2,3,0,2,5,9,2
471,5,4,1,2,0,3,0,2,4,5,0,0,0,3,2,8,2,3,3,3,5,12,2
237,4,1,1,4,0,4,7,9,4,3,7,0,0,3,2,8,1,2,0,2,5,10,2
629,2,4,0,1,0,3,0,2,2,5,7,0,0,3,2,8,1,4,3,3,5,10,2
147,1,1,1,1,2,0,0,6,2,0,1,0,0,3,2,8,2,2,3,3,5,0,2
187,1,0,1,4,0,3,14,7,2,5,7,0,3,3,4,8,2,3,0,2,5,3,2
921,6,0,1,2,0,3,0,7,4,5,7,0,0,3,2,8,2,2,0,2,5,0,2
259,1,2,1,4,0,4,9,7,2,5,0,0,3,3,8,8,2,2,1,2,5,0,2
733,5,1,1,4,0,1,0,7,6,5,7,0,0,0,2,2,2,2,0,2,5,10,2
375,5,1,1,2,2,2,5,6,2,5,7,0,0,3,2,8,1,2,3,3,5,3,1
395,5,4,1,4,0,2,10,9,2,5,7,0,0,3,2,2,2,2,2,2,6,10,2
657,1,4,0,4,0,2,10,4,4,5,1,0,0,0,2,8,2,2,2,2,5,10,2
999,2,1,1,4,0,3,0,6,2,7,0,0,0,3,2,8,2,1,3,3,5,9,2
695,4,0,1,1,0,2,4,7,4,5,1,0,0,0,2,8,1,4,1,2,5,10,2
664,2,0,1,4,0,3,15,7,2,5,0,0,0,0,2,8,2,2,0,2,5,11,2
655,6,1,1,1,0,4,15,9,1,5,1,0,0,3,2,8,2,2,2,2,6,0,2
646,0,0,1,1,0,0,0,6,4,5,7,0,0,0,2,6,2,1,0,2,5,10,2
400,0,4,0,1,2,1,0,6,2,6,1,0,0,3,2,8,3,2,3,3,5,9,2
481,1,0,1,4,0,4,14,7,2,5,0,0,0,3,2,6,2,2,3,3,5,1,2
553,4,4,0,4,0,1,8,6,6,7,7,0,0,3,7,8,1,2,3,3,5,1,1
624,0,4,0,4,0,4,7,2,2,5,7,0,0,3,2,8,2,2,3,3,5,10,2
858,6,1,1,2,0,0,8,7,4,5,7,0,0,3,2,8,1,2,0,2,5,1,2
795,3,0,1,4,0,2,5,6,0,5,7,0,0,0,2,8,2,2,2,2,3,1,1
531,5,1,1,4,0,3,9,7,2,5,3,0,0,3,2,8,2,2,0,2,5,9,2
20,2,1,1,4,0,2,14,6,0,6,1,0,0,0,2,8,2,3,0,2,5,10,2
61,1,4,1,4,2,4,14,7,2,5,7,0,0,3,2,8,2,11,0,2,5,16,2
785,4,0,1,4,0,0,11,7,0,5,7,2,0,0,2,8,2,2,2,2,5,10,2
339,1,1,1,4,0,1,9,9,2,5,3,0,0,3,2,2,2,2,3,3,5,2,2
734,5,0,1,1,2,2,4,9,2,5,3,0,0,0,2,8,2,2,0,2,5,7,1
503,4,2,1,4,0,0,0,7,0,5,7,4,0,3,2,8,2,2,1,2,5,14,1
708,4,0,1,4,0,3,6,7,3,5,0,0,0,0,2,2,2,2,2,2,5,7,2
247,2,4,1,4,0,2,5,9,0,5,7,0,0,3,2,8,2,2,3,3,5,0,1
527,1,4,0,1,0,3,9,6,1,5,7,0,0,0,3,8,3,4,3,3,5,4,2
929,0,1,1,4,0,3,14,2,2,5,7,0,0,3,2,8,2,2,0,2,5,10,2
492,0,0,1,4,0,1,0,1,4,5,7,0,3,3,2,8,3,2,0,2,5,10,2
152,4,0,1,4,2,2,0,7,2,5,1,0,0,3,2,8,3,2,0,2,5,9,2
7,3,4,1,1,0,2,5,4,6,5,1,0,0,0,2,8,2,2,2,2,1,9,2
334,1,2,1,1,2,3,0,7,6,5,1,0,0,3,2,8,2,2,0,2,5,0,1
822,1,4,1,4,0,3,11,7,2,6,7,2,0,0,2,8,1,2,0,1,5,3,2
537,0,4,0,4,0,2,14,6,2,5,7,0,3,0,4,8,2,2,0,2,5,10,2
695,3,1,1,1,0,1,9,7,2,5,1,0,0,0,2,8,2,2,3,3,5,1,2
492,3,4,0,4,0,3,9,7,4,5,7,0,3,3,4,8,2,9,1,2,5,10,2
526,0,0,1,1,0,3,5,2,2,6,7,0,0,0,2,8,2,2,3,3,5,10,2
437,5,0,1,0,0,0,8,7,2,5,7,0,0,3,2,8,3,2,0,2,5,3,2
288,3,0,1,4,0,0,5,7,4,5,7,0,3,3,2,4,2,2,1,2,5,3,2
698,5,0,1,1,0,2,14,7,1,5,7,0,0,0,7,8,2,7,3,3,5,10,2
969,0,0,1,4,0,4,8,2,4,5,1,0,0,3,2,6,2,7,2,2,6,1,2
286,1,1,1,1,0,1,0,7,6,5,7,0,0,3,2,8,1,2,0,2,5,9,2
860,0,1,1,1,0,2,0,1,2,5,1,0,0,3,2,8,2,3,0,1,5,0,2
367,0,4,0,1,2,4,14,6,2,5,7,0,3,0,2,1,3,2,3,3,5,9,2
405,1,0,1,4,0,2,14,7,4,5,1,0,3,3,4,8,2,2,0,2,5,12,2
112,6,4,1,4,0,3,5,7,4,5,7,0,0,3,2,8,2,2,3,3,5,1,2
16,3,1,1,1,0,2,7,6,2,5,7,0,0,3,2,8,2,2,1,2,5,10,2
204,0,0,1,6,0,4,0,9,2,5,1,0,0,3,2,8,2,3,3,3,5,0,2
111,2,2,1,6,0,2,5,7,2,5,7,0,0,3,2,8,2,2,3,3,5,0,2
395,5,0,1,4,0,4,7,7,4,5,7,0,0,3,2,1,3,7,1,2,5,18,2
10,3,1,1,4,2,4,3,3,4,5,7,0,0,0,2,1,2,2,0,2,5,5,2
9,3,4,0,1,0,1,0,2,0,5,7,0,0,0,2,8,3,2,2,2,0,12,2
959,6,0,1,4,0,3,4,7,6,5,1,4,3,2,2,8,2,2,0,2,5,9,1
340,1,1,1,4,0,1,0,6,2,5,1,0,0,3,2,8,4,2,3,3,5,13,2
385,4,0,1,1,0,2,5,6,5,5,1,0,3,3,2,8,2,2,3,3,5,1,2
600,3,0,1,4,0,3,5,2,6,5,7,0,0,3,2,8,2,2,3,3,5,10,1
323,1,0,1,4,0,1,0,9,3,5,0,0,0,3,2,3,1,2,3,3,5,0,2
435,5,2,1,4,0,1,15,6,4,5,7,0,0,3,2,8,2,2,1,2,5,3,2
365,4,4,0,1,0,3,0,6,2,5,1,0,0,3,7,8,2,2,3,3,5,0,2
903,6,0,1,4,0,3,8,6,2,5,7,0,0,3,2,8,3,2,0,2,5,1,1
689,2,4,1,4,0,2,0,2,1,5,7,0,0,0,2,8,2,2,3,3,5,0,2
400,4,1,1,4,0,4,5,7,2,5,1,0,0,3,2,8,2,2,2,2,1,10,2
0,3,1,1,4,0,1,7,7,6,5,1,0,0,0,2,5,2,2,2,2,5,13,2
450,3,1,2,4,0,2,7,9,4,5,0,0,0,0,2,2,2,2,2,2,5,3,2
120,2,0,2,4,0,2,0,7,4,5,1,0,0,3,2,8,2,2,1,2,5,16,2
714,6,4,1,4,0,3,5,2,2,5,0,0,0,0,2,8,2,2,3,3,5,3,2
138,4,0,1,4,0,2,8,7,2,5,1,0,0,3,2,2,2,2,0,2,5,9,2
921,0,4,1,4,0,2,7,7,4,5,7,0,0,3,2,8,2,2,0,2,5,9,2
390,2,0,1,4,0,2,7,7,0,6,7,0,0,0,2,8,2,4,3,3,5,18,2
163,5,3,1,4,0,2,5,5,4,5,7,0,0,3,2,8,3,4,1,2,5,3,2
274,4,2,1,1,0,2,8,7,2,5,7,0,3,3,4,8,2,0,0,2,5,9,2
660,1,0,1,1,0,2,4,6,0,1,7,0,0,0,2,8,1,5,3,3,5,9,0
720,1,0,1,4,2,2,10,6,4,5,7,0,3,0,4,0,2,2,3,3,5,9,2
484,6,1,1,4,0,2,0,12,2,5,1,0,0,3,2,2,2,2,0,2,5,10,2
224,0,1,1,2,2,0,0,9,6,5,7,0,0,3,2,6,2,2,0,2,5,7,2
774,3,2,1,4,0,3,0,7,1,5,0,0,0,0,2,8,3,2,1,2,5,1,2
49,0,2,1,0,2,2,8,9,2,5,0,0,0,3,2,2,3,5,0,2,5,13,2
460,2,2,1,4,0,2,5,2,6,5,0,0,3,2,4,6,1,2,0,2,5,3,1
440,2,1,1,4,0,4,0,6,4,5,0,0,0,3,2,2,2,2,0,2,5,9,2
22,2,1,1,4,0,0,0,7,2,5,0,0,0,0,2,8,2,3,0,2,5,11,2
300,6,1,1,4,0,2,7,6,2,7,0,0,0,3,2,8,2,5,0,2,5,1,2
165,3,0,1,4,0,0,7,6,2,5,5,0,0,3,2,8,2,2,2,2,1,11,2
539,4,3,1,4,0,1,5,6,4,5,1,0,0,3,2,8,2,2,2,2,5,1,2
80,0,2,1,1,0,2,14,9,4,5,1,0,0,3,7,8,1,9,3,3,5,5,2
1016,3,0,1,4,0,3,0,2,6,5,1,0,0,3,2,8,3,2,3,3,5,0,2
375,4,1,1,4,0,2,15,7,4,5,1,0,0,3,2,8,3,7,3,3,5,10,2
1002,5,0,1,2,2,2,7,6,4,5,0,0,3,3,2,8,2,2,3,3,5,9,2
4,2,0,1,1,0,3,7,7,2,6,7,0,0,0,2,8,1,2,0,2,5,11,2
112,2,1,1,1,0,4,0,6,4,6,7,0,0,3,2,2,2,7,2,2,1,12,2
453,0,0,2,4,0,4,7,6,1,5,0,0,0,3,2,0,2,2,3,3,5,12,2
502,0,2,1,4,0,1,0,7,2,5,1,0,0,0,2,8,2,3,3,3,5,10,1
984,6,0,1,4,0,1,5,7,0,5,7,0,0,3,2,8,2,2,3,3,5,9,2
134,0,1,1,1,0,4,7,2,3,5,7,0,0,3,2,8,1,2,2,2,6,1,2
468,2,1,1,2,2,4,9,7,6,3,7,0,0,3,2,8,2,9,1,2,5,12,2
613,3,2,1,2,0,5,8,9,2,5,0,0,0,0,2,6,2,2,1,2,5,3,2
66,6,1,1,2,0,2,5,7,2,5,1,0,0,3,2,8,2,2,2,2,5,10,2
565,4,1,1,4,0,2,14,6,2,5,3,0,0,0,2,8,2,4,3,3,5,10,2
167,6,1,1,1,0,2,6,4,2,5,3,1,3,3,4,8,2,2,2,2,5,9,2
903,4,0,1,1,0,2,5,7,2,5,1,0,0,3,2,8,2,3,3,3,5,14,2
522,2,0,1,4,0,1,0,7,2,5,0,0,3,0,2,8,2,3,3,3,5,1,2
672,6,0,1,4,0,2,5,6,2,5,7,0,3,0,4,8,2,2,0,2,5,9,2
659,2,2,1,4,0,1,0,6,2,6,1,0,0,0,2,6,2,2,1,2,5,13,1
125,3,2,1,1,2,2,8,6,4,5,7,0,3,3,2,8,2,2,3,3,5,10,2
323,5,1,1,1,0,4,10,6,2,6,0,0,3,0,0,8,3,4,0,2,5,9,2
733,2,0,1,4,0,1,6,9,4,3,1,0,0,0,2,8,2,2,0,2,5,3,2
409,2,1,1,1,2,2,9,6,2,2,1,0,0,3,2,8,2,2,0,2,5,12,2
269,2,0,1,4,0,3,6,7,4,5,7,0,0,3,2,8,2,2,3,3,5,16,1
170,3,1,2,1,2,1,5,7,6,5,5,0,0,3,2,8,2,2,0,2,5,9,1
649,0,0,1,2,0,3,10,9,4,5,7,0,0,0,2,8,2,2,1,2,5,0,2
987,1,0,1,2,2,2,3,7,2,5,4,0,0,3,2,8,2,2,0,2,5,1,2
77,4,1,1,4,2,2,0,7,4,5,1,0,0,3,2,8,2,2,1,2,5,1,2
746,2,3,1,1,0,1,5,2,3,5,7,2,0,0,2,8,3,0,0,2,5,9,1
242,3,3,1,4,0,1,0,9,3,5,7,0,0,3,2,3,2,2,2,2,3,9,2
548,5,0,1,0,0,1,0,5,2,0,1,3,3,0,4,8,2,3,3,3,5,12,2
922,1,1,1,2,0,3,0,6,3,5,7,0,3,3,4,8,2,2,0,2,5,4,2
347,6,0,1,4,0,1,14,6,0,5,7,0,0,3,2,8,2,2,2,2,5,16,2
917,0,1,1,1,2,1,5,7,6,5,0,0,0,3,2,8,2,2,2,2,5,3,2
225,6,0,1,0,0,0,15,6,0,5,7,0,0,3,2,8,2,2,0,2,5,1,2
101,3,0,1,4,2,1,9,7,2,5,1,0,0,3,2,8,2,2,0,2,5,1,0
281,5,4,0,4,0,3,5,6,2,5,1,0,0,3,2,2,4,2,2,2,5,10,2
511,0,3,1,4,0,0,8,9,4,5,0,0,0,3,2,8,2,2,0,2,5,0,2
348,6,0,1,1,0,4,0,7,2,5,7,0,0,3,2,8,2,2,3,3,5,1,2
375,5,1,1,4,0,2,0,7,2,5,7,0,0,3,2,8,1,4,0,2,5,1,2
984,0,4,0,1,0,2,9,7,4,5,1,0,0,3,2,8,1,2,2,2,1,11,2
482,1,4,0,4,0,4,0,6,4,5,7,4,0,0,2,8,4,2,0,2,5,2,2
155,2,0,1,4,0,1,0,9,2,5,0,0,0,3,2,2,2,3,2,2,1,5,2
357,1,1,1,4,2,1,8,7,0,1,7,0,0,3,2,8,2,7,0,2,5,10,2
323,6,1,1,4,0,2,4,7,0,3,0,0,0,3,2,8,2,4,0,2,5,10,1
492,0,1,1,4,0,3,0,7,4,5,1,0,0,3,2,8,2,2,0,2,5,3,2
204,4,2,1,5,0,2,14,7,4,5,1,0,0,3,7,8,2,2,0,2,5,1,2
72,6,1,1,4,0,3,8,6,6,5,1,0,3,3,3,8,1,2,1,2,5,0,2
907,6,1,1,4,0,2,7,2,1,5,0,0,3,0,8,8,2,2,0,2,5,10,2
315,5,3,1,4,0,3,0,7,0,5,0,0,0,3,2,0,2,3,3,3,5,0,2
285,3,2,1,4,0,0,11,7,2,5,7,0,3,3,4,8,2,7,2,2,0,10,2
866,6,1,1,4,0,1,0,7,4,5,1,0,0,3,2,8,2,2,2,2,0,0,1
130,1,0,1,4,0,3,0,6,4,5,7,0,0,3,2,8,3,2,3,3,5,4,2
667,5,0,1,4,0,1,0,6,0,6,0,0,0,0,2,8,1,9,0,2,5,16,2
145,0,0,0,5,0,4,5,9,4,5,1,4,0,3,2,8,3,2,3,3,5,9,2
214,4,0,1,4,0,2,16,9,2,5,7,0,0,3,2,8,2,2,2,1,5,0,2
921,4,1,1,4,0,2,5,9,4,5,7,0,0,3,2,8,2,2,3,3,5,12,2
682,5,1,1,4,0,3,11,6,4,0,0,0,0,0,2,8,3,2,0,2,5,4,2
956,6,0,1,4,0,2,0,7,2,5,0,0,0,3,2,8,3,2,3,3,5,1,2
811,3,0,1,4,0,0,9,6,2,5,1,0,0,0,2,1,2,4,2,2,1,1,2
967,6,1,1,4,0,2,9,7,2,5,7,0,3,3,4,2,2,2,0,2,5,16,2
344,2,1,1,6,0,2,7,7,2,5,0,0,0,3,2,8,2,4,3,3,5,7,2
920,6,0,1,4,0,3,5,6,2,5,4,0,0,3,2,8,3,2,1,2,5,1,1
838,1,3,1,4,0,0,7,2,2,5,1,0,0,3,2,8,2,12,1,2,5,1,2
241,2,0,1,4,0,4,7,7,4,5,7,0,0,3,2,8,2,1,0,2,5,10,2
501,0,3,1,4,2,0,0,6,4,5,0,0,0,3,2,8,3,2,0,2,5,13,2
791,4,0,1,4,0,1,10,12,6,3,7,0,0,0,2,8,1,3,0,2,5,1,1
375,1,1,1,1,0,2,3,6,4,0,1,0,0,3,2,8,2,3,1,2,5,11,2
982,0,1,1,1,0,1,4,7,6,5,1,0,0,3,2,2,1,4,0,2,5,0,1
921,0,1,1,1,0,1,0,6,1,5,1,0,3,3,6,8,2,7,2,2,5,7,2
966,1,0,1,4,2,2,14,7,4,7,1,0,3,3,2,8,2,2,0,2,5,10,2
556,5,1,1,4,2,0,0,4,4,5,7,0,0,0,2,1,3,2,0,2,5,11,2
751,1,4,0,1,0,1,5,2,4,5,7,0,3,0,4,8,1,2,0,2,5,9,2
420,4,0,1,4,0,0,6,4,2,5,7,0,0,3,2,8,1,2,1,2,5,0,2
130,0,2,1,4,0,1,7,7,2,5,7,0,0,3,2,8,2,2,3,3,5,10,1
771,2,1,1,4,0,2,6,9,4,5,1,0,3,0,2,8,2,3,0,2,5,10,1
642,3,1,1,1,2,2,7,7,2,5,7,0,0,3,2,8,2,2,0,2,5,10,2
7,2,2,1,1,0,2,0,7,2,5,1,0,0,0,2,8,2,2,0,1,5,9,2
974,5,3,1,1,0,3,0,5,2,5,7,0,0,3,2,8,3,2,0,2,5,4,2
211,4,4,1,2,2,2,5,9,4,5,0,0,0,3,2,8,1,2,3,3,5,0,1
599,0,1,1,4,0,1,0,6,2,5,7,0,3,0,0,8,2,2,0,2,5,17,2
106,3,2,1,4,0,0,0,9,4,5,7,0,3,3,4,8,2,2,0,2,5,12,2
662,2,1,1,4,0,0,0,7,1,5,7,0,0,0,2,8,1,2,3,3,5,12,2
415,6,0,1,4,0,3,8,7,6,5,1,0,0,3,2,8,2,2,2,1,6,1,2
291,1,0,2,4,0,3,5,1,2,5,7,0,0,3,2,8,2,2,3,3,5,13,2
701,0,1,1,2,0,0,10,6,4,5,7,0,0,0,2,1,2,2,3,3,5,9,2
1023,0,2,1,4,0,1,0,7,0,5,7,0,3,3,4,2,2,2,0,2,5,10,2
155,0,4,1,4,0,5,8,9,4,5,1,0,0,3,2,8,2,3,3,3,5,12,2
625,2,0,1,4,0,4,4,9,4,5,7,0,0,3,2,8,3,2,1,1,5,1,2
599,0,1,1,4,0,1,5,7,1,5,0,0,0,0,2,6,2,2,3,3,5,1,2
959,6,0,1,4,0,2,8,6,2,5,7,0,0,3,2,1,1,2,3,3,5,1,2
326,0,1,1,4,0,2,0,6,3,5,7,0,0,3,2,1,1,2,3,3,5,13,2
623,3,3,1,4,0,4,5,2,6,5,7,0,3,0,2,8,2,0,0,2,5,13,2
76,4,2,1,1,2,2,0,9,0,5,7,0,0,3,2,8,3,4,3,3,5,3,2
433,4,1,1,4,0,3,0,7,4,5,1,0,0,3,2,8,2,7,0,2,5,12,2
556,4,4,1,4,0,2,0,9,6,5,1,0,0,3,2,1,1,4,2,1,5,11,2
466,4,0,1,4,0,1,11,7,1,5,2,0,0,3,2,8,2,2,1,2,5,11,2
350,3,1,1,1,0,2,5,6,6,7,1,0,0,3,2,8,2,4,0,2,5,13,2
344,1,1,1,4,0,1,4,6,0,5,3,0,0,3,2,8,2,7,3,3,5,13,2
474,6,1,1,4,0,2,15,7,2,5,1,0,0,3,2,8,2,2,1,2,5,3,2
255,5,0,1,4,0,3,9,7,2,5,7,0,0,3,2,8,3,2,3,3,5,10,2
222,4,4,1,4,0,2,0,9,1,5,1,0,0,3,7,6,2,2,0,2,5,13,2
100,0,2,1,4,0,1,4,6,2,5,1,0,3,3,2,8,4,0,3,3,5,16,1
347,1,0,1,4,0,2,5,6,6,5,0,0,3,3,4,8,2,2,2,2,5,9,2
323,0,1,1,4,0,2,9,7,6,5,1,0,3,3,2,8,2,2,0,2,5,2,2
427,3,3,1,4,0,2,4,6,2,5,7,0,3,3,2,8,2,2,0,2,5,1,2
974,0,1,1,4,2,0,6,9,4,5,7,0,0,3,2,1,1,7,0,2,5,5,2
450,1,1,1,4,0,2,5,7,4,5,7,0,0,3,2,8,2,2,0,1,5,1,2
21,0,2,1,4,0,3,11,7,2,5,0,0,0,0,2,8,2,2,0,2,5,3,2
848,3,0,1,0,2,2,0,7,1,5,0,0,0,0,2,1,2,2,0,2,5,9,1
940,0,1,1,4,2,1,5,7,6,5,3,0,0,3,2,8,3,2,3,3,5,0,2
100,6,1,1,1,0,2,5,6,2,5,7,0,3,3,2,8,2,2,3,3,5,12,1
217,0,0,1,1,0,4,11,7,2,5,1,0,0,3,2,2,2,2,3,3,5,0,2
255,4,2,1,4,0,0,0,9,2,5,1,0,0,3,2,8,2,2,0,2,5,9,2
264,0,0,1,1,0,3,4,7,1,5,5,0,3,0,4,8,2,2,2,2,2,11,2
35,3,4,0,4,0,0,14,9,4,5,1,0,3,0,4,8,2,2,3,3,5,9,2
155,6,1,1,6,2,2,0,7,6,3,1,0,0,3,0,8,4,2,0,1,5,11,2
104,6,1,1,4,0,2,10,6,6,5,0,0,0,3,2,8,2,2,3,3,5,13,2
463,0,4,1,6,0,2,5,4,4,5,1,0,0,0,2,8,2,2,1,2,5,11,2
435,4,1,1,0,0,2,0,9,6,5,7,2,3,0,2,2,1,9,0,2,5,10,2
445,1,0,1,4,0,2,5,9,2,5,7,0,0,3,2,8,2,2,1,2,5,3,2
777,3,0,1,2,0,0,12,7,2,5,0,0,0,0,2,8,2,9,3,3,5,13,2
400,0,1,1,4,0,1,7,6,4,5,1,0,0,3,2,8,3,2,3,3,5,12,2
300,4,1,2,2,0,2,7,7,2,5,1,0,0,3,2,8,3,9,2,2,5,10,2
155,4,1,1,4,2,1,8,6,0,1,1,0,0,3,2,2,1,2,0,2,5,10,2
369,0,0,1,4,0,2,8,2,2,5,7,0,0,3,2,2,2,2,3,3,5,1,2
264,3,1,1,4,0,1,10,5,4,7,7,0,0,3,2,8,1,2,1,2,5,17,2
320,5,1,1,4,2,3,15,7,2,5,1,0,0,3,2,2,1,9,3,3,5,10,2
835,4,1,1,4,0,1,0,6,0,0,3,0,0,0,2,8,2,2,2,1,5,1,2
220,0,3,1,2,0,1,5,9,6,3,7,0,0,3,2,8,2,10,3,3,5,12,2
194,3,1,1,4,0,4,5,9,2,5,7,0,0,3,2,8,2,2,3,3,5,10,2
192,4,0,1,4,0,0,8,4,2,5,1,0,3,3,4,1,2,2,0,2,5,12,1
875,6,1,1,4,0,2,0,9,4,5,7,0,0,3,2,8,3,2,0,2,5,0,1
686,6,1,1,4,2,3,0,6,2,5,7,0,0,0,2,8,2,2,0,2,5,3,2
430,4,1,1,1,0,0,6,6,2,5,7,0,0,0,2,8,1,1,0,2,5,11,2
806,0,0,1,4,2,4,8,7,2,5,7,0,3,0,4,8,1,2,3,3,5,5,2
887,6,0,1,1,0,3,0,1,4,5,1,0,3,3,2,8,2,2,2,1,5,4,1
916,5,1,1,1,0,1,3,7,2,5,1,0,0,3,2,8,2,9,0,2,5,11,2
809,2,0,1,4,0,1,5,7,1,5,1,0,0,0,2,2,2,2,1,2,5,1,2
357,0,0,1,4,0,5,9,4,4,5,1,0,3,3,2,8,2,2,3,3,5,1,2
201,1,2,1,1,2,2,5,9,6,5,7,0,0,3,2,2,1,2,0,2,5,12,2
310,0,1,1,4,0,1,5,6,1,5,7,4,0,3,2,8,2,2,0,2,5,10,2
339,3,0,1,2,0,4,14,9,4,5,0,0,0,3,2,8,2,2,3,3,5,10,2
453,2,0,1,1,0,0,0,1,1,6,1,0,0,3,2,8,3,4,0,2,5,0,2