Time,Day_of_week,Age_band_of_driver,Sex_of_driver,Educational_level,Vehicle_driver_relation,Driving_experience,Type_of_vehicle,Area_accident_occured,Lanes_or_Medians,Road_allignment,Types_of_Junction,Road_surface_type,Road_surface_conditions,Light_conditions,Weather_conditions,Type_of_collision,Number_of_vehicles_involved,Vehicle_movement,Casualty_class,Casualty_severity,Pedestrian_movement,Cause_of_accident,Accident_severity
264,0,0,1,4,0,1,5,6,0,0,0,0,0,3,2,2,2,4,0,2,5,1,2
362,0,0,1,4,0,2,7,7,0,5,0,0,0,3,2,8,2,3,0,2,5,7,2
315,2,0,1,4,0,1,5,6,4,5,7,0,0,3,2,8,3,3,3,3,5,3,2
746,5,0,1,2,2,3,0,9,4,5,7,0,0,0,2,1,1,2,1,2,5,9,2
326,1,1,1,4,0,3,5,3,4,7,0,0,3,3,4,2,2,2,3,3,5,12,2
274,3,1,1,4,0,3,0,7,0,5,7,0,0,3,2,8,2,2,0,1,5,5,2
370,6,0,1,4,0,3,14,7,4,5,7,0,0,3,2,8,2,2,0,2,5,3,2
229,2,1,1,4,0,3,5,7,0,6,0,0,0,3,2,2,2,9,3,3,5,12,2
241,2,1,1,2,2,2,10,7,1,5,1,0,0,3,2,2,1,3,3,3,5,13,2
858,1,1,1,4,0,1,7,9,4,3,1,0,0,3,2,8,3,2,3,3,5,1,2
349,1,1,1,4,2,4,10,7,6,5,7,0,0,3,2,8,1,2,3,3,5,11,2
834,0,1,1,4,0,0,10,7,6,3,1,0,3,2,2,2,1,1,3,3,5,10,1
385,5,0,1,4,0,0,7,5,6,3,7,0,0,3,0,6,1,2,0,2,5,7,2
127,2,1,1,4,0,2,5,9,2,5,7,0,2,3,6,2,3,2,0,2,5,10,2
97,4,4,1,4,2,2,11,7,2,5,0,0,0,3,2,8,4,4,3,3,5,11,2
139,2,1,1,2,0,0,0,4,2,5,0,0,0,3,2,1,2,2,1,2,5,12,2
130,4,0,1,4,0,2,0,6,6,5,7,0,0,3,2,4,2,2,2,2,5,17,2
362,0,1,1,4,0,4,0,2,3,5,0,0,0,3,2,8,2,2,3,3,5,12,2
959,6,1,1,0,0,2,9,7,2,5,7,3,3,3,8,8,2,2,1,2,5,1,2
506,5,0,1,4,2,1,5,6,4,5,2,0,3,0,4,2,2,3,2,1,1,0,1
725,2,4,0,4,0,2,7,9,2,5,1,0,0,0,2,8,4,2,3,3,5,1,2
1009,5,2,1,4,0,2,5,12,6,3,7,0,3,3,3,8,2,9,0,1,5,9,2
49,2,4,1,1,2,1,0,6,4,5,1,0,3,3,3,2,2,2,3,3,5,12,2
112,0,1,1,1,0,1,8,2,6,5,2,0,3,3,4,8,3,2,3,3,5,0,2
111,2,2,1,4,2,0,15,2,4,5,7,0,0,3,2,2,2,2,0,1,5,18,2
450,6,1,1,1,0,0,5,7,2,5,7,0,0,3,2,1,2,0,2,1,5,12,2
533,1,1,1,4,0,1,5,9,6,5,7,0,0,3,2,8,2,2,2,2,1,15,2
761,4,1,1,0,0,1,5,9,2,5,3,0,3,0,4,8,1,2,3,3,5,13,1
375,5,0,1,4,0,2,5,2,6,5,7,0,0,0,2,2,2,2,2,2,5,13,2
214,3,3,1,4,0,0,4,7,1,5,1,0,0,3,3,8,2,9,0,2,5,11,1
728,6,0,1,4,2,2,0,6,4,5,0,0,0,0,2,8,2,2,0,2,5,12,2
326,3,0,1,1,0,3,0,7,1,5,1,0,0,3,2,8,1,2,3,3,5,4,1
87,3,4,0,4,0,2,6,7,2,5,3,0,3,3,4,1,4,2,0,2,5,1,2
836,1,1,1,4,0,2,0,5,4,7,1,0,3,3,4,1,1,2,3,3,5,10,2
375,3,2,1,2,0,4,0,5,6,5,1,0,0,3,2,1,2,2,0,2,5,0,2
396,4,1,1,2,0,3,7,12,6,3,7,0,0,3,2,8,2,2,0,2,5,3,2
520,1,0,1,4,0,1,15,6,2,5,1,0,0,3,2,2,2,2,1,2,5,10,2
924,4,0,1,4,0,0,5,7,6,5,0,0,3,3,4,8,2,7,3,3,5,1,2
310,5,3,1,4,0,1,9,9,4,5,7,0,0,3,2,2,1,2,0,2,5,10,1
829,6,3,1,4,0,2,5,7,4,5,7,0,0,3,2,8,2,7,0,2,5,0,2
482,6,4,1,2,0,4,5,9,2,5,7,0,0,3,7,8,2,3,2,2,5,0,2
445,3,2,1,4,2,2,7,4,4,6,0,0,3,0,2,8,2,2,3,3,5,3,2
886,6,2,1,4,0,3,0,7,4,5,7,0,0,3,2,8,2,7,0,2,5,11,2
253,6,0,1,4,0,1,3,7,0,3,1,2,0,3,2,8,2,2,0,2,5,0,2
959,6,1,0,4,0,1,3,2,2,5,7,0,0,3,2,2,2,2,2,2,1,10,2
264,4,0,1,4,0,4,11,2,2,5,1,0,3,3,4,8,2,2,1,2,5,0,2
947,5,0,1,4,0,4,3,9,1,5,7,0,0,3,2,0,2,2,0,2,5,9,1
350,3,3,1,4,0,2,11,9,6,5,1,3,0,3,2,8,2,2,0,2,5,12,2
583,3,1,1,4,0,2,5,9,4,5,7,0,3,0,4,8,1,7,0,2,5,10,2
538,3,1,1,4,0,3,14,6,1,3,1,0,0,0,2,2,2,2,0,2,5,12,2
495,1,0,1,4,0,3,0,7,4,5,0,0,0,3,2,8,2,2,1,2,5,1,2
909,1,2,1,1,0,0,0,2,4,5,0,0,0,3,2,2,2,2,1,2,5,3,2
415,5,4,0,4,0,3,13,6,4,5,7,0,0,0,2,8,2,3,0,2,5,3,2
492,6,1,1,2,0,3,5,7,2,5,7,0,3,0,2,8,1,7,0,2,5,12,2
274,5,0,1,2,2,3,11,6,0,5,1,0,0,3,2,8,2,2,0,2,5,0,2
954,6,0,1,4,0,1,11,7,6,5,1,0,0,3,2,2,1,2,3,3,5,16,1
497,4,1,1,4,0,1,11,6,2,6,1,3,0,0,2,8,1,4,2,2,5,3,2
192,5,1,1,4,0,2,0,12,4,5,1,0,0,3,2,2,2,2,2,2,6,3,2
890,6,0,1,4,0,2,14,7,2,5,7,0,0,3,2,2,2,4,3,3,5,0,2
125,3,3,1,1,0,2,0,2,5,7,7,0,0,3,2,8,2,2,0,2,5,14,2
367,6,4,0,3,0,1,0,9,4,5,7,0,0,3,2,8,2,2,0,1,5,13,2
702,5,0,1,4,0,2,10,9,6,5,1,0,0,0,2,8,1,2,3,3,5,12,0
680,0,0,1,1,0,3,5,7,2,5,1,0,0,0,2,8,2,2,1,2,5,1,2
907,5,1,1,4,0,0,0,6,2,7,1,0,0,3,2,8,2,2,0,2,5,3,2
701,0,1,1,2,0,0,8,7,2,5,1,0,0,0,2,8,1,2,1,2,5,7,2
63,6,4,1,2,0,3,0,6,2,5,0,0,0,3,2,8,1,7,0,2,5,0,2
497,2,2,1,4,0,1,5,6,4,7,7,0,3,3,4,8,2,2,1,2,5,9,2
181,3,0,1,4,0,1,0,6,2,5,7,0,0,0,2,2,2,2,2,2,5,9,2
526,0,0,1,4,0,1,0,9,4,6,7,0,0,0,2,1,2,2,2,2,6,10,2
492,4,0,1,2,0,0,6,9,0,5,1,0,0,3,2,8,4,2,0,2,5,16,1
292,1,0,1,1,0,4,14,6,2,5,7,0,3,3,4,8,3,2,3,3,5,0,2
987,5,1,1,1,0,3,5,6,2,5,1,0,0,3,2,8,2,2,0,2,5,11,1
534,4,4,0,4,0,2,9,6,2,5,1,0,0,3,2,2,2,1,0,2,5,9,2
952,6,0,1,1,0,2,13,6,2,7,1,0,0,3,2,8,1,4,3,3,5,11,2
653,1,3,1,4,0,4,4,7,2,5,0,0,0,0,2,8,2,9,3,3,5,1,2
680,4,1,1,4,0,2,11,7,2,5,0,0,0,0,2,8,2,2,2,2,5,10,2
163,0,4,1,4,2,2,7,6,2,5,1,0,0,3,2,8,2,2,3,3,5,10,2
482,4,0,1,2,2,4,0,2,4,5,0,0,0,0,2,6,4,12,1,2,5,3,2
863,0,1,1,1,2,2,7,6,0,5,1,0,3,0,2,8,3,8,2,2,5,13,2
917,5,0,1,4,0,2,0,9,4,5,7,0,0,3,2,8,2,3,2,1,5,0,2
672,5,0,1,1,2,1,5,7,2,5,1,1,0,2,2,8,2,4,1,2,5,1,2
664,2,1,1,2,0,0,7,2,6,5,0,0,0,0,2,8,2,2,3,3,5,5,2
693,6,0,1,4,0,2,5,6,2,1,7,0,3,0,8,8,2,2,3,3,5,10,2
613,3,1,1,4,2,2,4,7,1,5,0,0,0,0,2,6,2,2,0,2,5,3,2
340,4,1,1,4,0,3,0,6,2,1,1,0,0,3,2,8,2,3,2,2,1,7,2
911,5,1,1,4,0,2,0,9,2,5,7,0,0,3,2,8,2,9,1,2,5,10,2
250,4,3,1,2,2,3,0,7,6,5,7,0,0,3,2,8,3,2,1,2,5,13,2
466,4,0,1,4,0,3,7,6,2,6,1,2,0,3,2,8,1,4,1,2,5,1,2
194,3,0,1,4,0,0,14,9,0,5,7,0,0,3,2,8,2,2,0,2,5,0,2
569,5,0,1,4,0,2,15,2,3,5,1,0,3,0,3,8,2,2,1,2,5,18,2
921,4,0,1,1,0,2,10,6,1,5,0,0,0,3,2,8,2,2,0,2,5,9,2
6,1,0,0,4,0,3,9,6,1,5,1,0,3,0,2,8,2,4,3,3,5,11,2
940,6,1,1,2,2,3,0,2,4,5,1,0,3,3,2,8,3,2,2,1,0,3,1
492,0,1,1,4,0,2,9,7,6,5,7,0,3,0,2,8,2,2,3,3,5,10,2
612,2,0,1,4,0,2,0,6,2,5,1,0,0,0,2,2,6,2,3,3,5,12,2
664,4,0,1,4,2,1,0,7,1,5,1,0,3,0,2,8,4,2,1,2,5,0,2
1001,4,0,1,4,0,3,15,6,2,7,7,0,3,3,4,8,2,1,1,2,5,10,2
163,3,0,1,2,0,0,8,7,6,3,7,0,0,3,2,8,4,11,0,2,5,12,2
974,5,1,1,4,0,3,9,7,2,5,7,0,0,3,2,8,2,3,1,2,5,10,1
54,3,1,1,4,0,3,0,6,2,5,1,0,0,3,2,2,2,2,0,2,5,0,2
42,1,2,1,4,0,2,14,2,2,5,1,0,0,3,2,0,1,2,2,2,5,11,2
692,5,4,0,4,3,4,10,9,6,3,0,0,3,0,2,8,2,2,1,2,5,2,2
542,1,2,1,4,0,0,4,6,2,5,3,0,3,3,2,8,2,4,3,3,5,10,2
348,0,1,1,4,0,1,11,6,4,5,7,0,3,3,4,8,2,7,3,3,5,3,2
921,0,0,1,4,0,1,15,2,1,5,7,0,0,3,2,8,2,2,3,3,5,1,2
430,2,1,1,4,0,3,0,2,6,5,7,0,0,3,2,8,1,2,0,2,5,16,2
988,1,1,1,4,0,3,7,2,4,5,7,0,0,3,2,8,3,2,2,2,0,0,2
177,4,4,0,4,2,3,0,9,4,5,1,0,0,3,2,8,2,2,0,2,5,9,2
385,2,2,1,1,0,2,11,7,4,7,1,0,0,3,2,6,1,4,1,2,5,10,2
947,0,0,1,1,0,2,8,7,0,6,7,0,0,3,2,0,2,2,3,3,5,12,2
645,2,2,1,4,0,1,14,6,2,6,0,0,0,0,2,1,1,2,3,3,5,0,1
492,2,0,1,1,0,1,4,9,4,5,7,0,0,3,2,8,2,7,3,3,5,1,2
323,0,2,1,5,2,2,5,6,0,5,1,0,0,3,2,8,4,2,3,3,5,12,2
344,6,0,1,1,0,2,3,6,0,5,1,0,0,3,2,8,2,2,0,2,5,9,2
380,0,0,1,4,0,2,9,7,2,5,7,0,0,3,2,8,1,2,3,3,5,12,1
511,4,1,1,4,0,0,8,1,6,5,7,0,3,0,2,2,4,11,3,3,5,11,2
635,3,0,1,4,0,0,5,9,4,5,7,0,3,0,4,8,2,2,0,1,5,10,2
241,2,1,2,1,2,2,8,3,2,5,7,0,0,3,2,8,2,2,3,3,5,1,2
336,0,0,1,4,0,3,8,6,4,5,1,0,0,3,2,8,2,7,3,3,5,12,2
197,1,2,2,4,2,4,14,9,2,5,7,0,0,3,2,8,2,3,2,2,5,1,2
764,0,1,1,4,0,0,5,7,0,3,0,0,0,0,2,4,2,2,3,3,5,3,2
827,2,4,0,4,0,0,0,7,4,5,7,0,3,0,4,1,2,2,3,3,5,9,1
453,2,1,1,2,0,3,0,7,4,5,7,0,0,3,2,1,2,11,0,2,5,0,2
421,1,1,1,4,0,0,5,9,0,5,7,0,0,3,2,8,1,2,3,3,5,1,2
700,2,4,1,4,2,1,0,9,2,5,3,0,0,0,2,8,3,2,3,3,5,13,2
111,4,1,1,4,0,1,9,7,4,5,7,0,0,3,2,8,2,2,2,2,5,3,2
930,1,0,1,1,2,3,5,7,2,5,7,0,0,3,2,8,1,12,0,2,5,0,2
991,1,0,0,4,0,1,0,9,2,5,7,0,0,3,4,8,4,4,0,2,5,1,2
300,4,0,1,4,0,3,5,6,2,7,7,0,0,3,2,8,2,2,0,1,5,1,2
173,0,0,1,4,0,3,0,5,4,5,3,0,0,3,2,2,2,2,2,1,1,3,1
216,3,1,1,1,0,1,7,6,0,5,7,0,0,3,2,8,1,2,3,3,5,12,1
308,6,1,1,4,2,3,5,9,1,5,7,0,0,3,2,8,2,2,0,2,5,1,1
713,1,1,1,4,0,4,5,7,2,5,7,0,3,0,4,8,3,0,3,3,5,10,2
310,4,2,1,4,0,4,14,7,6,5,7,0,0,3,2,8,2,2,0,2,5,9,1
497,3,4,1,4,0,4,6,6,4,5,1,0,3,0,2,8,1,2,2,2,1,12,2
200,6,0,1,4,0,3,7,9,1,5,0,0,0,3,2,8,2,3,1,2,5,15,2
467,6,1,1,4,0,3,4,7,1,5,3,0,0,3,2,8,2,2,0,2,5,1,2
465,6,1,1,1,0,1,3,7,2,6,1,2,0,3,2,8,1,2,3,3,5,1,2
18,4,1,1,4,0,3,5,4,2,5,7,0,0,0,2,8,1,2,0,2,5,3,2
1016,5,1,1,4,2,3,11,12,2,5,7,0,0,3,2,8,2,4,0,2,5,0,2
310,1,3,1,2,0,3,15,4,4,5,1,0,0,3,2,8,1,2,0,1,5,1,2
964,4,0,1,4,0,2,5,6,4,5,1,0,0,3,2,8,2,2,3,3,5,10,2
743,3,2,1,4,0,0,8,9,6,5,0,0,0,0,2,2,3,2,0,2,5,0,2
337,2,1,1,4,0,3,9,7,2,8,1,0,0,3,2,2,1,4,3,3,5,9,2
323,0,0,1,2,0,3,10,7,4,5,1,0,3,3,4,8,2,2,1,2,5,12,2
954,1,3,1,4,2,2,8,7,4,5,0,0,0,3,2,8,2,2,0,2,5,11,2
634,4,1,1,4,0,2,5,6,2,5,0,0,0,3,2,8,4,2,3,3,5,0,2
640,5,0,1,1,0,1,5,6,2,5,0,0,0,3,2,8,1,2,3,3,5,9,2
241,2,1,1,4,0,0,7,2,4,5,1,0,0,3,2,8,2,2,0,2,5,7,2
89,1,4,1,1,0,2,0,7,1,5,7,0,0,3,2,8,2,4,0,1,5,10,2
439,1,1,1,2,0,4,13,7,2,5,7,0,0,0,2,8,2,4,3,3,5,12,2
555,4,0,1,1,0,2,5,6,2,5,7,0,0,0,2,8,1,2,0,2,5,10,2
150,2,0,1,4,0,4,10,7,6,5,0,0,0,3,2,2,1,3,0,2,5,12,2
30,3,0,2,4,2,4,14,7,2,5,1,0,0,0,2,8,1,2,1,2,5,9,1
385,1,0,1,3,2,0,0,7,2,3,1,0,0,0,2,8,2,2,2,2,6,10,2
513,5,1,1,4,0,1,3,4,4,5,7,0,0,0,2,1,1,2,0,2,5,13,2
624,3,2,1,4,0,2,7,6,4,5,1,0,3,0,2,2,2,2,0,2,5,0,2
475,5,1,1,2,0,1,0,2,2,5,1,0,0,3,2,8,3,2,0,2,5,1,1
415,5,4,1,4,0,0,0,6,6,7,1,0,0,3,2,8,2,2,2,2,1,1,2
327,4,0,1,4,0,4,7,9,2,5,7,0,3,3,2,8,2,2,0,2,5,0,1
599,1,1,1,1,0,1,5,7,4,5,7,0,0,1,2,8,3,2,0,2,5,16,2
609,0,4,1,4,0,1,5,6,6,5,2,0,0,0,2,2,1,2,2,2,3,3,2
152,5,1,2,1,0,2,14,9,0,5,1,0,0,3,2,8,2,5,3,3,5,9,2
927,4,0,1,4,0,3,0,9,2,5,1,0,0,3,2,8,2,3,2,2,5,3,2
67,0,1,1,1,1,2,10,7,2,3,0,2,0,3,2,8,2,2,3,3,5,1,2
54,3,2,1,4,0,3,5,6,1,5,7,0,0,3,2,8,2,2,0,2,5,1,2
328,5,1,1,1,0,2,0,7,2,5,0,0,0,3,2,8,2,2,0,2,5,9,1
375,6,4,1,1,0,0,4,6,1,5,1,0,0,3,2,8,1,2,1,2,5,10,2
26,0,1,1,4,0,2,6,9,2,5,7,0,0,0,2,1,2,2,3,3,5,10,2
344,5,0,1,4,0,1,0,9,4,5,1,0,3,3,4,0,2,4,0,2,5,12,2
147,0,0,1,4,2,0,0,2,2,5,7,0,0,3,2,8,2,4,2,1,6,1,2
93,0,0,1,1,0,0,0,7,6,5,7,0,0,3,2,8,2,2,1,2,5,10,2
617,6,0,1,4,2,2,5,7,2,5,0,0,3,0,2,8,1,2,0,1,5,0,1
344,2,0,1,4,0,1,14,7,4,6,0,0,0,3,2,2,2,4,3,3,5,9,2
163,4,0,2,4,0,1,8,9,2,5,1,2,3,3,2,6,1,2,3,3,5,12,2
308,0,2,1,4,0,2,7,4,4,5,7,0,3,3,2,8,1,2,3,3,5,10,2
649,4,1,1,2,0,2,5,9,4,5,7,0,3,0,2,8,2,2,0,1,5,10,2
463,2,2,1,1,2,2,4,2,2,5,7,0,0,3,2,8,2,2,3,3,5,1,0
746,2,3,1,5,0,3,0,7,2,5,7,0,0,0,2,1,2,2,3,3,5,5,2
777,3,1,1,1,0,3,7,7,0,5,0,0,0,0,2,8,2,9,1,2,5,10,2
806,0,0,2,4,0,1,0,7,0,5,7,0,3,0,4,1,1,2,3,3,5,1,2
709,5,1,1,4,0,2,8,6,6,5,7,0,0,0,2,8,2,3,3,3,5,16,1
276,3,1,1,4,0,1,0,9,2,5,7,0,0,3,2,0,3,2,1,2,5,9,2
403,4,0,1,1,0,0,0,12,0,5,7,0,0,3,2,2,2,2,0,2,5,10,2
178,2,1,1,1,0,2,0,6,2,5,7,0,0,3,2,8,2,3,0,2,5,9,2
492,6,0,1,1,0,3,8,6,6,5,1,0,3,0,4,8,2,2,3,3,5,10,2
504,6,0,1,4,2,3,0,7,4,6,1,0,0,3,2,8,2,1,3,3,5,3,2
281,5,0,1,4,2,3,9,6,2,5,1,0,0,3,2,6,4,2,0,2,5,1,2
0,2,0,1,0,0,0,0,6,2,6,0,0,0,0,2,8,3,2,0,2,5,10,2
556,5,0,1,1,0,1,5,2,4,5,7,0,0,0,2,2,3,3,2,2,5,11,2
774,3,2,1,1,2,1,4,1,6,5,0,0,0,0,2,8,3,2,0,1,5,5,2
921,4,0,1,4,0,2,8,5,6,5,7,0,0,3,4,8,3,9,3,3,5,16,2
103,1,2,1,0,2,0,5,7,4,7,5,0,0,0,2,8,3,2,0,2,5,10,2
941,4,0,1,1,0,4,4,9,4,5,1,0,0,3,2,8,1,2,0,2,5,3,2
428,5,2,1,4,0,0,5,7,2,5,7,0,3,2,2,8,3,7,3,3,5,3,2
575,3,0,1,4,0,2,11,6,6,6,7,2,0,0,2,8,2,2,2,2,5,1,2
18,2,0,1,4,0,2,11,9,6,5,7,0,0,0,2,8,2,2,2,2,6,14,2
585,3,1,1,4,0,3,11,6,2,5,1,0,0,0,2,8,2,2,0,2,5,12,2
190,4,4,1,2,0,2,5,6,4,5,1,0,2,3,6,8,2,2,3,3,5,13,2
438,6,2,0,4,0,2,5,2,6,5,1,0,0,3,2,2,2,3,2,2,6,10,2
71,4,2,1,4,0,0,0,6,2,5,1,0,0,3,2,8,2,2,3,3,5,16,2
751,2,0,1,4,0,3,0,6,4,5,1,1,0,0,2,8,2,2,0,2,5,0,2
445,6,0,1,4,0,2,0,2,6,5,7,0,0,3,2,8,2,2,0,2,5,0,2
872,0,4,1,4,2,3,9,2,2,5,7,0,0,3,2,1,3,2,0,2,5,1,2
54,4,2,1,4,0,2,5,6,4,5,7,0,0,3,2,8,2,2,0,2,5,0,2
952,1,4,0,4,0,3,7,6,1,5,7,0,3,3,5,8,1,2,3,3,5,12,2
112,4,0,1,4,0,2,14,6,6,6,1,0,3,3,2,8,2,2,0,2,5,1,2
225,0,1,1,4,0,0,6,6,2,5,1,0,0,3,2,8,2,4,3,3,5,9,1
520,5,3,1,4,0,0,10,1,4,5,1,0,3,0,3,8,2,8,0,2,5,0,2
758,3,0,1,4,0,1,0,4,1,5,7,0,0,0,2,8,3,5,3,3,5,13,2
192,6,3,1,6,2,2,4,6,1,5,7,3,0,3,2,8,2,4,3,3,5,5,1
283,0,1,1,4,0,2,7,7,1,5,7,0,0,3,2,2,1,9,0,2,5,3,1
541,1,1,1,4,0,1,14,6,2,2,7,0,0,3,2,8,2,2,3,3,5,10,2
501,5,0,1,2,0,3,0,7,2,5,0,2,0,0,2,1,2,9,3,3,5,9,2
848,5,0,1,4,0,3,8,1,4,5,1,0,0,0,2,8,2,6,3,3,5,10,2
746,2,3,1,4,0,4,7,12,2,5,7,0,0,0,2,8,2,2,2,2,6,5,2
629,1,1,1,4,2,2,5,7,2,5,0,0,3,0,4,8,2,4,3,3,5,0,2
16,2,0,1,4,0,2,5,9,0,5,0,0,0,0,2,8,2,2,3,3,5,10,2
288,4,4,1,1,0,2,5,6,4,5,7,0,0,3,2,1,2,2,3,3,5,3,2
283,2,4,1,4,0,3,10,6,2,5,7,0,0,3,2,2,2,7,3,3,5,5,1
354,5,1,1,2,0,0,0,6,1,3,1,0,0,3,2,8,3,2,0,2,5,16,2
989,1,0,1,2,0,1,8,6,2,0,7,0,0,3,2,2,4,2,0,2,5,1,2
367,3,0,1,2,0,4,8,7,1,5,7,0,0,3,2,1,2,2,3,3,5,12,2
967,6,1,1,2,0,3,8,5,2,5,7,0,3,3,4,8,2,7,1,2,5,9,2
438,2,1,1,4,0,1,0,7,3,5,7,0,3,0,4,8,1,2,3,3,5,10,2
974,6,1,1,4,2,3,8,7,2,5,1,0,3,3,2,8,1,2,2,2,6,2,2
773,3,0,1,4,0,1,13,7,4,5,7,0,0,0,2,8,1,3,3,3,5,12,2
130,1,4,1,4,0,2,14,9,2,5,7,0,0,3,2,2,3,3,3,3,5,13,1
440,4,0,1,4,0,1,15,7,2,5,7,0,0,3,2,8,3,2,3,3,5,15,2
264,5,0,1,1,0,1,7,9,2,5,7,0,0,3,2,6,2,2,1,2,5,3,2
179,0,1,1,4,0,2,11,9,6,3,7,0,0,3,2,8,2,2,3,3,5,16,2
465,1,0,1,2,0,0,7,6,4,5,1,0,0,3,2,8,1,2,1,2,5,1,1
520,5,4,1,1,0,2,10,12,6,5,1,0,0,3,2,1,2,2,3,3,5,11,2
308,4,2,1,4,0,3,0,4,4,5,0,1,0,3,2,8,2,4,3,3,5,10,2
1016,1,2,1,4,0,0,6,9,4,5,7,0,0,3,3,8,2,4,0,2,5,13,2
899,1,4,1,2,2,1,0,12,0,5,1,0,0,3,2,8,2,2,2,1,5,10,2
87,5,2,1,4,0,1,7,7,4,3,0,0,0,3,2,8,2,7,1,2,5,3,2
487,6,0,2,2,2,3,8,2,0,5,1,0,3,0,2,8,1,2,0,2,5,9,2
568,3,1,1,1,0,0,5,7,2,5,7,0,3,3,4,8,2,2,0,2,5,12,2
531,5,1,1,1,2,3,5,7,4,5,7,0,0,3,2,8,1,2,0,2,5,16,1
574,0,3,1,4,0,3,10,9,0,5,7,0,0,0,2,8,2,3,0,2,5,11,2
370,6,1,1,4,0,2,0,6,4,5,7,0,0,3,2,8,2,2,3,3,5,10,2
344,4,0,1,4,0,4,9,7,6,5,7,4,3,3,4,8,2,3,1,2,5,1,2
959,6,1,1,4,0,1,0,6,2,5,7,0,0,3,2,8,3,2,0,2,5,1,2
911,1,0,1,4,0,3,7,1,2,5,7,0,0,3,2,6,2,8,3,3,5,0,1
657,3,0,1,4,0,1,0,9,6,5,1,0,0,0,2,8,2,9,3,3,5,0,0
410,5,0,1,4,0,3,11,7,0,5,7,0,0,3,2,8,2,2,1,2,5,9,2
150,1,0,1,4,0,3,0,7,4,5,7,0,0,3,2,8,2,2,2,2,6,0,2
178,2,1,1,4,0,3,5,6,4,5,7,0,0,3,2,8,2,2,3,3,5,10,2
278,2,1,2,1,0,4,0,4,6,5,1,0,0,3,2,8,2,2,3,3,5,7,2
242,5,1,1,4,0,1,0,12,6,5,1,0,0,3,2,8,2,4,2,2,6,12,2
604,1,0,1,4,0,1,0,7,4,5,7,0,0,3,2,8,2,2,0,2,5,11,2
947,1,0,1,2,2,2,0,3,4,7,7,0,0,3,2,8,2,4,3,3,5,16,2
698,0,1,1,1,0,2,0,2,6,5,0,0,0,0,2,8,2,2,3,3,5,12,2
546,6,2,1,6,0,4,13,6,2,5,7,0,0,3,2,8,2,7,1,2,5,12,2
944,5,1,1,1,2,3,8,12,2,5,1,0,0,3,2,2,2,2,0,2,5,1,1
463,0,2,1,1,0,2,8,7,4,5,3,0,0,3,2,2,3,2,0,2,5,9,2
228,3,4,0,4,0,4,7,7,2,5,7,0,0,3,2,8,3,2,0,2,5,1,2
63,1,4,1,1,0,0,5,2,4,5,1,0,0,3,2,1,2,2,0,1,5,3,2
450,6,4,0,4,2,3,5,12,2,5,0,0,0,0,2,8,1,2,0,2,5,0,2
1024,4,2,1,1,0,2,0,1,6,5,7,0,0,3,2,6,2,1,0,2,5,12,1
1016,3,0,1,0,0,2,0,7,2,5,1,0,0,3,2,2,3,2,3,3,5,1,2
651,2,4,0,4,0,0,7,9,0,5,7,4,0,0,2,2,2,7,2,2,5,9,2
526,0,0,0,4,2,0,5,9,2,3,0,0,0,3,2,8,2,2,3,3,5,12,2
435,4,0,1,4,0,1,0,4,5,5,7,0,3,2,4,9,2,2,0,2,5,11,2
633,6,0,1,4,0,1,4,9,4,5,5,0,0,0,2,8,2,0,2,2,0,12,2
534,6,1,1,1,0,0,0,2,3,5,7,0,0,0,2,8,3,0,3,3,5,10,2
482,1,1,1,4,0,0,0,7,4,5,7,0,0,3,2,1,2,3,0,2,5,9,2
315,2,2,1,4,0,3,9,6,4,5,5,0,3,3,2,8,1,7,3,3,5,3,2
453,0,3,1,4,0,0,7,9,4,5,0,0,0,0,2,8,2,2,0,1,5,0,2
657,3,0,1,4,0,2,0,7,6,5,1,0,0,0,2,8,2,2,0,2,5,3,0
297,5,2,1,4,2,2,7,6,4,5,7,0,0,3,2,8,2,1,3,3,5,16,1
362,3,1,1,2,2,1,14,6,1,5,1,0,0,3,0,6,1,4,0,2,5,1,2
397,6,0,1,1,0,2,0,6,6,5,1,0,0,3,2,2,2,2,0,2,5,16,2
187,6,1,1,4,0,2,8,9,4,5,1,0,0,3,2,8,1,2,3,3,5,1,2
644,5,2,1,1,0,1,5,1,1,5,7,0,0,0,2,8,2,1,0,2,5,3,2
35,3,1,1,1,0,3,0,6,0,5,1,3,3,0,4,8,2,4,3,3,5,10,2