Time,Day_of_week,Age_band_of_driver,Sex_of_driver,Educational_level,Vehicle_driver_relation,Driving_experience,Type_of_vehicle,Area_accident_occured,Lanes_or_Medians,Road_allignment,Types_of_Junction,Road_surface_type,Road_surface_conditions,Light_conditions,Weather_conditions,Type_of_collision,Number_of_vehicles_involved,Vehicle_movement,Casualty_class,Casualty_severity,Pedestrian_movement,Cause_of_accident,Accident_severity
907,1,0,1,1,0,4,6,6,2,5,0,0,0,3,2,2,1,2,0,2,5,16,2
606,0,0,1,4,0,1,11,0,4,5,0,0,0,0,2,8,4,4,3,3,5,12,2
561,2,1,1,4,0,1,0,7,0,5,1,0,3,3,2,8,2,2,3,3,5,3,2
930,6,1,1,4,0,0,0,2,2,5,7,0,0,3,2,8,2,2,0,2,5,10,2
242,3,2,1,4,0,2,1,5,2,7,1,0,0,3,2,8,1,4,0,2,5,1,1
263,5,1,1,2,0,1,0,7,0,5,7,0,0,3,2,8,2,7,2,2,6,4,2
453,6,1,1,2,0,1,0,12,2,5,1,0,0,3,2,8,3,2,1,2,5,1,2
1019,0,2,1,0,0,3,0,7,2,5,1,0,0,3,2,8,2,2,3,3,5,3,2
77,4,1,1,1,0,4,8,6,2,5,7,0,3,3,2,8,2,2,0,2,5,12,2
546,5,0,1,4,0,1,0,2,0,5,7,2,0,0,2,8,2,1,3,3,5,0,2
907,4,0,1,4,0,3,5,7,2,5,1,2,0,3,2,0,1,2,0,2,5,10,2
416,6,1,1,4,2,3,5,4,2,5,5,2,0,3,2,8,1,2,0,2,5,1,2
425,2,0,1,4,0,4,0,7,2,5,7,0,0,0,2,1,2,2,3,3,5,0,1
250,4,0,1,4,0,1,5,6,4,5,0,0,0,3,2,1,3,3,3,3,5,1,2
278,2,4,1,4,0,3,10,0,4,5,1,0,0,3,2,8,2,9,3,3,5,3,2
599,0,1,1,4,2,2,10,12,6,3,7,0,0,3,2,2,2,2,0,2,5,10,2
534,3,1,1,4,0,4,0,7,2,5,0,0,0,0,2,8,2,2,3,3,5,11,2
559,0,0,1,4,0,3,0,6,4,5,0,3,0,0,2,8,2,2,0,2,5,1,2
463,5,4,2,4,0,2,15,5,6,5,1,0,3,0,2,8,2,2,0,2,5,9,2
929,0,4,1,4,0,2,0,7,4,5,7,0,0,3,2,2,2,4,3,3,5,3,2
338,3,3,1,4,0,0,8,5,4,5,7,0,0,3,2,8,2,2,3,3,5,9,1
689,0,4,1,4,2,1,0,9,6,5,1,0,0,3,2,8,2,2,0,2,5,1,1
375,5,1,1,4,0,4,0,7,4,7,0,0,2,3,6,8,3,2,3,3,5,1,2
820,3,0,1,4,0,1,11,7,4,5,7,0,0,0,2,2,2,3,1,1,5,1,2
347,6,0,1,4,0,1,5,7,2,5,7,0,0,3,2,2,2,2,0,2,5,9,2
112,2,1,1,0,0,0,0,7,4,5,1,2,0,3,2,1,1,2,0,2,5,9,0
718,1,3,1,4,0,4,8,12,2,5,7,0,3,0,2,2,2,2,3,3,5,3,2
130,0,4,1,4,0,3,5,7,2,5,7,0,0,3,7,8,2,1,0,2,5,3,2
701,1,4,0,4,2,2,10,9,2,5,1,0,0,0,2,8,2,2,3,3,5,10,2
250,1,1,1,4,0,3,5,6,6,7,5,0,0,3,2,8,2,3,2,2,1,11,2
348,5,1,1,1,0,3,7,12,6,3,7,0,0,3,2,2,2,2,3,3,5,4,2
427,3,3,1,4,0,2,11,9,1,3,7,0,3,0,4,2,2,2,0,2,5,12,1
551,5,4,0,4,0,4,6,9,4,5,1,0,0,3,2,8,2,2,0,2,5,10,2
501,0,1,1,2,0,4,5,1,4,5,7,0,0,0,2,6,2,2,3,3,5,1,2
270,6,2,1,4,0,0,9,1,4,3,0,3,0,3,2,8,2,2,3,3,5,5,1
482,1,0,1,4,0,3,0,4,2,5,7,0,0,3,2,8,2,2,3,3,5,1,2
145,2,0,1,1,0,2,3,9,6,5,1,0,0,3,2,8,2,2,0,2,5,9,2
506,1,0,1,4,0,2,0,7,4,5,0,0,0,0,2,0,2,2,3,3,5,1,2
935,0,0,1,4,0,3,5,7,1,5,2,0,0,0,0,1,2,1,3,3,5,1,2
179,0,1,1,1,0,0,7,7,2,5,7,3,0,3,2,1,2,2,3,3,5,3,2
610,1,3,1,4,0,1,0,9,2,5,7,0,3,3,4,2,2,3,3,3,5,7,2
220,5,0,1,4,0,0,4,4,4,5,0,0,0,3,2,1,2,2,2,0,6,3,2
261,2,2,1,4,0,1,5,2,4,5,3,0,0,3,2,2,3,2,3,3,5,16,2
225,0,2,1,4,0,2,15,4,6,5,1,0,0,3,2,8,2,2,3,3,5,0,2
458,1,0,1,4,0,0,5,7,2,5,0,0,3,3,4,8,2,2,0,2,5,9,2
956,6,1,1,4,0,1,9,3,2,5,0,0,0,3,2,8,3,2,0,1,5,10,2
323,0,2,2,4,0,3,10,7,0,5,1,0,3,3,4,8,2,3,3,3,5,12,2
534,1,4,1,2,1,3,5,5,6,3,5,0,0,0,2,1,2,2,1,2,5,9,2
872,5,0,1,4,0,1,0,7,2,5,1,0,0,3,2,8,2,2,3,3,5,10,2
613,3,4,1,4,2,1,15,6,4,5,7,0,0,0,2,8,1,7,0,1,5,10,2
543,1,1,1,4,2,2,7,9,2,5,0,0,0,0,7,1,2,3,0,2,5,12,2
606,0,1,1,0,0,3,0,7,2,5,0,0,0,0,2,8,4,4,0,2,5,12,2
163,0,0,1,1,0,3,14,7,2,5,7,0,0,3,2,8,2,12,1,2,5,1,2
964,6,4,1,2,0,2,0,2,2,3,1,0,0,3,2,8,1,2,2,2,5,11,2
969,1,4,1,4,0,0,8,6,2,5,7,0,3,3,2,8,2,2,3,3,5,0,2
467,2,0,1,4,0,3,5,6,4,5,1,0,3,0,3,8,2,2,3,3,5,12,2
903,0,0,1,1,0,2,5,6,0,5,7,0,0,3,2,6,2,1,2,2,0,3,2
458,4,0,1,4,0,1,0,9,4,1,1,0,0,3,2,8,2,9,0,2,5,1,2
331,1,0,1,4,0,3,3,7,2,5,7,0,3,3,2,8,3,2,3,3,5,9,2
380,5,1,1,4,0,3,9,7,1,5,1,0,0,3,2,8,2,2,3,3,5,0,2
375,3,1,1,2,0,4,8,9,6,5,1,0,0,3,2,8,2,2,3,3,5,3,2
328,5,3,1,4,0,2,7,6,2,2,0,0,0,3,2,2,2,4,0,2,5,9,1
979,0,1,1,4,2,1,7,6,2,6,0,0,0,3,2,8,1,2,0,2,5,12,2
550,1,1,1,4,0,2,10,7,4,5,1,0,3,0,2,6,1,2,3,3,5,11,2
566,6,0,1,4,0,4,5,6,0,5,1,0,0,3,2,8,2,2,3,3,5,3,2
435,1,0,1,1,0,2,5,9,4,5,5,0,3,3,2,8,2,2,3,3,5,5,2
1014,2,0,1,4,0,1,4,7,4,5,1,0,3,3,2,8,3,2,0,2,5,0,2
282,2,0,1,4,2,1,3,7,1,5,7,0,3,3,4,1,2,9,0,2,5,11,2
426,4,0,1,4,2,2,0,9,3,5,7,0,0,3,2,8,4,2,1,2,5,1,2
614,4,1,2,4,2,2,5,2,6,5,1,0,3,0,2,8,2,2,3,3,5,3,2
705,4,1,1,4,0,2,4,9,4,3,0,0,0,2,0,8,2,3,0,1,5,11,2
66,2,4,1,4,0,0,10,6,4,5,7,0,0,3,2,2,2,2,2,2,8,0,2
274,2,2,1,1,0,4,9,9,2,5,7,0,0,3,2,8,2,3,0,2,5,0,2
1009,2,1,1,4,0,0,5,9,4,5,7,0,3,3,2,8,3,2,1,2,5,3,2
612,1,0,1,1,2,1,3,6,2,5,0,2,3,0,0,8,3,2,1,2,5,1,2
501,5,2,1,1,0,4,0,7,2,5,7,0,0,3,2,8,2,2,3,3,5,16,1
472,4,0,1,4,0,3,0,9,4,5,1,0,0,3,2,3,1,3,0,2,5,12,2
362,3,0,1,4,0,2,5,9,4,5,1,0,3,3,2,8,2,4,3,3,5,5,2
220,5,1,1,2,2,1,0,2,4,5,0,0,0,3,2,8,2,2,0,2,5,1,2
54,3,1,1,4,0,3,4,4,4,6,7,0,0,3,2,8,2,2,3,3,5,0,2
903,4,1,1,1,0,1,0,7,2,5,1,0,0,3,2,2,2,2,0,2,5,8,2
16,2,4,0,4,0,1,7,6,1,5,0,0,0,0,2,2,2,2,3,3,5,13,2
421,0,1,1,4,0,1,14,9,2,5,7,0,0,0,2,1,2,2,2,2,5,9,2
38,4,3,1,4,0,3,15,7,2,5,7,0,3,3,2,8,2,7,1,2,5,1,2
568,3,0,1,4,0,1,2,1,2,5,1,0,3,3,2,8,2,4,1,2,5,12,2
80,3,1,1,4,0,1,0,7,4,5,7,0,0,3,2,8,1,2,1,2,5,12,2
311,6,2,1,3,2,0,10,6,1,5,1,0,0,3,2,8,2,2,3,3,5,10,1
506,5,0,1,4,0,4,0,6,6,5,2,0,3,0,4,8,2,2,3,3,5,13,1
340,4,4,1,1,0,2,10,7,1,5,7,0,0,3,2,6,2,2,0,2,5,0,2
465,6,1,1,4,2,2,8,6,4,5,0,0,0,2,2,8,1,7,3,3,5,12,2
348,5,4,1,6,2,2,0,6,2,5,1,0,0,3,2,8,3,2,0,2,5,10,2
259,4,1,1,4,0,4,0,7,0,5,0,0,0,3,2,8,1,2,0,1,5,5,2
127,2,0,1,4,0,3,0,12,0,5,0,0,3,3,2,8,2,2,0,2,5,3,2
399,5,2,1,4,0,1,0,5,4,7,7,0,0,3,2,2,1,9,3,3,5,2,2
708,3,2,1,2,2,4,0,2,4,5,0,0,0,0,2,6,2,2,0,2,5,12,2
206,4,0,1,4,0,0,0,7,2,5,0,0,0,3,2,8,2,2,2,2,6,0,2
517,5,0,1,4,0,2,5,7,0,5,7,0,0,3,2,8,2,2,3,3,5,13,2
440,0,4,1,4,0,1,14,7,2,6,1,0,0,3,2,8,2,2,3,3,5,3,2
112,1,2,1,4,0,2,0,12,4,5,7,0,0,3,2,8,2,11,2,2,0,12,2
300,3,1,1,4,0,3,5,6,2,5,1,0,0,3,2,8,2,2,2,2,3,0,2
405,5,3,1,4,0,3,0,2,1,5,1,0,3,3,4,2,1,2,3,3,5,3,2
125,3,4,1,1,0,2,7,7,2,5,1,0,0,3,2,2,4,2,3,3,5,0,2
520,0,2,1,4,2,0,9,7,4,5,0,0,3,3,2,1,3,2,3,3,5,9,2
91,2,1,2,4,0,1,3,6,2,5,0,0,0,3,2,4,2,2,3,3,5,3,2
424,0,0,1,4,0,3,14,7,2,5,1,0,0,3,2,8,3,2,0,2,5,0,2
255,4,2,1,4,0,0,7,7,2,6,1,0,0,3,2,8,2,2,3,3,5,1,2
93,0,1,1,0,0,2,13,6,4,5,4,0,0,3,2,2,3,2,2,1,6,0,2
331,4,1,1,4,0,2,0,6,2,5,0,0,0,3,2,8,2,2,1,2,5,1,2
422,0,4,1,6,0,4,14,6,4,1,0,0,0,3,3,1,2,2,0,2,5,1,2
451,4,1,1,4,0,4,5,6,4,5,7,0,0,3,2,8,2,2,2,1,5,9,2
911,5,0,1,4,0,3,9,7,0,5,7,0,0,3,2,8,3,3,0,2,5,0,2
956,4,0,1,4,2,1,0,6,2,6,7,0,0,3,2,8,2,2,2,1,6,4,2
969,6,4,1,4,0,2,0,7,2,5,1,0,0,3,2,8,1,2,2,2,6,11,2
1005,5,1,1,4,0,1,4,2,4,5,7,0,0,3,2,8,6,2,3,3,5,13,1
484,3,3,1,4,0,2,0,6,0,5,1,0,0,3,2,8,2,9,3,3,5,3,2
340,4,1,1,4,0,2,8,9,6,5,1,0,3,0,4,8,2,2,3,3,5,16,2
181,3,0,1,4,0,2,10,6,2,5,7,0,0,3,2,8,1,7,0,2,5,9,1
929,4,1,1,4,0,1,0,9,4,5,1,0,3,3,2,8,4,2,3,3,5,9,2
349,3,0,1,1,0,2,0,3,4,7,7,2,3,0,4,0,3,3,2,2,5,1,2
147,0,0,1,4,0,4,5,9,4,5,7,0,0,3,2,8,2,2,0,2,5,3,2
251,5,1,1,4,0,2,7,1,2,5,7,0,0,3,2,8,2,7,3,3,5,3,2
405,1,4,1,4,0,4,7,6,2,6,7,0,3,0,3,8,2,2,1,0,5,12,2
415,4,2,1,4,0,0,14,7,4,5,7,0,3,0,2,6,2,2,1,2,5,9,2
300,6,0,1,0,0,2,7,9,6,5,1,0,0,3,2,1,2,2,2,2,6,10,2
19,5,0,1,1,2,2,5,9,2,5,0,0,0,0,2,8,1,2,2,2,1,1,2
245,0,0,1,4,0,3,8,6,2,5,7,0,0,3,2,8,2,3,1,2,5,0,2
396,2,1,1,4,0,2,10,9,4,5,7,0,0,3,2,8,2,3,3,3,5,3,1
561,2,1,1,4,0,0,14,6,2,5,2,0,3,0,2,6,2,4,0,2,5,10,1
940,4,0,1,1,1,3,10,1,1,5,0,0,0,3,2,6,1,2,2,2,1,10,2
201,0,1,1,4,0,1,7,9,0,5,1,0,3,3,2,8,2,2,3,3,5,5,2
1001,4,0,1,4,0,1,9,6,2,5,0,0,0,3,2,2,2,9,0,2,5,9,1
594,3,4,1,4,0,1,0,2,2,5,7,0,0,0,2,8,2,2,3,3,5,10,2
147,2,0,1,4,2,1,14,7,2,5,1,0,0,3,2,2,1,3,2,1,6,3,0
477,5,3,1,4,0,1,8,6,6,5,7,0,0,0,2,8,2,2,3,3,5,9,2
603,6,0,1,4,2,0,5,6,2,5,1,0,0,3,2,8,2,2,1,2,5,10,2
336,1,0,1,4,0,0,5,7,6,5,7,0,0,3,2,1,3,2,3,3,5,4,2
323,0,2,1,4,0,4,14,6,2,2,1,0,0,3,2,2,1,2,3,3,5,1,2
903,6,3,1,4,2,2,0,6,4,1,7,0,0,3,2,8,2,2,3,3,5,1,2
375,1,0,1,4,0,2,0,7,2,5,1,0,0,3,2,8,2,2,1,2,5,10,2
308,4,0,1,4,0,3,5,9,6,3,0,0,0,3,2,8,1,4,2,1,5,12,2
926,4,1,1,1,0,2,11,9,6,5,1,0,0,3,2,8,2,2,0,2,5,13,2
824,0,1,1,4,0,3,5,6,2,5,0,0,3,0,4,8,2,2,3,3,5,4,2
930,4,1,1,4,0,1,0,7,2,5,0,0,0,3,2,8,2,3,2,2,5,14,2
472,4,4,1,4,0,1,0,9,2,5,3,0,0,0,3,8,1,2,0,2,5,1,2
494,5,0,1,4,2,0,14,9,0,5,7,0,3,3,6,2,2,4,3,3,5,10,2
614,1,0,1,0,0,4,0,9,4,5,1,4,3,0,4,8,2,2,2,2,5,18,2
405,2,4,1,4,0,3,7,1,1,5,7,0,0,3,2,8,2,2,0,2,5,10,2
813,2,1,1,4,0,1,3,7,2,5,1,0,0,0,2,8,2,2,0,2,5,16,2
501,5,0,1,1,0,2,5,9,4,5,0,0,0,0,2,8,2,2,0,2,5,5,2
720,4,0,1,4,0,1,0,6,2,6,1,3,0,0,2,1,2,2,3,3,5,1,2
869,1,0,1,2,0,0,10,7,2,5,1,0,3,0,2,8,2,3,3,3,5,10,2
986,6,1,1,4,0,2,5,9,2,5,0,0,0,3,2,8,3,2,1,2,5,0,1
984,6,1,1,2,0,1,9,7,2,5,7,0,0,3,2,8,2,5,0,2,5,12,2
415,6,3,1,2,2,2,1,7,2,5,0,0,0,3,7,1,2,2,0,2,5,3,2
385,4,4,0,1,0,2,11,5,4,5,5,0,0,3,2,2,2,2,0,2,5,12,2
568,6,1,1,2,2,3,0,2,2,5,1,0,3,0,7,8,2,2,3,3,5,16,2
61,1,1,1,4,0,1,5,9,4,5,7,0,0,3,2,2,2,2,3,3,5,1,2
415,0,3,1,4,0,4,5,12,6,5,1,0,0,3,2,8,2,2,0,2,5,5,2
415,6,1,1,4,0,4,9,9,2,5,0,0,3,0,2,2,2,2,3,3,5,0,2
643,0,0,1,4,2,4,0,6,0,5,0,0,0,3,2,8,2,4,0,2,5,11,2
142,1,1,1,1,0,2,5,6,2,5,3,0,0,3,2,8,2,2,0,2,5,0,1
453,4,0,1,4,0,3,5,6,0,5,1,0,0,3,2,8,3,8,0,2,5,0,2
233,4,1,1,2,0,1,14,9,1,5,0,0,3,3,4,8,2,4,3,3,5,3,1
664,4,0,1,1,0,1,10,7,2,5,1,0,3,0,2,8,4,2,0,2,5,12,2
501,4,4,1,4,0,3,3,6,4,5,1,0,0,3,2,8,2,2,0,2,5,16,2
649,4,1,1,4,0,2,5,6,4,5,1,0,3,0,2,2,2,3,3,3,5,10,2
497,2,1,1,2,0,1,13,6,4,5,7,0,0,2,6,8,2,2,0,2,5,1,2
443,0,4,1,4,0,3,5,6,2,5,1,0,0,3,2,8,2,2,0,2,5,10,2
288,6,4,1,2,0,4,0,6,4,5,7,0,0,3,2,8,1,2,0,2,5,11,2
506,6,0,1,4,2,2,5,7,2,5,1,0,3,0,4,8,2,2,2,2,2,12,2
929,4,1,1,4,0,1,14,7,2,5,1,0,3,3,2,8,1,2,0,2,5,1,1
173,0,0,1,4,0,4,0,12,2,5,7,0,3,1,2,8,2,2,3,3,5,0,2
980,2,1,1,1,2,2,0,7,2,5,7,0,0,3,2,3,2,2,0,2,5,11,2
420,1,1,1,4,0,0,0,7,2,5,7,0,0,3,7,2,2,2,3,3,5,10,2
331,5,1,1,4,0,1,0,9,4,5,1,0,0,3,2,8,3,2,3,3,5,10,2
501,2,0,1,4,0,2,3,7,1,5,1,4,0,3,2,8,1,2,0,2,5,1,2
300,6,1,1,4,0,0,0,6,0,5,1,0,0,3,2,8,1,2,3,3,5,1,2
1023,5,1,1,4,0,2,11,7,4,5,7,0,0,3,2,8,3,7,1,2,5,11,2
38,1,1,1,4,0,0,15,7,2,5,3,2,0,3,2,2,1,7,2,2,6,12,2
471,1,1,1,1,0,4,9,9,2,5,1,0,0,3,2,8,2,4,0,2,5,10,2
743,0,0,1,4,0,3,14,12,2,5,7,0,0,0,2,8,2,0,3,3,5,1,2
481,1,0,1,2,0,1,0,7,4,6,0,0,0,3,2,8,2,2,0,1,5,0,2
1024,3,1,1,6,0,2,5,7,6,5,1,0,0,3,2,2,2,2,3,3,5,10,2
944,5,1,1,4,0,3,8,1,1,5,1,0,0,3,2,8,2,2,0,2,5,9,2
487,6,2,1,2,2,1,0,7,0,6,0,0,0,3,2,1,3,1,3,3,5,10,2
348,2,2,1,4,0,3,5,6,4,5,1,4,0,3,2,2,2,2,3,3,5,10,2
243,3,2,1,1,0,2,10,9,6,5,5,0,0,3,2,8,4,2,0,2,5,9,1
955,6,0,1,0,0,3,5,2,2,3,7,0,0,3,2,8,3,2,2,2,5,3,2
930,1,3,1,1,0,2,0,1,4,5,2,0,3,3,2,8,1,2,0,2,5,16,2
968,6,1,1,2,0,1,9,9,0,5,7,0,0,3,7,8,2,2,2,2,5,10,2
947,0,1,1,4,0,2,0,7,4,5,7,0,0,3,2,8,2,2,0,2,5,0,1
435,4,0,1,4,0,2,5,7,4,5,7,0,0,3,2,8,2,7,2,2,3,2,2
638,2,0,1,2,0,4,7,2,4,5,1,0,3,3,4,8,2,2,3,3,5,12,2
300,3,0,1,2,0,0,0,9,4,5,7,0,0,3,2,6,2,2,3,3,5,12,2
176,3,1,1,1,0,0,4,7,2,5,1,0,0,3,2,8,2,2,3,3,5,3,2
968,6,1,1,4,0,4,0,6,4,5,7,0,0,3,7,8,2,2,1,2,5,10,2
206,4,4,1,4,2,1,5,9,4,1,1,0,0,3,7,8,2,3,3,3,5,10,2
66,4,0,1,4,0,1,0,6,2,5,7,0,0,3,2,2,2,2,3,3,5,12,2
1032,5,2,1,5,0,3,5,7,1,5,1,0,0,3,0,8,2,3,0,2,5,11,2
163,0,4,1,0,0,3,0,7,2,5,7,0,0,3,2,8,3,3,0,2,5,12,2
238,5,3,1,4,0,1,6,12,0,5,1,0,3,3,2,8,1,2,3,3,5,10,1
656,2,4,0,1,0,2,9,9,2,5,1,0,0,0,2,8,3,2,3,3,5,10,2
273,2,1,1,4,0,1,5,9,1,5,7,0,0,0,2,6,2,2,0,2,5,16,2
501,0,0,1,2,0,0,10,4,1,5,0,0,0,3,2,8,3,2,3,3,5,10,2
559,2,4,1,4,0,1,7,9,6,5,1,0,0,0,2,8,3,2,3,3,5,3,2
197,4,4,0,4,0,4,5,4,2,5,7,2,0,3,7,8,2,2,3,3,5,12,2
941,6,1,1,4,0,2,8,7,0,5,1,0,0,3,2,8,1,4,0,2,5,13,2
474,2,4,0,4,0,1,15,9,2,5,0,0,0,0,2,8,3,2,0,2,5,16,2
163,0,4,0,2,0,3,0,9,6,5,1,0,0,3,7,1,2,5,3,3,5,9,2
201,1,0,1,1,0,0,14,7,0,1,7,0,0,3,2,6,2,7,1,2,5,3,2
907,5,0,1,4,0,0,7,9,4,5,0,0,0,3,2,1,2,4,0,2,5,0,2
363,2,4,1,4,2,0,5,6,2,5,1,0,3,3,2,6,2,3,0,2,5,16,2
231,1,2,1,1,0,2,0,7,1,5,7,0,0,3,2,2,2,3,1,1,5,10,2
357,1,0,1,4,0,2,0,7,4,5,7,0,0,3,2,2,2,2,0,2,5,1,2
1,1,4,1,4,0,3,8,6,2,5,7,0,0,0,2,8,2,2,1,2,5,10,2
928,1,1,1,4,0,2,0,6,0,5,7,0,3,3,4,8,2,2,0,2,5,13,2
472,1,3,1,4,0,2,5,7,2,5,1,0,0,3,2,8,3,1,1,2,5,13,2
520,3,1,1,4,0,4,0,7,0,3,1,0,0,3,2,8,2,3,0,2,5,10,2
171,4,1,1,4,0,5,7,6,2,5,0,0,0,3,2,0,2,2,2,2,6,1,2
425,0,0,1,4,0,1,0,9,6,5,7,0,0,3,2,8,2,10,3,3,5,12,2
624,3,2,1,4,0,0,3,1,4,5,1,0,3,0,2,8,2,3,0,2,5,0,2
526,4,4,1,4,0,2,7,5,4,5,0,0,0,0,2,8,2,4,1,2,5,10,2
201,1,1,1,0,0,1,0,0,4,5,1,0,3,3,2,0,2,2,0,2,5,13,2
155,6,1,1,4,0,2,0,1,1,5,7,0,0,3,2,8,1,2,0,2,5,0,2
426,4,3,1,4,0,0,9,6,4,5,7,0,3,0,4,2,2,2,3,3,5,3,2
866,5,1,1,1,2,0,7,6,2,5,0,0,3,0,4,8,2,2,2,2,1,4,2
226,5,3,1,4,0,3,8,1,4,5,2,0,0,3,2,8,2,2,0,2,5,13,2
300,6,3,2,4,0,2,3,7,2,5,1,0,0,3,2,8,2,4,2,2,6,1,2
866,5,1,1,4,0,1,7,7,4,7,0,0,3,0,4,8,2,4,3,3,5,4,2
653,0,4,0,4,0,2,11,7,6,5,1,0,0,0,2,8,4,4,0,2,5,10,2
97,3,3,1,4,0,4,11,6,1,5,1,0,0,0,2,8,2,2,1,2,5,12,2
288,4,0,1,4,0,3,0,9,2,5,7,0,0,3,2,2,3,2,0,2,5,9,2
675,6,4,0,4,0,2,0,1,2,5,1,3,0,0,2,1,2,2,3,3,5,10,2
130,1,0,2,4,0,2,7,1,2,5,7,0,0,3,2,8,3,2,0,2,5,3,2
91,4,1,1,1,0,3,0,9,4,5,1,0,0,3,2,8,1,2,0,2,5,3,2
375,2,0,1,4,2,2,0,6,2,5,1,0,0,3,2,8,2,2,2,1,6,3,2
501,5,4,1,4,0,1,7,6,4,5,1,0,0,3,7,8,2,2,3,3,5,3,2
144,6,1,1,2,2,2,5,9,2,5,0,0,3,3,4,8,2,2,1,2,5,7,2
298,1,1,1,4,0,0,14,7,2,5,0,0,0,3,2,8,3,2,3,3,5,12,2
459,0,4,1,2,0,1,5,7,2,5,5,0,3,0,4,8,2,1,1,2,5,9,2
979,0,0,1,1,0,2,5,6,4,5,1,0,0,3,2,8,2,2,3,3,5,12,2
274,4,2,1,1,0,2,5,6,2,5,7,0,0,3,3,8,2,2,0,2,5,1,2
100,0,1,1,4,0,1,14,1,2,5,1,0,3,3,2,2,4,0,0,1,5,10,1
293,3,0,1,4,0,2,8,7,0,5,7,0,0,3,2,8,2,3,3,3,5,11,2
224,0,1,1,5,2,2,14,7,2,6,3,0,3,3,2,8,2,2,1,2,5,9,1
956,0,4,1,4,0,2,0,4,4,5,3,0,0,3,2,8,1,2,3,3,5,16,2
32,1,0,1,4,0,2,7,7,2,5,0,0,0,0,2,2,2,2,3,3,5,3,2
206,3,4,0,4,0,0,0,9,1,5,7,0,0,3,2,2,2,1,1,2,5,1,2
130,6,2,1,1,0,0,4,6,4,7,0,0,0,3,2,8,2,3,0,2,5,16,2
278,0,1,1,4,0,2,4,2,2,5,1,0,0,3,2,8,3,5,3,3,5,10,2
204,4,4,1,4,0,0,7,9,4,5,1,0,0,3,7,8,2,2,3,3,5,1,2
323,5,1,1,4,2,2,5,6,0,0,0,0,0,3,2,8,2,3,3,3,5,10,2
534,3,1,1,1,0,2,7,7,2,5,1,0,3,3,2,8,2,2,0,2,5,4,2
502,0,1,1,4,0,1,5,0,4,5,1,0,0,0,2,8,2,2,0,2,5,1,1
428,5,0,1,4,0,2,5,9,2,5,7,0,3,2,2,2,3,4,0,2,5,3,2
663,2,4,1,4,0,2,0,9,6,3,0,0,3,0,2,8,2,2,0,2,5,1,2
529,0,4,1,4,0,3,0,7,2,5,1,0,3,3,3,8,1,2,2,2,1,3,2
720,1,0,0,4,0,3,4,6,1,5,7,0,3,0,4,0,2,2,3,3,5,10,1
324,4,1,1,4,0,2,4,2,2,5,1,0,0,3,2,8,1,2,3,3,5,10,2
352,2,2,1,4,0,2,11,9,2,5,1,2,0,3,2,6,2,2,0,2,5,14,2
637,5,4,1,4,0,5,14,7,2,5,0,0,0,0,2,8,2,2,3,3,5,10,2
599,0,4,0,4,0,2,5,12,2,5,1,0,0,3,2,8,1,7,1,2,5,1,1
7,3,0,1,4,0,1,0,9,0,5,1,0,3,0,5,1,2,7,0,2,5,12,2
247,0,0,1,2,0,3,0,2,4,5,7,0,3,3,4,8,1,2,3,3,5,3,2
520,3,1,1,4,0,3,0,6,2,7,1,0,0,3,2,8,2,2,2,2,5,10,2
526,4,0,1,1,0,4,7,5,2,5,0,0,0,0,2,8,2,2,0,2,5,10,2
940,6,0,1,4,0,4,10,6,2,5,1,0,0,3,2,8,2,7,3,3,5,5,2
289,5,0,1,4,0,2,9,6,2,6,7,0,0,3,2,8,2,7,0,2,5,10,2
63,1,1,1,4,0,1,5,9,6,5,1,0,0,3,2,8,2,2,1,2,5,12,2
259,2,0,1,4,0,1,5,7,2,5,1,0,0,3,2,8,2,2,1,2,5,3,2
453,3,3,1,1,2,4,5,7,2,5,0,0,0,3,2,8,4,4,2,2,5,0,2
187,6,0,1,1,1,3,3,7,4,5,7,0,0,3,2,8,2,1,0,1,5,0,2
429,5,4,0,4,0,4,8,6,2,5,0,0,0,3,2,8,1,0,1,2,5,13,2
956,6,1,1,6,0,2,3,4,0,5,0,0,0,3,2,8,3,2,3,3,5,12,2
126,6,2,1,4,0,3,0,7,4,5,7,0,0,3,2,8,1,2,1,2,5,9,0
337,4,1,1,4,0,4,0,5,4,5,7,0,0,3,2,8,2,2,0,2,5,5,1
947,0,0,1,1,0,3,14,2,2,5,7,0,0,3,0,2,1,2,3,3,5,3,1