Time,Day_of_week,Age_band_of_driver,Sex_of_driver,Educational_level,Vehicle_driver_relation,Driving_experience,Type_of_vehicle,Area_accident_occured,Lanes_or_Medians,Road_allignment,Types_of_Junction,Road_surface_type,Road_surface_conditions,Light_conditions,Weather_conditions,Type_of_collision,Number_of_vehicles_involved,Vehicle_movement,Casualty_class,Casualty_severity,Pedestrian_movement,Cause_of_accident,Accident_severity
964,5,0,1,4,0,2,5,5,4,5,7,3,0,3,2,8,2,0,2,2,6,5,2
907,5,1,1,4,0,0,0,2,4,5,7,0,3,3,2,8,2,2,0,2,5,9,2
472,6,4,1,4,0,2,0,7,1,3,7,2,0,3,7,8,2,2,3,3,5,9,2
424,4,0,1,4,0,2,8,6,4,5,1,3,0,3,2,8,3,2,2,1,1,3,2
349,0,0,1,4,0,1,5,12,6,3,0,0,3,3,4,8,2,2,0,2,5,0,2
170,3,2,1,4,0,4,8,7,0,5,5,0,0,3,2,2,2,2,3,3,5,12,1
497,2,1,1,0,2,0,5,9,2,5,1,0,0,0,2,8,2,2,0,2,5,3,2
501,0,0,1,2,0,3,7,7,2,5,7,0,3,3,4,8,2,7,3,3,5,2,1
440,5,0,1,4,0,2,10,9,4,5,0,0,0,3,2,1,2,3,3,3,5,1,2
251,6,1,1,4,0,2,10,6,4,5,7,0,0,3,2,8,2,2,0,2,5,17,2
475,5,1,1,4,0,2,16,9,2,5,1,0,0,3,2,8,3,9,3,3,5,9,1
926,1,1,1,4,0,4,7,7,2,5,7,0,0,3,2,8,2,2,2,1,5,3,2
831,6,1,1,4,0,0,5,6,0,6,7,0,0,3,2,2,2,2,3,3,5,1,2
472,5,1,1,4,2,3,0,6,0,5,2,0,0,0,2,1,2,2,3,3,5,0,2
490,2,1,1,1,0,0,0,1,6,5,7,0,0,3,2,2,2,2,0,2,5,3,2
463,0,4,1,1,0,1,7,7,2,5,0,0,3,3,3,8,2,2,3,3,5,5,2
415,1,0,1,4,0,3,7,9,6,5,7,0,3,0,8,8,2,2,0,2,5,10,2
56,2,1,1,1,2,1,5,7,6,5,1,0,0,3,2,8,2,2,3,3,5,17,2
435,0,0,1,1,0,1,7,7,2,5,1,0,0,3,2,8,2,3,2,2,5,0,1
292,0,4,1,4,0,1,5,1,2,5,7,0,0,3,2,8,2,4,0,2,5,16,2
50,4,2,1,4,0,0,4,6,4,5,3,0,0,3,2,8,2,3,3,3,5,17,2
535,5,0,1,4,0,1,5,7,2,5,7,0,0,3,2,8,2,9,0,2,5,9,1
362,0,2,1,1,0,3,9,1,6,5,7,0,0,3,2,8,2,2,2,2,7,9,2
415,4,1,1,2,2,1,5,12,2,5,7,0,0,0,2,8,2,4,2,2,1,16,0
415,5,1,1,4,2,2,14,7,6,5,7,0,0,3,2,8,2,7,0,2,5,0,1
506,0,1,1,4,0,2,8,7,2,5,7,0,3,0,4,8,3,3,3,3,5,9,2
863,0,0,1,2,2,2,7,4,4,5,1,0,3,0,2,2,3,2,0,2,5,12,2
463,1,0,1,4,0,2,0,7,6,5,7,0,3,0,4,8,2,2,0,2,5,9,2
274,2,0,1,1,0,4,7,2,6,3,0,0,3,3,2,1,2,2,2,2,5,13,2
355,4,2,1,4,0,4,7,6,4,5,7,0,0,3,2,8,2,2,3,3,5,1,2
720,1,0,1,4,0,1,5,7,2,5,7,0,3,0,4,8,2,0,0,2,5,12,2
968,6,1,1,4,0,3,7,6,2,5,7,0,0,3,7,8,2,2,0,2,5,13,2
177,1,0,1,4,0,4,5,9,2,5,7,0,0,3,0,8,2,2,3,3,5,10,1
338,4,1,1,4,0,2,3,4,4,5,7,0,0,3,2,8,3,2,0,2,5,16,2
111,2,2,1,4,0,1,12,6,4,5,7,0,0,3,2,8,2,2,0,2,5,13,2
971,6,0,1,4,0,1,15,5,4,7,7,0,3,3,4,8,1,4,2,2,5,10,2
859,0,0,1,1,0,3,14,6,6,5,7,0,0,3,2,8,2,2,2,1,6,17,2
399,6,1,1,1,2,2,11,12,2,5,3,0,0,3,2,2,2,2,3,3,5,10,2
842,6,1,1,4,0,3,0,7,4,5,1,0,3,0,4,2,2,1,0,2,5,12,2
336,4,3,1,4,0,3,5,7,4,5,7,0,0,3,2,8,2,2,3,3,5,0,1
263,5,1,1,0,0,2,1,7,0,5,7,0,0,3,2,8,2,4,3,3,5,10,2
94,0,2,1,4,2,1,0,7,1,5,3,0,0,3,2,8,1,2,3,3,5,10,1
574,0,1,1,4,2,2,0,7,2,5,7,4,0,0,2,2,2,2,1,2,5,3,2
139,2,2,1,4,2,2,0,7,4,5,2,0,0,3,7,0,2,3,3,3,5,11,2
893,0,0,1,4,0,3,3,6,4,5,0,3,0,3,2,8,2,9,3,3,5,10,2
506,1,4,1,1,0,4,0,7,0,5,7,0,0,0,2,8,1,2,1,2,5,0,2
979,4,1,1,4,0,1,4,9,2,5,0,0,0,3,2,8,2,2,3,3,5,11,2
435,0,4,1,6,2,2,7,7,2,5,7,0,0,0,7,8,2,3,2,2,0,13,2
440,2,2,1,4,0,2,5,7,1,3,0,0,3,0,4,2,2,2,3,3,5,12,2
298,0,1,2,4,0,4,14,6,4,5,1,0,3,3,2,8,2,2,0,2,5,10,2
847,0,4,1,1,2,2,0,7,2,5,0,0,3,0,4,2,2,2,3,3,5,1,2
375,5,0,1,4,2,1,15,2,2,5,1,0,3,3,4,1,2,2,1,2,5,3,2
299,6,2,1,1,0,3,0,6,2,5,7,3,3,3,4,8,1,2,2,2,2,16,1
144,5,1,1,4,0,1,10,9,1,3,1,0,0,3,2,8,2,2,1,2,5,12,2
32,1,1,1,2,0,3,0,6,2,1,0,0,0,0,2,8,2,2,0,2,5,0,2
235,2,2,1,4,0,3,5,6,6,5,1,0,3,3,2,8,3,2,3,3,5,0,2
753,2,1,1,0,0,4,0,7,2,5,1,0,3,0,4,8,3,2,2,1,1,9,2
348,0,1,1,4,0,2,0,7,2,6,7,0,0,3,2,8,2,2,0,2,5,13,2
875,6,2,1,4,0,2,0,6,2,2,0,0,0,0,4,8,2,7,0,2,5,13,2
194,5,0,1,4,0,1,0,6,2,5,1,0,0,3,2,8,2,2,3,3,5,3,2
38,3,0,1,4,0,2,0,6,6,5,1,0,0,3,2,8,3,1,3,3,5,11,2
435,0,0,1,4,0,2,0,9,4,5,7,0,0,3,2,2,2,2,0,2,5,10,2
599,4,0,1,1,0,1,5,9,1,5,2,0,0,0,2,1,2,2,3,3,5,10,2
559,2,2,1,4,2,2,5,6,3,5,1,0,0,0,2,6,3,3,0,2,5,1,2
430,0,1,1,2,0,1,3,6,6,5,0,0,0,3,2,1,2,4,1,2,5,1,1
440,2,0,1,4,2,1,5,9,6,5,7,0,3,0,2,8,2,2,0,2,5,1,1
124,6,1,1,4,0,3,9,9,6,5,1,0,0,3,2,8,2,2,0,2,5,3,1
497,6,1,1,1,0,2,0,4,4,5,0,0,3,0,4,8,2,2,1,2,5,16,2
520,4,1,1,4,0,0,5,6,4,5,0,0,0,0,2,1,1,2,3,3,5,10,2
682,5,1,1,1,0,2,0,6,6,5,0,0,0,0,2,8,3,2,3,3,5,4,2
348,2,0,1,4,0,2,0,2,2,5,1,0,0,3,2,8,2,2,2,2,6,3,2
220,0,1,1,1,2,2,6,6,2,5,1,0,0,3,2,8,2,3,0,2,5,10,2
19,6,3,1,4,0,2,4,7,2,8,7,0,3,0,4,1,2,2,3,3,5,3,2
445,5,1,1,4,0,3,7,6,2,5,1,0,0,3,2,2,2,7,2,2,6,10,2
80,5,2,1,4,0,1,5,9,6,5,7,0,0,3,2,8,1,7,3,3,5,17,1
477,6,4,1,4,0,0,0,2,4,5,0,0,0,0,2,2,1,2,0,2,5,12,2
940,6,0,1,4,0,1,8,7,2,5,1,0,3,3,2,2,3,3,3,3,5,11,1
482,3,1,1,1,0,1,0,9,2,5,1,0,3,3,4,8,2,4,0,2,5,0,2
1005,5,0,1,4,0,2,4,9,0,5,7,0,0,3,2,8,6,2,3,3,5,13,1
866,5,1,1,4,2,0,7,2,3,5,0,0,3,0,2,2,2,2,0,1,5,1,2
863,0,1,1,4,0,4,8,6,6,5,1,0,3,0,2,8,3,2,0,2,5,2,2
355,4,0,1,4,0,2,7,2,6,5,3,0,0,3,2,8,2,2,1,2,5,13,2
244,6,0,1,1,0,2,7,6,4,7,7,0,3,0,4,2,1,2,3,3,5,3,2
242,6,0,1,4,0,1,7,1,2,5,4,0,0,3,7,1,2,2,0,2,5,15,1
716,3,0,1,5,2,2,0,9,2,5,1,0,0,0,2,8,3,11,0,2,5,10,2
163,0,1,1,4,0,3,7,9,6,5,7,0,0,3,2,8,2,2,0,2,5,10,2
964,5,0,1,1,0,1,0,7,4,5,1,0,3,3,2,8,2,2,2,2,5,5,2
68,5,1,1,2,2,3,7,7,1,5,7,0,0,3,2,8,2,2,3,3,5,9,2
516,4,1,1,4,0,1,0,7,2,5,1,0,0,3,2,8,4,2,2,2,5,5,2
708,3,1,1,4,2,3,0,6,4,5,1,1,3,0,4,8,2,4,3,3,5,0,2
928,1,0,1,4,0,2,10,4,0,5,1,0,3,3,4,2,2,3,0,2,5,3,2
930,5,0,1,4,0,1,7,9,2,5,7,0,0,3,2,8,2,5,3,3,5,15,2
405,5,1,1,4,0,1,10,3,6,3,0,0,3,0,2,8,2,2,0,2,5,12,2
860,0,2,1,1,0,0,9,7,6,5,7,0,0,3,2,8,2,12,2,2,5,11,2
492,3,4,0,1,2,1,5,12,6,5,7,0,3,3,4,1,2,0,3,3,5,0,2
380,2,0,1,1,0,0,0,6,4,5,1,0,0,3,2,1,2,2,2,1,5,11,2
463,0,1,1,4,0,1,10,7,4,5,3,0,0,3,2,8,2,2,0,2,5,0,2
444,6,0,1,4,0,1,0,9,6,5,1,0,0,3,2,8,2,2,1,2,5,4,2
467,6,3,1,4,0,1,3,2,2,5,7,0,0,3,2,2,3,2,2,2,5,0,2
999,5,2,1,1,0,3,7,2,2,5,7,2,0,3,2,2,2,4,0,2,5,0,1
620,0,4,0,1,0,2,3,6,1,6,7,0,0,3,2,8,2,2,1,2,5,1,2
313,1,1,1,2,0,2,10,7,6,5,7,0,0,3,2,1,2,2,0,2,5,3,2
727,4,0,1,4,0,1,0,6,4,5,1,0,0,0,2,8,2,0,3,3,5,1,2
474,5,1,1,4,2,4,5,7,2,5,7,2,0,3,2,8,1,2,2,1,5,16,2
54,3,1,1,6,0,4,4,9,1,5,7,0,0,3,2,8,2,2,0,2,5,15,2
49,0,4,1,4,0,1,5,7,2,5,0,0,0,3,2,8,3,2,3,3,5,0,2
701,3,0,1,0,0,3,0,6,0,5,1,0,0,0,2,8,4,2,2,1,5,10,2
426,0,0,1,4,0,1,0,4,1,5,7,0,0,3,2,1,2,2,2,2,5,12,2
531,5,1,1,4,0,1,11,2,4,5,1,0,0,0,2,8,1,1,1,2,5,0,2
520,6,3,1,1,0,2,6,9,6,5,1,0,0,3,2,8,3,4,0,2,5,3,1
298,1,1,1,4,0,0,14,6,4,5,0,0,0,3,2,8,3,2,1,2,5,0,2
463,2,0,1,4,0,1,3,2,2,5,1,0,0,3,2,8,3,2,0,2,5,11,2
908,4,1,1,4,2,2,0,6,6,5,7,0,0,3,2,8,2,3,3,3,5,10,1
467,6,3,1,1,0,3,4,7,2,5,7,0,0,3,2,8,3,2,0,1,5,0,2
701,0,0,1,4,0,2,13,6,2,5,7,0,0,0,2,8,2,3,3,3,5,11,2
310,3,1,1,4,0,2,14,6,6,7,7,0,0,3,2,2,2,2,0,2,5,1,2
521,4,0,1,0,0,3,0,6,2,5,3,0,0,0,2,8,2,2,0,2,5,1,2
743,3,2,1,2,2,0,7,9,2,5,0,0,0,0,2,8,3,2,2,2,6,10,2
400,4,0,1,4,2,2,14,7,4,5,7,0,0,3,2,1,1,2,3,3,5,1,2
470,0,1,1,1,1,2,0,2,6,5,1,0,0,3,2,8,1,2,0,2,5,5,2
441,0,3,1,1,0,2,0,7,6,3,1,0,0,3,2,8,2,7,3,3,5,10,2
546,4,1,1,4,0,2,5,2,4,5,7,0,3,0,2,8,2,2,3,3,5,12,2
340,1,0,1,4,0,0,10,7,2,5,1,0,0,3,2,4,2,7,0,1,5,12,2
0,2,0,1,4,0,2,5,2,4,2,0,0,0,0,2,8,3,2,3,3,5,9,2
469,5,4,1,4,0,3,16,7,2,5,1,0,0,3,2,8,2,1,1,2,5,9,2
315,5,3,1,4,0,3,11,7,2,5,0,0,0,3,2,0,2,2,3,3,5,0,2
143,5,0,1,4,0,0,5,6,6,5,7,0,0,3,2,8,2,4,3,3,5,9,2
270,3,3,1,4,2,4,9,6,0,5,1,0,0,3,2,8,3,9,2,2,3,10,2
930,0,0,1,4,0,1,4,6,2,5,7,0,0,3,2,8,2,2,0,2,5,12,2
695,5,0,1,4,0,4,5,9,4,5,1,0,0,0,2,8,3,2,3,3,5,12,2
869,4,1,1,4,0,1,11,6,4,5,7,0,0,3,2,8,2,9,3,3,5,5,2
440,2,4,0,1,0,2,0,6,2,2,7,0,0,0,2,8,3,2,3,3,5,3,1
233,6,0,1,4,0,1,7,7,4,5,1,0,0,3,2,8,1,2,3,3,5,11,1
258,6,1,1,1,0,1,7,1,6,5,0,0,0,3,2,8,2,2,0,2,5,10,2
607,0,1,1,4,2,2,0,7,2,8,7,0,0,3,2,2,3,2,0,2,5,0,2
66,6,3,1,4,0,3,0,9,4,5,1,0,3,3,2,8,2,2,0,2,5,3,1
641,5,0,1,4,0,2,5,9,2,5,7,0,3,0,8,8,1,2,3,3,5,3,1
264,0,0,1,2,0,3,0,7,2,5,7,0,0,3,2,8,1,2,3,3,5,0,2
634,4,1,1,4,0,2,5,9,6,5,0,0,0,3,2,2,4,1,1,2,5,12,2
439,1,1,1,4,0,1,10,2,4,5,7,0,0,3,2,8,2,7,0,2,5,0,2
163,3,0,1,4,0,1,5,7,4,5,7,0,0,3,2,8,4,4,0,2,5,1,2
293,3,1,1,2,0,3,0,6,2,1,7,0,0,3,2,8,2,2,0,2,5,1,2
878,3,4,1,2,0,0,0,7,4,5,1,0,3,3,4,8,2,5,0,2,5,3,2
243,3,1,1,1,0,0,4,9,6,5,5,0,0,3,2,8,4,2,1,2,5,17,1
100,0,2,1,4,0,3,0,12,0,5,7,0,0,3,2,8,2,2,0,2,5,10,2
150,1,0,1,4,0,4,9,7,2,5,7,0,3,3,2,8,2,2,3,3,5,3,2
458,5,4,0,4,0,1,0,9,6,5,0,0,0,0,2,8,2,2,3,3,5,0,2
435,5,0,1,0,0,2,0,7,2,5,1,0,0,3,2,8,1,2,0,1,5,0,1
491,4,0,1,4,0,2,9,6,2,5,1,0,0,3,2,8,2,2,0,2,5,3,2
201,4,0,1,4,2,1,5,6,6,5,1,0,0,3,2,8,2,4,3,3,5,3,2
323,4,1,1,4,0,2,5,2,4,5,1,0,0,3,2,8,2,4,0,2,5,10,2
430,0,3,1,4,0,1,4,9,4,5,1,0,0,3,2,2,3,2,3,3,5,1,2
837,5,0,1,4,0,0,5,2,2,5,7,0,0,0,2,1,2,9,1,2,5,10,2
606,4,0,1,4,0,2,14,7,6,5,1,0,0,3,2,8,3,2,0,2,5,9,1
231,1,1,1,4,0,2,5,6,4,5,7,0,3,3,4,2,3,2,0,2,5,1,2
139,2,0,1,2,2,0,0,6,4,5,1,0,3,3,2,1,2,2,0,2,5,10,2
420,5,0,1,4,2,2,0,6,2,5,3,2,0,3,7,1,2,2,0,2,5,9,2
255,1,1,1,4,0,1,5,2,4,5,7,0,3,3,2,8,2,3,3,3,5,3,2
89,4,0,1,1,2,1,5,7,2,5,1,0,3,3,4,8,1,2,3,3,5,0,2
695,1,0,1,1,2,2,8,6,2,5,7,2,0,0,2,8,2,2,3,3,5,10,2
755,4,4,0,4,0,1,5,6,4,7,1,0,0,0,2,8,1,2,2,2,6,9,0
964,1,4,1,4,0,0,4,3,6,3,1,0,3,3,2,8,1,2,1,2,5,9,2
992,0,2,1,2,0,4,5,6,2,7,7,0,0,3,2,8,2,2,1,2,5,11,1
430,1,0,1,4,0,1,0,3,4,7,7,0,0,3,2,8,2,2,3,3,5,3,2
242,3,3,1,4,0,3,0,9,4,5,7,0,0,3,2,3,2,2,1,2,5,0,2
567,6,0,1,1,0,2,5,9,4,5,7,0,3,0,2,8,2,2,3,3,5,1,2
157,2,1,1,4,2,3,0,2,6,5,3,0,0,3,2,5,2,2,3,3,5,1,2
1010,1,2,1,4,0,3,5,6,6,7,0,0,0,3,2,1,1,4,3,3,5,10,1
206,0,0,1,1,0,3,5,9,4,5,0,0,3,3,2,2,2,2,0,2,5,10,2
511,1,1,1,1,2,4,9,7,2,5,7,0,0,0,2,6,1,2,3,3,5,0,2
448,0,0,1,4,0,2,9,2,4,5,1,0,0,3,2,8,2,2,3,3,5,11,2
430,2,1,1,4,0,1,5,2,4,5,1,0,3,3,2,8,1,2,3,3,5,1,2
1019,4,4,0,4,0,4,6,6,4,5,4,0,0,3,2,8,2,4,0,2,5,10,2
336,5,1,1,4,0,0,0,6,6,5,7,0,3,3,4,8,1,9,3,3,5,12,2
414,2,1,1,4,0,0,10,7,4,7,7,0,3,3,4,8,2,2,3,3,5,5,2
370,5,1,1,4,2,3,7,4,4,5,7,0,0,3,2,8,2,2,0,2,5,10,2
555,1,1,1,1,0,4,0,9,2,5,0,0,3,2,2,8,2,2,3,3,5,3,2
315,4,1,1,1,0,5,11,6,2,5,7,0,0,3,2,8,3,2,1,2,5,9,2
337,2,1,1,1,0,0,8,7,2,5,0,0,0,3,2,8,2,7,2,2,5,3,2
1016,2,0,1,4,0,1,0,6,2,5,7,0,0,3,2,8,2,2,2,2,5,1,2
497,6,0,1,4,1,5,0,6,1,5,7,2,0,3,2,8,2,2,3,3,5,10,2
476,4,1,1,2,0,3,9,7,2,5,5,0,0,3,2,2,2,0,2,2,5,9,2
997,0,1,1,4,0,4,5,7,4,5,1,0,0,3,2,8,2,2,2,2,5,4,2
258,5,2,1,4,0,0,0,6,4,5,7,0,0,3,2,2,2,7,0,2,5,3,2
192,2,1,1,4,0,0,10,9,2,5,7,0,3,3,2,8,3,2,1,2,5,3,2
847,0,1,1,1,0,1,15,7,0,6,0,0,3,0,4,8,2,2,3,3,5,13,2
54,5,4,1,4,0,4,14,6,0,5,1,0,0,3,2,0,2,2,2,2,5,10,2
564,0,3,1,4,0,2,4,5,4,5,7,0,0,3,2,8,2,2,0,2,5,16,2
380,2,0,1,4,0,1,10,7,0,5,7,0,0,3,2,8,2,2,3,3,5,10,2
1023,0,2,1,4,0,4,6,6,3,5,7,0,3,3,4,8,2,2,1,2,5,0,2
695,6,1,1,4,0,0,0,9,2,5,0,0,3,0,4,8,2,2,0,2,5,16,2
520,3,1,1,1,0,2,0,6,4,6,1,0,0,3,2,8,2,1,3,3,5,11,2
242,5,4,1,1,0,1,12,6,4,5,1,0,0,3,2,8,2,7,0,2,5,10,2
806,0,0,1,6,0,4,6,7,2,5,7,0,3,0,4,8,1,2,0,2,5,12,2
130,1,0,1,4,0,3,11,1,4,5,7,0,0,3,2,2,3,3,0,2,5,0,2
145,0,0,1,4,2,0,0,12,4,5,7,0,0,3,2,2,3,11,0,2,5,1,2
472,6,1,1,1,0,3,8,9,2,5,7,0,0,3,7,8,2,1,0,2,5,9,2
145,0,2,1,4,0,3,11,6,4,1,7,0,0,3,2,8,3,2,0,2,5,9,2
692,1,4,0,4,0,2,0,6,1,5,7,0,0,2,0,8,2,2,3,3,5,4,2
511,4,1,1,4,0,3,0,2,4,5,7,0,3,0,2,8,4,2,3,3,5,3,2
492,2,4,2,4,0,1,0,9,6,5,7,0,0,3,2,8,2,2,3,3,5,10,2
791,0,1,1,4,0,0,0,6,6,6,1,0,0,0,2,8,2,2,1,2,5,11,1
856,2,0,1,0,0,0,7,4,2,5,0,0,0,0,2,8,2,2,2,2,1,16,2
404,0,3,1,1,0,1,8,6,2,6,1,0,0,3,2,6,2,11,3,3,5,1,2
946,0,2,1,2,0,3,14,2,2,3,7,0,0,3,2,8,2,2,0,2,5,0,2
323,6,4,1,4,0,2,10,6,2,5,7,0,0,3,2,8,1,2,3,3,5,0,2
274,3,1,1,4,0,1,14,2,2,5,7,3,3,3,2,2,2,4,0,2,5,9,2
339,5,3,1,2,0,0,11,9,6,5,1,0,0,3,2,2,2,7,0,2,5,1,2
97,5,0,1,4,0,3,11,6,4,5,7,0,0,3,2,8,2,2,0,2,5,13,2
695,6,1,1,1,0,3,5,5,2,7,0,0,0,3,2,8,2,2,2,2,1,10,2
287,5,1,1,4,0,4,0,7,1,5,7,0,0,3,2,8,2,2,3,3,5,7,2
238,5,3,1,4,0,1,7,7,2,5,5,0,0,0,2,8,2,2,0,2,5,1,2
705,0,1,1,4,0,0,0,9,1,5,1,0,0,0,2,8,2,2,2,2,1,3,2
463,2,0,1,4,0,2,5,7,2,5,1,0,0,3,2,8,2,2,3,3,5,1,2
515,3,1,1,4,0,2,5,7,6,5,7,0,0,3,2,2,3,7,3,3,5,12,2
426,4,0,1,2,0,1,5,6,4,5,1,0,0,3,2,2,6,2,0,2,5,4,2
255,4,3,1,4,0,4,7,9,6,5,1,0,0,3,2,8,4,2,1,2,5,3,2
520,4,0,1,4,0,2,3,2,3,5,1,0,0,1,2,8,2,2,3,3,5,9,2
229,1,1,1,4,2,2,5,7,2,5,7,0,0,3,7,8,2,4,0,2,5,12,2
71,5,2,1,4,2,0,0,6,4,5,7,1,0,3,2,8,2,4,3,3,5,5,2
419,0,0,1,1,0,2,9,3,2,5,3,0,0,3,2,8,3,2,0,2,5,12,2
649,2,1,1,2,0,3,9,2,4,5,1,0,0,0,7,8,2,2,0,2,5,1,2
351,4,0,1,2,0,3,7,7,6,5,7,0,0,3,2,8,2,2,2,2,5,10,2
586,1,4,1,4,0,3,15,9,4,5,7,0,0,0,2,8,3,2,3,3,5,1,2
425,0,0,1,4,0,0,0,9,4,5,7,0,0,3,2,3,2,10,1,2,5,9,1
420,5,0,1,4,0,2,13,6,0,5,7,0,0,3,2,1,2,2,3,3,5,10,2
323,5,1,1,2,0,1,3,6,6,5,0,0,0,3,2,2,2,4,3,3,5,7,2
698,3,4,0,2,0,3,4,9,2,5,7,0,0,0,2,0,2,7,3,3,5,9,2
559,1,4,1,4,0,0,7,3,4,5,1,0,0,0,2,8,2,4,0,2,5,10,2
728,0,0,1,1,0,4,14,6,2,5,7,0,3,0,4,8,2,2,0,2,5,0,2
815,2,4,0,0,0,2,5,7,6,5,7,0,0,0,2,8,2,2,3,3,5,0,2
365,6,0,1,2,0,3,11,7,0,5,5,2,3,0,2,8,1,2,0,2,5,15,2
269,1,0,1,2,0,3,0,4,1,5,0,0,0,3,2,2,2,2,3,3,5,0,2
433,4,0,1,4,0,1,5,7,6,5,1,0,0,3,2,8,2,2,3,3,5,0,2
1019,6,2,1,2,2,1,0,9,0,5,0,0,0,3,2,2,2,3,2,2,5,3,2
450,5,4,0,4,0,4,5,7,2,5,1,0,0,3,2,1,3,2,3,3,5,10,2
633,6,0,1,4,2,1,5,9,4,5,0,0,0,3,2,8,2,2,2,2,5,5,0
689,3,0,1,5,0,2,5,2,4,5,1,0,0,0,2,2,1,9,2,2,5,12,2
385,3,1,1,4,0,1,0,9,6,5,1,0,0,3,2,0,1,7,3,3,5,10,2
357,5,4,1,2,0,0,5,7,4,5,7,0,0,3,2,8,2,2,3,3,5,1,1
323,0,1,1,4,2,2,7,7,2,5,7,0,0,3,2,1,3,1,3,3,5,10,1
991,6,1,1,1,0,2,0,6,4,5,1,0,0,3,2,6,4,3,1,2,5,17,2
187,6,1,1,4,0,3,16,9,4,5,7,0,0,3,2,8,2,2,3,3,5,3,2
841,5,3,1,4,0,2,9,7,1,3,0,0,3,3,2,2,2,2,0,2,5,3,2
979,0,1,1,4,0,2,4,6,2,5,1,0,0,3,2,8,3,9,0,2,5,10,2
984,5,1,1,4,0,0,5,6,4,5,7,0,3,3,4,8,2,2,1,2,5,10,2
455,2,1,1,4,0,3,8,7,2,5,5,0,0,0,2,2,3,2,1,2,5,13,2
331,1,0,1,4,0,2,0,7,1,5,7,0,3,0,2,2,2,4,0,2,5,13,2
7,2,2,1,1,2,3,8,7,4,5,1,0,0,0,2,2,3,1,0,2,5,1,1
534,3,4,0,4,0,2,5,6,0,5,0,0,0,0,2,8,2,2,0,2,5,1,2
882,4,0,1,1,0,2,4,7,2,5,1,0,3,0,2,8,1,2,3,3,5,3,1
804,3,1,1,4,0,1,8,6,0,5,0,0,0,0,2,8,2,4,2,2,6,1,2
450,5,4,0,4,0,0,5,7,1,5,7,0,3,0,4,8,1,2,0,2,5,0,1
546,2,0,1,4,0,4,0,4,4,5,1,0,0,3,2,8,3,2,3,3,5,12,2
588,5,4,1,0,0,3,12,6,4,5,3,2,0,0,2,8,1,4,2,1,6,12,2
367,0,1,1,1,0,4,14,7,2,5,1,0,0,3,2,8,1,2,3,3,5,10,2
547,4,1,1,0,0,3,5,2,2,5,0,4,0,0,2,8,2,2,0,2,5,3,2
103,4,2,1,4,0,1,14,7,4,5,1,0,0,3,2,8,2,2,3,3,5,1,2
91,4,1,1,4,2,1,0,3,2,5,1,0,0,3,2,0,1,3,2,2,0,1,2
400,0,1,1,1,2,3,14,6,2,5,1,0,0,3,2,2,3,3,0,2,5,0,2
185,3,1,1,6,0,2,6,12,2,5,7,0,3,0,2,1,2,2,0,2,5,0,2
385,5,0,1,1,0,4,0,7,2,5,0,0,0,3,2,8,2,2,1,2,5,12,2
999,2,2,1,2,0,1,0,7,4,5,0,0,0,3,2,2,2,3,0,1,5,9,2
1006,0,1,2,4,0,2,5,7,4,5,1,0,3,3,2,8,2,2,3,3,5,18,1
501,5,1,1,4,0,3,0,7,0,1,7,0,0,3,2,8,2,4,0,2,5,7,1
415,4,3,1,1,2,3,10,9,4,5,3,0,3,0,3,2,2,2,3,3,5,10,2
49,4,1,1,4,0,2,9,6,1,5,0,2,0,3,2,2,2,2,2,2,5,3,2
671,3,4,0,4,0,0,5,2,2,5,1,0,0,0,2,8,2,2,3,3,5,1,1
692,0,0,1,4,0,2,5,5,4,5,7,0,3,0,4,8,2,4,2,1,0,3,1
840,0,0,1,4,0,4,5,6,1,5,7,0,0,3,2,8,2,3,0,2,5,17,1
472,6,4,1,4,0,0,9,7,4,5,5,0,0,3,2,2,2,2,2,2,5,12,2
497,3,0,1,1,0,0,4,7,4,5,7,1,0,0,2,2,1,3,3,3,5,1,2
661,6,0,1,0,2,0,0,6,4,5,1,0,0,0,2,8,2,2,0,2,5,10,2
708,3,0,1,4,2,2,9,0,6,3,0,0,0,0,2,8,2,2,1,2,5,9,2
440,6,0,1,4,0,4,0,2,2,5,1,0,3,0,4,2,2,2,3,3,5,13,2
477,6,0,1,4,0,1,5,6,5,5,0,0,0,3,2,6,2,2,0,2,5,17,2
753,6,0,1,2,0,4,0,7,2,5,7,0,0,0,2,8,1,3,3,3,5,12,2
192,5,0,1,4,0,0,10,6,4,5,0,0,0,3,2,8,3,2,0,2,5,0,2