Time,Day_of_week,Age_band_of_driver,Sex_of_driver,Educational_level,Vehicle_driver_relation,Driving_experience,Type_of_vehicle,Area_accident_occured,Lanes_or_Medians,Road_allignment,Types_of_Junction,Road_surface_type,Road_surface_conditions,Light_conditions,Weather_conditions,Type_of_collision,Number_of_vehicles_involved,Vehicle_movement,Casualty_class,Casualty_severity,Pedestrian_movement,Cause_of_accident,Accident_severity
52,3,4,1,4,0,1,5,7,4,5,1,0,0,3,2,1,2,2,3,3,5,0,2
300,6,0,1,4,0,1,4,9,2,5,1,0,0,3,2,8,2,2,2,2,1,0,2
324,1,2,1,4,0,1,0,7,4,5,7,0,3,3,4,8,2,2,1,1,5,10,2
253,6,0,1,4,0,4,3,6,4,5,1,0,0,3,2,2,2,3,0,2,5,0,2
706,2,1,1,4,0,0,14,6,4,5,7,0,3,0,2,8,2,9,1,2,5,1,2
348,1,0,1,4,0,1,5,7,2,6,1,4,0,3,2,2,2,9,0,2,5,10,1
204,0,4,0,4,0,0,0,7,1,5,1,0,0,3,2,2,2,3,0,1,5,4,2
163,4,1,1,4,0,1,7,7,0,5,1,0,0,3,2,2,2,2,0,2,5,0,1
357,1,1,1,4,2,2,5,7,2,5,5,0,3,1,2,8,2,10,3,3,5,9,2
520,6,1,1,1,1,2,7,6,3,5,1,0,0,3,2,8,3,2,0,2,5,7,1
492,3,1,1,4,0,1,14,6,4,5,1,0,3,0,2,1,2,2,0,2,5,0,2
396,6,1,1,2,0,4,11,12,6,5,1,0,0,3,2,8,1,2,2,1,7,10,1
1015,2,4,0,4,2,0,7,12,0,5,1,0,0,3,2,8,2,2,3,3,5,9,2
445,3,1,1,1,0,1,9,7,6,5,1,0,0,0,2,2,2,9,0,2,5,11,2
934,4,0,1,4,0,1,7,9,2,5,1,0,0,3,2,2,2,3,0,2,5,12,1
168,2,1,1,4,0,4,5,9,1,3,1,0,0,3,2,8,2,2,2,2,0,1,2
635,5,0,1,4,0,1,8,6,0,5,1,0,3,0,2,8,1,2,2,1,5,2,1
979,5,0,1,4,0,2,10,9,6,5,7,0,0,3,2,8,1,1,0,2,5,1,1
506,1,1,1,4,0,2,5,7,2,5,0,0,0,0,2,0,2,9,0,2,5,5,2
97,3,0,1,2,2,3,5,6,4,5,1,0,3,3,4,8,3,2,0,2,5,7,2
624,6,0,1,2,0,2,4,7,1,5,0,0,0,3,2,8,2,2,2,2,5,10,2
477,5,0,1,4,0,1,8,2,4,5,1,0,0,0,2,8,2,2,3,3,5,0,2
218,1,0,1,4,0,3,11,2,2,3,7,0,0,3,2,8,2,3,0,2,5,3,2
391,4,2,1,4,0,3,14,9,6,3,0,0,3,3,2,8,2,2,3,3,5,16,2
894,6,3,1,4,0,1,0,4,0,5,7,0,0,0,2,8,2,2,0,2,5,18,2
930,4,0,1,4,0,3,7,7,4,5,7,0,3,3,4,8,2,2,3,3,5,3,2
965,0,0,1,0,2,2,8,7,2,5,1,0,3,3,4,1,1,2,3,3,5,1,2
979,2,0,1,4,0,3,5,6,4,5,7,0,0,3,2,8,1,2,3,3,5,12,2
281,6,1,1,4,0,2,9,5,2,5,0,0,0,3,2,2,3,2,2,2,6,10,2
903,0,4,1,4,0,2,0,7,2,5,2,0,0,3,2,8,2,4,2,2,5,1,2
36,4,0,1,4,0,3,5,6,4,5,1,0,0,0,2,8,1,9,3,3,5,3,1
551,5,0,1,2,2,1,5,2,4,5,1,0,0,0,2,6,2,2,0,1,5,16,2
127,2,2,1,5,0,4,0,7,2,5,7,0,0,3,2,8,2,2,3,3,5,10,2
445,6,1,1,4,0,1,5,4,4,5,1,0,0,0,2,8,2,11,2,2,1,11,2
583,3,1,1,1,2,2,7,7,4,5,0,0,0,0,2,2,2,2,3,3,5,1,2
199,3,1,1,2,0,0,4,7,2,5,1,0,2,3,6,8,3,2,2,1,5,3,2
324,1,1,1,4,0,4,14,12,6,5,7,0,0,3,2,1,1,2,0,1,5,0,2
895,0,1,1,1,0,2,16,9,4,5,7,0,0,3,2,2,2,2,3,3,5,15,2
24,5,4,1,4,0,4,3,9,2,5,1,0,0,0,2,8,3,2,0,2,5,3,1
599,4,0,1,4,2,1,14,7,2,5,2,0,0,0,2,1,2,4,0,2,5,10,2
930,6,1,1,4,0,2,8,7,2,5,7,0,2,3,6,8,2,2,3,3,5,10,2
473,4,0,1,4,0,2,0,7,2,5,1,0,0,3,2,2,3,2,1,2,5,10,2
920,6,3,1,4,0,2,0,6,2,6,4,0,0,3,2,8,3,4,0,2,5,10,1
467,6,2,1,1,0,3,4,9,2,5,7,0,0,3,2,8,3,2,3,3,5,11,2
984,1,0,1,4,0,1,3,7,4,5,7,0,3,3,2,8,2,2,3,3,5,10,2
13,0,3,1,4,0,3,0,4,4,5,7,0,0,0,2,8,2,2,0,2,5,10,2
613,3,4,1,4,2,2,0,2,4,5,7,0,0,0,2,6,2,2,3,3,5,13,2
254,5,0,1,1,0,0,0,7,2,5,1,0,0,3,2,8,2,2,3,3,5,12,2
440,2,0,1,1,2,2,0,6,1,5,0,2,0,3,2,8,2,2,0,2,5,9,2
340,1,0,1,4,0,1,0,4,2,5,1,0,0,3,2,8,4,2,2,2,5,16,2
416,2,1,1,2,2,3,0,7,2,5,7,0,0,3,2,2,2,4,3,3,5,0,2
192,2,1,1,4,0,2,5,7,4,5,7,0,3,3,2,8,3,2,0,2,5,1,2
57,6,1,1,4,0,1,5,7,4,5,1,0,0,3,2,1,2,9,1,2,5,10,2
485,2,3,1,4,0,2,7,7,2,5,7,0,3,0,4,8,2,3,0,2,5,3,2
344,4,0,1,4,0,3,7,7,4,6,7,0,0,3,2,8,2,2,0,2,5,0,2
173,1,1,1,1,0,1,16,7,2,5,0,0,3,3,2,8,3,2,0,2,5,11,2
295,6,1,1,4,0,3,8,7,6,5,2,0,3,3,4,8,2,2,2,2,5,10,2
405,2,1,1,4,0,1,7,9,6,5,1,0,3,0,3,8,2,7,1,2,5,9,2
315,3,1,1,0,0,5,0,6,4,5,7,2,0,3,2,8,2,2,3,3,5,1,2
482,4,2,1,2,0,0,9,6,4,5,1,0,0,3,2,8,2,1,3,3,5,12,2
907,0,3,1,4,0,3,0,7,6,5,7,0,3,3,4,8,2,3,0,2,5,10,2
333,3,4,0,4,0,3,0,7,4,5,7,2,1,3,4,8,2,9,0,1,5,10,2
262,6,2,1,1,0,3,0,7,2,5,7,0,0,3,2,8,2,2,3,3,5,10,1
612,3,3,1,4,0,2,0,7,2,0,7,0,0,3,2,8,2,2,0,2,5,9,2
633,4,3,1,4,0,3,13,6,4,5,7,0,3,0,4,8,2,2,3,3,5,12,2
868,0,1,1,4,0,1,0,2,2,6,0,0,3,0,4,8,2,2,0,2,5,0,1
199,1,2,1,4,0,0,0,7,4,7,0,0,0,3,2,8,2,2,3,3,5,9,2
146,4,0,1,2,0,0,5,7,2,5,1,0,0,3,2,8,1,2,3,3,5,3,2
495,2,1,1,4,2,4,5,6,4,5,1,3,0,3,2,8,2,2,0,2,5,9,2
463,2,2,1,2,0,3,0,9,4,5,7,0,0,3,2,8,2,1,0,2,5,12,0
903,1,1,1,0,0,3,0,6,2,5,1,0,0,3,2,2,2,2,1,2,5,10,2
555,1,1,1,1,0,2,5,6,2,6,7,0,0,3,2,8,1,2,0,2,5,10,2
451,4,2,1,1,0,2,7,6,4,5,7,0,2,0,3,8,2,3,1,2,5,1,2
186,2,2,1,4,0,1,11,4,5,5,7,0,0,3,2,8,1,3,1,2,5,3,1
231,1,3,1,4,0,1,7,6,2,5,7,4,3,3,4,1,3,2,1,2,5,1,2
1016,2,1,1,4,0,2,0,12,6,5,7,0,0,3,2,1,2,2,3,3,5,5,2
643,0,2,1,4,0,0,5,9,6,5,7,0,0,3,2,8,2,2,0,2,5,10,1
624,6,0,1,0,0,3,8,4,4,5,7,0,3,3,2,8,4,9,2,2,5,0,1
394,5,4,1,4,0,1,9,6,4,5,7,0,0,3,2,8,2,2,0,1,5,3,2
182,0,4,0,1,0,0,3,9,2,5,0,0,0,3,2,8,1,3,0,2,5,10,2
348,0,4,0,4,0,1,5,6,4,5,7,0,0,3,2,8,2,2,0,2,5,13,2
969,1,3,1,4,0,1,9,7,2,5,1,0,3,3,2,8,3,2,0,2,5,0,2
428,4,1,1,2,2,2,5,2,6,5,7,0,0,3,2,6,2,2,1,2,5,3,2
415,1,4,1,4,0,3,0,10,4,1,7,0,3,0,8,8,2,4,2,0,5,15,2
706,2,3,1,6,0,4,7,7,6,5,7,0,3,0,2,6,2,2,3,3,5,1,2
502,4,1,1,1,0,1,9,9,0,5,0,0,0,0,2,2,2,4,0,2,5,0,2
453,0,0,1,4,0,1,10,6,4,5,0,0,0,3,2,8,1,2,3,3,5,12,2
90,6,2,1,4,0,3,0,7,0,5,7,4,3,3,4,8,2,2,3,3,5,5,2
318,1,1,1,4,0,2,8,9,2,5,7,0,0,0,2,8,1,2,2,2,5,10,2
274,2,0,1,4,2,0,0,6,6,5,7,0,0,3,2,6,2,2,3,3,5,1,2
168,1,2,1,4,0,1,10,6,2,5,7,0,3,3,4,8,1,8,2,2,1,1,2
112,3,0,1,4,0,2,11,2,4,5,7,0,0,3,2,2,3,2,0,2,5,13,2
992,1,2,1,4,0,3,14,6,2,5,7,0,0,3,2,8,2,2,2,2,5,10,2
649,4,1,1,4,0,3,10,6,2,5,1,0,3,0,4,8,1,9,1,1,5,3,1
871,2,1,1,0,0,0,7,7,0,5,7,0,3,0,2,8,2,3,3,3,5,13,2
163,0,3,1,4,0,4,5,7,1,5,1,0,0,3,2,8,2,2,0,2,5,16,2
204,1,0,1,4,0,3,7,7,2,5,0,0,0,3,2,2,2,3,1,2,5,10,2
695,0,3,1,4,0,0,9,6,4,5,0,0,0,0,2,8,2,2,3,3,5,1,2
453,3,3,1,4,0,2,15,2,6,5,0,0,0,3,2,4,4,2,2,1,5,3,2
803,1,0,2,4,0,1,0,6,2,5,1,0,3,0,5,2,2,3,0,2,5,1,2
987,5,2,1,4,0,0,10,6,2,5,1,0,0,3,2,8,2,2,3,3,5,12,1
816,2,0,1,1,0,2,5,6,4,5,0,0,0,0,2,8,2,2,0,2,5,10,2
921,0,1,0,4,0,0,7,7,4,5,2,0,0,3,2,8,2,2,3,3,5,0,2
617,2,4,0,4,0,2,0,7,2,6,7,0,0,0,2,6,1,3,2,2,5,13,2
672,5,1,1,4,0,3,14,9,1,5,1,0,0,2,2,8,2,2,1,2,5,13,2
644,3,0,1,4,0,3,5,6,0,6,7,0,0,0,2,8,3,1,3,3,5,10,2
48,4,2,1,4,0,2,9,7,4,5,7,0,0,3,2,8,2,2,3,3,5,3,1
201,0,0,1,4,0,3,7,6,2,6,1,0,3,3,2,2,2,3,0,2,5,9,2
955,4,2,1,1,0,2,8,7,0,5,1,0,0,3,2,8,2,2,3,3,5,10,1
231,1,3,1,4,0,1,8,7,2,5,7,0,3,3,4,8,3,2,1,2,5,1,2
375,1,1,1,1,0,1,0,9,6,5,1,0,0,3,2,8,2,2,0,2,5,11,1
930,4,0,1,4,0,3,0,2,6,5,0,0,0,3,2,8,2,2,3,3,5,9,2
425,2,0,1,4,0,0,5,6,0,5,1,0,3,3,4,8,2,2,2,2,1,15,2
466,6,0,1,1,1,3,7,7,6,5,1,0,0,3,2,8,2,7,0,1,5,12,2
54,0,0,1,4,0,2,0,1,4,5,0,0,0,3,2,8,3,3,0,2,5,5,2
344,4,0,1,4,0,2,15,7,2,5,1,0,0,0,2,8,3,2,3,3,5,0,2
930,0,0,1,6,0,2,0,2,6,5,7,0,0,3,2,8,2,2,1,2,5,1,2
746,2,3,1,2,0,0,0,7,3,5,0,0,0,0,2,2,3,0,3,3,5,10,1
974,5,1,1,4,0,4,0,10,4,1,0,0,0,3,2,0,1,2,3,3,5,12,2
425,0,2,1,4,0,0,10,7,2,5,7,0,0,0,2,8,2,3,2,2,6,10,2
357,1,1,1,4,2,2,5,7,4,5,5,0,3,1,2,8,2,2,3,3,5,1,2
544,6,0,1,4,2,3,15,7,4,5,0,0,0,3,2,8,3,2,1,2,5,10,2
274,1,4,1,4,0,3,5,6,4,5,0,0,0,3,2,8,2,4,2,1,0,1,2
1013,6,1,1,4,0,2,0,1,6,5,0,0,0,3,2,8,2,7,0,2,5,10,2
848,3,4,0,4,0,0,5,7,2,5,0,0,0,0,2,8,2,2,3,3,5,1,1
703,2,1,1,4,0,1,14,6,6,5,1,0,0,0,2,8,4,2,3,3,5,2,2
647,5,0,1,4,0,3,0,9,4,5,1,0,3,0,2,8,2,2,3,3,5,3,2
112,5,1,1,2,0,0,5,3,4,5,7,2,0,3,2,8,3,2,3,3,5,10,2
882,0,4,1,4,0,3,0,2,4,5,7,0,0,3,2,8,2,2,0,2,5,9,2
420,1,4,0,4,0,3,7,9,4,5,7,0,0,3,7,8,2,2,0,2,5,5,2
415,4,1,1,1,2,3,2,2,1,5,7,0,0,3,2,8,2,2,0,2,5,1,2
168,1,2,1,4,0,4,4,6,2,5,1,0,0,3,2,8,2,2,0,2,5,11,2
300,6,3,1,4,0,3,13,7,4,5,0,0,0,3,2,8,2,2,0,2,5,10,2
331,1,1,1,1,0,0,6,7,4,5,7,0,3,0,2,8,2,2,3,3,5,0,2
511,4,2,1,1,0,1,10,6,4,5,0,0,0,0,2,8,2,2,3,3,5,10,2
807,4,1,1,4,0,3,8,7,4,5,7,0,3,0,2,8,1,3,0,2,5,3,2
282,2,1,1,4,0,3,3,6,2,7,7,0,3,3,4,8,2,2,3,3,5,1,2
348,5,3,1,1,0,1,11,7,2,5,1,0,0,3,2,8,2,2,0,2,5,18,2
63,4,0,1,1,0,0,7,9,4,5,1,0,0,3,2,8,2,3,0,2,5,16,2
197,1,1,1,1,0,2,4,9,3,5,1,0,0,3,2,8,3,7,0,2,5,0,1
568,3,0,1,4,0,3,8,6,4,5,1,0,0,2,6,2,2,7,3,3,5,10,2
875,1,3,1,1,0,4,0,7,6,5,7,0,0,3,2,1,2,7,2,2,1,3,2
395,3,0,1,4,0,1,8,9,6,5,0,0,3,3,4,8,2,3,3,3,5,1,2
716,5,0,1,4,0,0,14,7,1,3,7,0,0,0,2,8,2,2,3,3,5,4,2
34,3,0,1,4,0,2,0,6,4,5,1,0,0,0,2,8,1,2,0,2,5,3,2
163,2,1,1,2,0,0,3,7,2,5,1,3,0,3,2,8,2,2,0,2,5,4,2
546,2,4,1,4,0,4,5,7,4,5,1,0,0,3,2,8,2,2,3,3,5,3,2
921,0,0,1,4,0,4,7,6,2,5,7,0,0,3,2,8,2,2,0,2,5,1,2
160,2,1,1,2,0,0,5,9,2,5,7,0,0,3,2,8,2,1,0,2,5,3,2
997,1,1,1,1,2,2,14,12,4,5,1,0,0,3,2,8,1,1,3,3,5,10,2
563,2,1,1,2,0,1,8,7,4,5,7,0,0,0,2,2,2,2,0,2,5,9,2
501,0,0,1,2,0,1,5,9,2,5,7,0,0,0,2,8,2,4,0,2,5,7,2
292,1,0,1,4,0,5,0,9,2,5,7,0,0,3,2,8,2,2,3,3,5,1,2
934,4,2,1,4,2,1,0,6,2,5,1,0,0,3,2,2,2,2,2,0,1,0,1
327,0,4,1,4,0,2,5,7,6,5,3,0,0,3,2,8,2,4,3,3,5,5,2
920,4,1,1,1,0,0,0,6,6,5,7,0,0,3,2,8,2,2,0,2,5,1,1
847,0,1,1,4,0,2,7,7,4,5,0,0,3,0,4,8,2,3,0,2,5,10,2
127,2,2,1,4,0,0,0,6,4,5,7,0,0,3,2,2,2,2,2,1,5,0,2
448,5,1,1,4,0,1,0,9,2,5,2,0,3,0,2,8,2,2,3,3,5,1,2
494,5,1,1,4,0,3,9,7,2,5,1,0,0,0,2,8,3,4,3,3,5,9,2
572,3,1,1,4,0,4,0,7,1,5,7,0,0,0,2,8,2,2,2,2,6,1,2
528,6,1,1,1,0,2,13,6,1,5,7,0,3,0,0,8,1,2,3,3,5,12,2
375,5,1,1,4,0,1,0,7,4,5,7,0,0,3,2,0,3,2,3,3,5,3,2
16,3,0,1,4,2,4,0,7,2,5,7,0,0,0,2,8,2,1,0,2,5,12,2
615,4,0,1,4,0,4,0,6,2,5,0,0,0,0,2,8,2,2,0,2,5,0,2
415,4,0,1,4,0,0,14,7,4,5,1,0,0,3,2,8,2,2,0,1,5,13,0
360,6,1,1,4,0,1,8,4,2,5,0,0,3,0,0,2,2,2,0,2,5,9,2
921,2,0,1,4,0,1,7,7,2,5,0,0,0,3,2,2,2,2,0,2,5,2,2
893,2,1,1,1,0,2,5,6,2,6,7,0,3,0,8,6,1,2,0,1,5,3,2
446,1,1,1,4,0,1,10,6,2,5,7,0,0,3,2,8,4,4,0,2,5,1,2
183,6,1,1,2,2,1,0,9,4,5,0,0,0,3,2,8,3,2,0,2,5,1,2
720,2,0,1,2,0,0,6,12,4,5,1,0,0,0,2,2,2,2,0,2,5,9,2
367,1,0,2,4,0,4,14,6,0,6,7,0,3,0,2,8,2,2,2,2,5,10,2
1009,3,1,1,4,0,1,3,6,1,5,1,0,0,3,2,8,2,7,0,2,5,13,2
555,1,3,1,4,0,1,4,7,2,5,1,0,0,3,2,8,1,2,0,2,5,17,1
845,0,0,1,4,0,2,7,6,1,3,7,0,0,3,2,2,2,2,3,3,5,10,2
516,1,4,0,4,0,1,4,7,4,5,7,0,3,3,4,8,2,2,0,2,5,0,2
342,0,0,1,4,0,1,8,2,4,5,7,0,0,3,2,8,3,9,3,3,5,9,2
901,4,2,1,4,0,2,0,9,2,5,7,4,3,0,2,2,2,9,0,2,5,1,1
698,1,0,1,4,0,2,0,6,6,7,1,0,0,0,2,8,1,2,2,1,5,1,2
613,6,1,1,2,0,3,11,7,2,7,1,0,0,3,2,8,2,7,0,2,5,9,2
935,5,0,1,4,0,2,14,6,4,5,7,0,0,3,2,8,4,2,3,3,5,9,2
624,6,0,1,4,0,1,5,7,2,5,1,0,3,3,2,2,4,2,3,3,5,0,1
505,3,4,1,4,0,3,8,2,4,5,7,0,0,0,2,8,2,2,3,3,5,1,2
268,1,2,1,4,0,1,0,9,6,5,0,0,0,3,2,8,1,2,0,2,5,9,2
992,4,1,1,1,0,3,0,5,6,3,1,0,0,3,2,8,2,2,3,3,5,1,2
662,0,4,0,4,0,4,0,6,2,6,7,0,3,3,4,8,2,2,3,3,5,0,2
143,0,2,1,4,0,2,8,9,4,5,1,0,0,0,2,8,2,4,3,3,5,13,2
327,1,1,1,1,0,0,7,2,4,5,7,0,0,3,2,8,1,3,2,2,1,9,2
523,3,1,1,4,0,1,5,9,0,5,7,0,0,0,2,8,2,2,0,2,5,11,1
453,4,1,0,4,0,3,4,2,4,5,1,0,0,3,2,8,3,5,3,3,5,12,2
553,2,4,0,6,2,2,5,2,2,5,1,0,0,0,7,8,1,4,2,1,2,7,2
519,1,0,1,4,0,2,6,6,2,6,1,0,3,3,4,8,2,0,0,2,5,10,2
427,5,2,1,1,0,1,5,7,2,5,3,0,0,3,2,8,2,2,1,2,5,9,2
440,4,3,1,4,0,2,0,7,2,5,1,0,0,0,2,8,2,2,3,3,5,3,2
168,1,1,1,1,0,0,5,6,0,5,3,0,0,3,2,8,2,2,3,3,5,0,2
463,2,3,1,2,0,1,3,9,2,1,1,0,0,3,2,1,2,2,1,2,5,17,1
1026,5,0,1,1,0,1,7,7,2,5,0,0,0,3,2,8,3,2,3,3,5,10,2
611,1,4,1,4,2,4,7,7,2,5,0,0,0,0,2,2,2,4,0,2,5,10,2
143,3,0,1,2,0,4,0,7,2,5,1,0,0,3,2,1,2,9,0,2,5,19,2
964,4,1,1,4,0,0,5,7,2,5,7,0,0,3,2,8,2,2,1,2,5,17,1
624,3,2,1,4,0,0,4,2,6,5,1,0,0,0,2,8,2,2,2,2,5,10,2
312,3,1,1,4,0,3,5,7,2,5,1,2,0,3,2,8,2,2,0,2,5,9,0
209,4,0,1,4,2,2,14,6,2,5,7,0,0,3,2,8,2,2,0,2,5,1,2
334,1,2,1,4,2,4,14,9,6,5,1,0,0,3,2,8,2,7,2,2,6,5,1
902,1,1,1,4,0,1,14,7,4,5,1,0,0,3,3,2,2,2,0,2,5,4,2
426,4,1,1,1,0,2,0,9,2,5,7,0,0,3,2,8,2,2,3,3,5,5,1
544,3,0,1,4,0,0,0,9,2,5,0,0,0,2,2,2,2,2,2,2,5,1,2
607,2,4,1,4,0,1,0,2,2,5,1,0,0,3,2,8,3,10,0,2,5,10,1
932,0,2,1,4,0,2,5,2,4,5,7,0,0,3,2,6,1,2,0,2,5,1,2
97,3,1,1,4,0,3,0,2,4,5,0,0,0,3,2,2,2,2,0,2,5,1,2
204,0,4,1,0,0,5,4,7,4,5,5,0,0,0,2,8,3,2,0,2,5,10,2
405,5,0,1,4,0,1,0,7,4,5,1,0,3,0,2,2,1,2,0,2,5,3,1
682,2,4,0,0,0,5,0,2,2,3,0,0,0,0,2,8,4,2,0,2,5,3,2
807,4,1,1,4,0,2,11,7,4,5,7,0,3,0,2,8,1,2,2,2,1,3,2
795,0,4,0,0,0,2,5,6,2,6,1,0,0,2,2,8,1,2,2,2,1,3,2
633,5,1,1,4,0,4,4,6,4,6,7,0,3,0,2,8,1,4,3,3,5,17,2
178,2,0,1,2,0,0,0,2,6,5,1,0,0,3,2,8,2,2,0,2,5,3,2
112,5,3,1,4,0,0,12,6,4,5,0,0,3,3,2,8,4,2,0,1,5,16,1
247,4,2,1,2,0,0,6,5,4,5,7,0,0,3,2,8,1,2,2,2,2,3,2
393,6,1,1,4,0,2,15,7,1,5,1,0,0,3,2,8,2,2,0,2,5,11,2
882,4,1,1,4,0,3,4,9,4,5,7,0,3,0,8,1,2,3,1,2,5,0,2
197,0,4,1,4,0,2,5,6,2,5,1,0,0,3,7,8,2,3,3,3,5,9,2
492,2,1,1,4,0,1,5,9,4,5,0,0,0,3,2,8,2,2,0,2,5,10,2
426,4,1,1,4,0,1,8,4,2,5,1,0,3,3,4,8,2,2,3,3,5,19,2
453,0,1,1,4,0,3,5,7,2,5,1,0,0,3,2,8,2,4,2,2,0,3,2
408,0,1,1,1,0,2,7,6,0,5,1,0,0,2,2,8,1,2,0,2,5,1,0
463,0,1,1,4,0,1,14,6,6,5,0,0,3,3,3,8,2,2,0,2,5,9,2
848,3,0,1,4,0,1,5,9,4,5,0,4,0,0,2,8,2,7,2,2,5,3,1
876,6,1,1,1,0,1,6,6,4,5,1,0,0,3,2,1,2,2,0,2,5,10,0
404,4,2,1,4,0,2,10,7,4,5,0,0,0,3,2,2,2,2,1,2,5,0,2
897,4,2,1,4,0,4,0,6,4,7,1,0,3,3,2,8,2,2,3,3,5,10,2
181,3,1,1,2,2,1,0,12,4,5,7,4,0,0,2,8,2,5,0,2,5,3,2
487,4,0,1,4,0,3,10,7,0,5,1,0,0,0,2,8,2,2,2,2,0,13,2
921,6,1,1,4,0,4,4,3,4,7,1,0,0,3,2,8,2,2,0,2,5,12,2
470,5,1,1,1,0,3,7,7,2,5,1,0,0,3,2,8,1,2,3,3,5,3,1
317,3,2,1,4,0,1,0,7,4,5,7,0,3,3,2,0,1,2,1,2,5,13,2
483,5,0,1,1,1,2,0,7,2,5,1,0,0,0,2,8,2,2,3,3,5,1,1
911,4,0,2,4,0,3,5,7,4,5,0,0,3,3,2,2,2,2,2,2,5,9,2
331,1,0,1,4,2,2,0,2,2,5,7,0,0,3,2,8,4,2,1,2,5,10,2
54,3,1,1,2,0,1,5,7,0,5,7,0,0,3,2,8,2,2,3,3,5,4,2
139,5,4,0,4,0,3,5,9,4,5,7,2,0,3,2,8,2,2,2,2,1,1,2
428,6,1,1,4,0,3,8,7,1,3,1,0,3,3,4,8,2,2,0,2,5,3,2
940,1,1,1,1,0,2,8,12,2,5,0,0,0,3,2,2,2,2,3,3,5,10,2
492,6,4,1,0,0,4,0,7,2,5,0,0,0,3,2,8,2,4,0,2,5,0,2
345,1,4,0,4,0,1,0,9,2,5,2,0,0,3,2,8,2,2,0,2,5,12,1
428,5,1,1,4,0,1,8,9,4,5,5,0,0,3,2,2,2,3,3,3,5,11,2
220,1,3,1,2,2,2,5,7,1,5,0,0,0,3,2,8,2,2,1,2,5,3,2
963,6,3,1,4,0,1,8,7,1,5,7,0,0,3,2,8,2,2,2,2,1,3,1
322,6,2,1,4,0,0,4,1,6,5,0,0,0,3,2,8,1,7,1,2,5,12,2
320,5,4,1,4,0,1,7,7,2,5,0,0,0,3,2,2,1,2,0,2,5,3,2
103,1,2,0,4,0,3,3,7,2,5,1,0,0,3,2,2,2,7,3,3,5,4,1
292,2,2,1,1,0,2,14,6,2,5,0,0,0,3,2,8,4,4,3,3,5,5,2
478,6,0,1,2,2,3,5,7,0,5,0,0,0,0,2,8,2,2,1,2,5,12,1
1019,1,4,0,4,0,0,8,9,2,5,5,0,0,3,2,8,2,5,2,2,5,17,2
478,5,4,1,4,0,0,14,12,2,5,7,0,0,0,2,8,2,2,3,3,5,1,2
405,4,3,1,3,0,6,8,9,4,5,7,0,0,0,2,8,2,2,0,2,5,11,1
40,4,0,1,4,0,3,7,6,2,5,7,0,0,3,2,8,2,0,1,2,5,12,2
71,1,4,1,4,0,1,6,9,2,5,1,0,0,3,2,8,1,2,3,3,5,12,2
425,5,4,1,4,0,0,5,6,2,6,0,3,0,0,2,8,1,2,0,2,5,12,2
13,4,1,1,4,0,1,9,6,2,5,0,0,0,0,2,8,2,2,0,2,5,0,2
127,3,0,1,4,0,0,5,9,6,3,1,0,0,3,2,8,2,2,2,2,5,10,2
351,5,1,1,4,0,1,5,2,5,7,1,0,0,3,2,8,2,2,3,3,5,9,2
63,0,4,1,4,0,3,5,7,2,5,1,0,0,3,2,8,1,4,1,2,5,9,2
445,4,0,1,4,0,1,16,9,2,5,7,0,0,3,2,8,2,2,0,2,5,1,2
104,6,0,1,4,2,2,8,1,4,5,1,0,3,3,2,1,2,2,2,2,6,10,2
472,4,4,1,1,0,2,9,3,2,5,7,0,0,3,2,1,2,3,0,2,5,4,2
751,0,0,1,4,0,2,6,6,4,5,7,0,0,3,2,2,1,4,0,2,5,10,2
470,2,0,1,4,0,1,0,9,6,5,7,0,0,2,2,8,2,2,3,3,5,3,0
930,4,0,1,1,0,3,14,7,2,5,1,0,0,3,2,2,2,2,3,3,5,1,2
446,1,1,1,4,0,4,5,7,4,5,7,0,0,3,2,8,4,3,1,2,5,2,2
952,4,0,1,4,0,3,5,6,0,5,0,0,0,3,2,8,2,1,1,2,5,16,2
898,6,0,1,2,0,2,14,7,2,0,7,0,0,3,2,8,2,2,3,3,5,10,1
264,2,4,1,6,0,1,0,4,2,5,1,0,0,3,2,8,2,9,3,3,5,11,2
225,5,1,1,4,0,2,7,7,2,5,1,3,0,3,2,8,2,4,1,2,5,1,2
8,3,4,0,4,0,3,9,6,2,7,0,0,0,0,2,8,2,2,0,2,5,14,2
230,5,4,0,2,0,3,9,6,0,5,0,0,0,3,2,8,4,4,0,2,5,5,2